"device","algorithm","execution_backend","N","num_chunks","n_threads","n_chains","threads_per_chain","n_iter","dataset_md5","timing_scope","timing_estimator","benchmark_role","timing_method","stan_chunk_size","n_repeats","time_mean","time_median","time_sd","time_short_run_mean","time_long_run_mean","fixed_cost_mean","seconds_per_iteration_mean","time_short_run_median","time_long_run_median","fixed_cost_median","seconds_per_iteration_median","n_repeats_two_run_flagged","time_mean_not_positive","time_median_not_positive","chain_rate","total_iter_per_sec","max_divergences","case_ids","configuration_id"
"Laptop","MD_BayesMVP","BayesMVP_NicoStan",2500,10,16,16,1,80,"7184208393ceb4c8ae3e26f0d1660bdb","state_allocation_thread_setup_sampling_divergence_check","iteration_difference","main_scaling","two_run_difference",NA,4,2.77974683544302,2.78227848101266,0.0491182737644837,0.0527499999999996,2.79774999999999,0.0180031645569618,0.0347468354430378,0.0494999999999948,2.806,0.0144810126582229,0.0347784810126583,0,FALSE,FALSE,5.75591985428054,460.473588342443,0,"1941;1946;1951;1956",489
"Laptop","AD_Stan_tape_chunked","NicoStan_BridgeStan",2500,50,16,16,1,40,"7184208393ceb4c8ae3e26f0d1660bdb","NicoStan_BridgeStan_state_allocation_thread_setup_sampling_model_load_divergence_check","iteration_difference","main_scaling","two_run_difference",50,4,2.807692307693,2.80717948717782,0.0494758855213217,0.15325000000017,2.89075000000084,0.0830576923078455,0.0701923076923249,0.153500000000349,2.89300000000122,0.0825897435900585,0.0701794871794455,0,FALSE,FALSE,5.6986301369849,227.945205479396,0,"741;742;743;744",186
"Laptop","AD_Stan_tape_chunked","NicoStan_BridgeStan",500,10,16,16,1,200,"257aba3ac8b8727679d269bf8597bb85","NicoStan_BridgeStan_state_allocation_thread_setup_sampling_model_load_divergence_check","iteration_difference","main_scaling","two_run_difference",50,4,2.9444723618072,2.94472361809051,0.0337881316088841,0.0352499999981077,2.96499999999627,0.0205276381890717,0.014722361809036,0.0354999999963894,2.96599999999645,0.0206407035139771,0.0147236180904525,0,FALSE,FALSE,5.43391074324088,1086.78214864818,0,"657;658;659;660",165
"Laptop","MD_BayesMVP","BayesMVP_NicoStan",2500,4,8,8,1,80,"7184208393ceb4c8ae3e26f0d1660bdb","state_allocation_thread_setup_sampling_divergence_check","iteration_difference","main_scaling","two_run_difference",NA,4,1.64556962025316,1.61012658227847,0.08133270116373,0.0425000000000004,1.6675,0.0219303797468359,0.0205696202531645,0.0380000000000038,1.6375,0.0179746835443076,0.0201265822784809,0,FALSE,FALSE,4.86153846153847,388.923076923078,0,"1920;1925;1930;1935",483
"Laptop","AD_Stan_tape_chunked","NicoStan_BridgeStan",2500,25,8,8,1,40,"7184208393ceb4c8ae3e26f0d1660bdb","NicoStan_BridgeStan_state_allocation_thread_setup_sampling_model_load_divergence_check","iteration_difference","main_scaling","two_run_difference",100,4,1.70025641025588,1.70717948717841,0.0283662839674768,0.100500000001539,1.75825000000102,0.0579935897451416,0.042506410256397,0.101500000001394,1.76000000000204,0.0595384615398317,0.0426794871794603,0,FALSE,FALSE,4.70517267380633,188.206906952253,0,"717;718;719;720",180
"Laptop","AD_Stan_tape_chunked","NicoStan_BridgeStan",500,4,8,8,1,200,"257aba3ac8b8727679d269bf8597bb85","NicoStan_BridgeStan_state_allocation_thread_setup_sampling_model_load_divergence_check","iteration_difference","main_scaling","two_run_difference",125,4,1.86005025125628,1.86482412059915,0.0297276284340499,0.0247499999988063,1.87549999999881,0.0154497487425249,0.00930025125628141,0.0239999999976135,1.88099999999668,0.0147236180875224,0.00932412060299577,0,FALSE,FALSE,4.30095907064703,860.191814129407,0,"633;634;635;636",159
"Laptop","MD_BayesMVP","BayesMVP_NicoStan",500,1,16,16,1,400,"257aba3ac8b8727679d269bf8597bb85","state_allocation_thread_setup_sampling_divergence_check","iteration_difference","main_scaling","two_run_difference",NA,4,3.77017543859649,3.75689223057644,0.0835009087654002,0.0172500000000015,3.778,0.00782456140351031,0.00942543859649123,0.0160000000000071,3.767,0.00673809523810238,0.0093922305764411,0,FALSE,FALSE,4.24383434155421,1697.53373662168,0,"1797;1802;1807;1812",453
"Laptop","MD_BayesMVP","BayesMVP_NicoStan",500,1,8,8,1,400,"257aba3ac8b8727679d269bf8597bb85","state_allocation_thread_setup_sampling_divergence_check","iteration_difference","main_scaling","two_run_difference",NA,4,2.23182957393484,2.2606516290727,0.142352065558685,0.0104999999999977,2.23675000000001,0.00492042606516062,0.00557957393483711,0.0109999999999957,2.26600000000001,0.00513408521302821,0.00565162907268175,0,FALSE,FALSE,3.58450308815271,1433.80123526108,0,"1796;1801;1806;1811",452
"Laptop","AD_Stan","NicoStan_BridgeStan",500,1,8,8,1,200,"257aba3ac8b8727679d269bf8597bb85","NicoStan_BridgeStan_state_allocation_thread_setup_sampling_model_load_divergence_check","iteration_difference","main_scaling","two_run_difference",NA,4,2.47261306532046,2.4587939698465,0.086094056470001,0.0267500000034055,2.48699999999726,0.0143869346768032,0.0123630653266023,0.0250000000043658,2.47099999999971,0.0125150753812981,0.0122939698492325,0,FALSE,FALSE,3.23544355249258,647.088710498516,0,"13;14;15;16",4
"Laptop","AD_Stan_tape_chunked","NicoStan_BridgeStan",10000,250,16,16,1,20,"b352a26c8e9b174599c6b645056fb577","NicoStan_BridgeStan_state_allocation_thread_setup_sampling_model_load_divergence_check","iteration_difference","main_scaling","two_run_difference",40,4,5.37947368421051,5.38894736842104,0.0819634402655703,0.547000000000011,5.6575,0.278026315789486,0.268973684210526,0.547000000000011,5.66550000000001,0.276552631578969,0.269447368421052,0,FALSE,FALSE,2.97426866255749,59.4853732511497,0,"909;910;911;912",228
"Laptop","AD_Stan","NicoStan_BridgeStan",500,1,16,16,1,200,"257aba3ac8b8727679d269bf8597bb85","NicoStan_BridgeStan_state_allocation_thread_setup_sampling_model_load_divergence_check","iteration_difference","main_scaling","two_run_difference",NA,4,5.49195979899901,5.51407035176277,0.147740972413821,0.0459999999972061,5.51050000000122,0.018540201002211,0.0274597989949951,0.0439999999944121,5.53500000000116,0.0171507537632159,0.0275703517588139,0,FALSE,FALSE,2.91334980327355,582.66996065471,0,"17;18;19;20",5
"Laptop","AD_Stan","NicoStan_BridgeStan",2500,1,8,8,1,40,"7184208393ceb4c8ae3e26f0d1660bdb","NicoStan_BridgeStan_state_allocation_thread_setup_sampling_model_load_divergence_check","iteration_difference","main_scaling","two_run_difference",NA,4,2.80692307692496,2.78820512820913,0.0738194396108165,0.127999999996913,2.86474999999875,0.0578269230737888,0.070173076923124,0.12149999999383,2.84,0.050525641019377,0.0697051282052283,0,FALSE,FALSE,2.85009591668759,114.003836667504,0,"33;34;35;36",9
"Laptop","AD_Stan","NicoStan_BridgeStan",500,1,4,4,1,200,"257aba3ac8b8727679d269bf8597bb85","NicoStan_BridgeStan_state_allocation_thread_setup_sampling_model_load_divergence_check","iteration_difference","main_scaling","two_run_difference",NA,4,1.41281407035275,1.40854271356837,0.0135678391971684,0.0200000000018332,1.42575000000282,0.0129359296500695,0.00706407035176377,0.0200000000001159,1.422,0.0129145728644302,0.00704271356784183,0,FALSE,FALSE,2.83122888137805,566.245776275611,0,"9;10;11;12",3
"Laptop","AD_Stan_chunked","NicoStan_BridgeStan",500,2,8,8,1,200,"257aba3ac8b8727679d269bf8597bb85","NicoStan_BridgeStan_state_allocation_thread_setup_sampling_model_load_divergence_check","iteration_difference","main_scaling","two_run_difference",250,4,2.91432160803827,2.88391959798416,0.0680522740945034,0.0302500000028534,2.93000000000093,0.015678391962662,0.0145716080401913,0.0285000000028539,2.90149999999709,0.0141005025154457,0.0144195979899208,0,FALSE,FALSE,2.74506422967679,549.012845935358,0,"93;94;95;96",24
"Laptop","MD_BayesMVP","BayesMVP_NicoStan",2500,4,4,4,1,80,"7184208393ceb4c8ae3e26f0d1660bdb","state_allocation_thread_setup_sampling_divergence_check","iteration_difference","main_scaling","two_run_difference",NA,4,1.46253164556961,1.46987341772149,0.0312819617035823,0.0269999999999975,1.47124999999998,0.00871835443037739,0.0182816455696201,0.0264999999999986,1.47649999999997,0.00795569620253042,0.0183734177215186,0,FALSE,FALSE,2.73498355547865,218.798684438292,0,"1919;1924;1929;1934",482
"Laptop","AD_Stan","NicoStan_BridgeStan",2500,1,16,16,1,40,"7184208393ceb4c8ae3e26f0d1660bdb","NicoStan_BridgeStan_state_allocation_thread_setup_sampling_model_load_divergence_check","iteration_difference","main_scaling","two_run_difference",NA,4,5.89948717948783,5.85846153846154,0.101370836334182,0.231499999997148,5.98349999999779,0.0840128205099518,0.147487179487196,0.221999999994296,5.953,0.0734871794814423,0.146461538461538,0,FALSE,FALSE,2.71210013908176,108.48400556327,0,"37;38;39;40",10
"Laptop","AD_Stan","NicoStan_BridgeStan",2500,1,4,4,1,40,"7184208393ceb4c8ae3e26f0d1660bdb","NicoStan_BridgeStan_state_allocation_thread_setup_sampling_model_load_divergence_check","iteration_difference","main_scaling","two_run_difference",NA,4,1.48666666666974,1.48974358974998,0.0135161691642213,0.0857499999979918,1.53525000000099,0.0485833333312483,0.0371666666667436,0.0784999999959837,1.53650000000198,0.0411153846112146,0.0372435897437494,0,FALSE,FALSE,2.69058295963569,107.623318385428,0,"29;30;31;32",8
"Laptop","AD_Stan_chunked","NicoStan_BridgeStan",2500,4,8,8,1,40,"7184208393ceb4c8ae3e26f0d1660bdb","NicoStan_BridgeStan_state_allocation_thread_setup_sampling_model_load_divergence_check","iteration_difference","main_scaling","two_run_difference",625,4,2.9853846153819,2.98615384614841,0.0052548465472699,0.149000000002445,3.0597499999998,0.0743653846178977,0.0746346153845474,0.149000000000001,3.06049999999959,0.0743846153846164,0.0746538461537103,0,FALSE,FALSE,2.67972172120831,107.188868848333,0,"153;154;155;156",39
"Laptop","AD_Stan_chunked","NicoStan_BridgeStan",500,4,16,16,1,200,"257aba3ac8b8727679d269bf8597bb85","NicoStan_BridgeStan_state_allocation_thread_setup_sampling_model_load_divergence_check","iteration_difference","main_scaling","two_run_difference",125,4,6.07562814070671,6.07185929648803,0.0929032346112488,0.0587500000016572,6.10400000000483,0.0283718592981237,0.0303781407035335,0.0530000000037809,6.10600000000512,0.022603015079154,0.0303592964824401,0,FALSE,FALSE,2.63347256110031,526.694512220062,0,"117;118;119;120",30
"Laptop","AD_Stan_chunked","NicoStan_BridgeStan",2500,4,16,16,1,40,"7184208393ceb4c8ae3e26f0d1660bdb","NicoStan_BridgeStan_state_allocation_thread_setup_sampling_model_load_divergence_check","iteration_difference","main_scaling","two_run_difference",625,4,6.18230769230593,6.19333333333064,0.088003645850988,0.241000000003115,6.2687500000014,0.0864423076954672,0.154557692307648,0.233500000001399,6.28700000000221,0.0795897435946441,0.154833333333266,0,FALSE,FALSE,2.58803035958765,103.521214383506,0,"157;158;159;160",40
"Laptop","AD_Stan_tape_chunked","NicoStan_BridgeStan",2500,10,4,4,1,40,"7184208393ceb4c8ae3e26f0d1660bdb","NicoStan_BridgeStan_state_allocation_thread_setup_sampling_model_load_divergence_check","iteration_difference","main_scaling","two_run_difference",250,4,1.57000000000206,1.58410256409928,0.0344710507858983,0.0829999999981972,1.6137500000002,0.0437499999981458,0.0392500000000514,0.0804999999963911,1.62700000000041,0.040846153842442,0.0396025641024821,0,FALSE,FALSE,2.54777070063361,101.910828025344,0,"693;694;695;696",174
"Laptop","AD_Stan_tape_chunked","NicoStan_BridgeStan",500,4,4,4,1,200,"257aba3ac8b8727679d269bf8597bb85","NicoStan_BridgeStan_state_allocation_thread_setup_sampling_model_load_divergence_check","iteration_difference","main_scaling","two_run_difference",125,4,1.57738693467114,1.58442211054832,0.0414260579804064,0.0187500000025906,1.58825000000038,0.0108630653292349,0.00788693467335572,0.017500000003551,1.59300000000076,0.00973618090809819,0.00792211055274159,0,FALSE,FALSE,2.53583943931546,507.167887863091,0,"629;630;631;632",158
"Laptop","AD_Stan_tape_chunked","NicoStan_BridgeStan",10000,100,8,8,1,20,"b352a26c8e9b174599c6b645056fb577","NicoStan_BridgeStan_state_allocation_thread_setup_sampling_model_load_divergence_check","iteration_difference","main_scaling","two_run_difference",100,4,3.32000000000042,3.33526315789584,0.0500931726531448,0.338500000000025,3.49250000000042,0.172500000000004,0.166000000000021,0.339500000000044,3.51950000000062,0.172000000000002,0.166763157894792,0,FALSE,FALSE,2.40963855421657,48.1927710843313,0,"885;886;887;888",222
"Laptop","AD_Stan_chunked","NicoStan_BridgeStan",2500,4,4,4,1,40,"7184208393ceb4c8ae3e26f0d1660bdb","NicoStan_BridgeStan_state_allocation_thread_setup_sampling_model_load_divergence_check","iteration_difference","main_scaling","two_run_difference",625,4,1.74564102564578,1.73948717949315,0.0344061418844406,0.106499999999418,1.80850000000405,0.0628589743582735,0.0436410256411444,0.102499999997555,1.81500000000338,0.0593205128179184,0.0434871794873288,0,FALSE,FALSE,2.29142185663301,91.6568742653205,0,"149;150;151;152",38
"Laptop","AD_Stan_chunked","NicoStan_BridgeStan",500,2,4,4,1,200,"257aba3ac8b8727679d269bf8597bb85","NicoStan_BridgeStan_state_allocation_thread_setup_sampling_model_load_divergence_check","iteration_difference","main_scaling","two_run_difference",250,4,1.84447236180843,1.84271356783604,0.0396900103313621,0.0244999999997675,1.85974999999916,0.0152776381907253,0.00922236180904215,0.0244999999995343,1.8579999999993,0.0152688442181859,0.00921356783918018,0,FALSE,FALSE,2.16864187440475,433.728374880951,0,"89;90;91;92",23
"Laptop","MD_BayesMVP","BayesMVP_NicoStan",500,1,4,4,1,400,"257aba3ac8b8727679d269bf8597bb85","state_allocation_thread_setup_sampling_divergence_check","iteration_difference","main_scaling","two_run_difference",NA,4,2.06190476190478,2.08220551378447,0.0924242454666479,0.0089999999999919,2.06575000000001,0.00384523809522996,0.00515476190476194,0.00949999999999562,2.0855,0.00439598997493292,0.00520551378446118,0,FALSE,FALSE,1.93995381062354,775.981524249417,0,"1795;1800;1805;1810",451
"Laptop","AD_Stan","NicoStan_BridgeStan",2500,1,2,2,1,40,"7184208393ceb4c8ae3e26f0d1660bdb","NicoStan_BridgeStan_state_allocation_thread_setup_sampling_model_load_divergence_check","iteration_difference","main_scaling","two_run_difference",NA,4,1.24051282051223,1.23897435897412,0.010740702954631,0.0800000000002612,1.28949999999968,0.0489871794874556,0.0310128205128056,0.0740000000005239,1.29149999999936,0.042782051282605,0.0309743589743531,0,FALSE,FALSE,1.61223646134844,64.4894584539375,0,"25;26;27;28",7
"Laptop","AD_Stan","NicoStan_BridgeStan",500,1,2,2,1,200,"257aba3ac8b8727679d269bf8597bb85","NicoStan_BridgeStan_state_allocation_thread_setup_sampling_model_load_divergence_check","iteration_difference","main_scaling","two_run_difference",NA,4,1.27185929648314,1.27587939698159,0.0151422303269973,0.0165000000006694,1.2820000000014,0.0101407035182537,0.00635929648241572,0.0155000000013388,1.28700000000175,0.0091608040163509,0.00637939698490795,0,FALSE,FALSE,1.57250098775097,314.500197550195,0,"5;6;7;8",2
"Laptop","MD_BayesMVP","BayesMVP_NicoStan",10000,50,16,16,1,80,"b352a26c8e9b174599c6b645056fb577","state_allocation_thread_setup_sampling_divergence_check","iteration_difference","main_scaling","two_run_difference",NA,4,10.3458227848101,10.3645569620253,0.121646908759454,0.19850000000001,10.415,0.0691772151898835,0.129322784810126,0.196499999999986,10.443,0.0661708860759352,0.129556962025316,0,FALSE,FALSE,1.54651788773063,123.721431018451,0,"2065;2070;2075;2080",520
"Laptop","MD_BayesMVP","BayesMVP_NicoStan",10000,50,8,8,1,80,"b352a26c8e9b174599c6b645056fb577","state_allocation_thread_setup_sampling_divergence_check","iteration_difference","main_scaling","two_run_difference",NA,4,5.71139240506333,5.70835443037978,0.0860183475669554,0.133999999999972,5.77400000000002,0.0626075949366802,0.0713924050632917,0.134499999999974,5.7705,0.0630696202531381,0.0713544303797472,0,FALSE,FALSE,1.40070921985815,112.056737588652,0,"2064;2069;2074;2079",519
"Laptop","MD_BayesMVP","BayesMVP_NicoStan",2500,4,2,2,1,80,"7184208393ceb4c8ae3e26f0d1660bdb","state_allocation_thread_setup_sampling_divergence_check","iteration_difference","main_scaling","two_run_difference",NA,4,1.43240506329113,1.43443037974685,0.0152123602892443,0.0237500000000068,1.43825,0.00584493670886767,0.0179050632911392,0.0205000000000126,1.4385,0.0025569620253292,0.0179303797468356,0,FALSE,FALSE,1.39625309296572,111.700247437258,0,"1918;1923;1928;1933",481
"Laptop","AD_Stan_chunked","NicoStan_BridgeStan",10000,25,8,8,1,20,"b352a26c8e9b174599c6b645056fb577","NicoStan_BridgeStan_state_allocation_thread_setup_sampling_model_load_divergence_check","iteration_difference","main_scaling","two_run_difference",400,4,6.0668421052624,6.08842105263073,0.0596604736355958,0.51125000000043,6.27474999999971,0.20790789473731,0.30334210526312,0.488000000000397,6.28,0.183078947368855,0.304421052631537,0,FALSE,FALSE,1.31864318556449,26.3728637112898,0,"313;314;315;316",79
"Laptop","AD_Stan_WCP","NicoStan_BridgeStan",500,10,16,8,2,800,"257aba3ac8b8727679d269bf8597bb85","NicoStan_BridgeStan_state_allocation_thread_setup_sampling_model_load_divergence_check","iteration_difference","main_scaling","two_run_difference",50,4,6.07008760951193,5.99899874843563,0.184879413637869,0.0190000000001689,6.08150000000021,0.011412390488279,0.00758760951188992,0.0195000000001215,6.01100000000042,0.0118097622028749,0.00749874843554454,0,FALSE,FALSE,1.31793814432989,1054.35051546391,0,"1185;1186;1187;1188",297
"Laptop","AD_Stan_tape_chunked","NicoStan_BridgeStan",500,2,2,2,1,200,"257aba3ac8b8727679d269bf8597bb85","NicoStan_BridgeStan_state_allocation_thread_setup_sampling_model_load_divergence_check","iteration_difference","main_scaling","two_run_difference",250,4,1.52035175879821,1.54020100503361,0.0441782569954553,0.0164999999970314,1.52925000000125,0.00889824120304039,0.00760175879399105,0.0154999999943541,1.5480000000025,0.00801758793400935,0.00770100502516804,0,FALSE,FALSE,1.31548504379074,263.097008758149,0,"605;606;607;608",152
"Laptop","AD_Stan_tape_chunked","NicoStan_BridgeStan",10000,50,4,4,1,20,"b352a26c8e9b174599c6b645056fb577","NicoStan_BridgeStan_state_allocation_thread_setup_sampling_model_load_divergence_check","iteration_difference","main_scaling","two_run_difference",200,4,3.0560526315786,3.05105263157824,0.0413115988487598,0.290750000000116,3.19399999999979,0.137947368421186,0.15280263157893,0.289499999999919,3.18549999999959,0.138289473684134,0.152552631578912,0,FALSE,FALSE,1.30887798157252,26.1775596314505,0,"861;862;863;864",216
"Laptop","AD_Stan_tape_chunked","NicoStan_BridgeStan",2500,10,2,2,1,40,"7184208393ceb4c8ae3e26f0d1660bdb","NicoStan_BridgeStan_state_allocation_thread_setup_sampling_model_load_divergence_check","iteration_difference","main_scaling","two_run_difference",250,4,1.52923076922984,1.53282051282403,0.0276859758477462,0.0759999999993042,1.5669999999984,0.0377692307685582,0.038230769230746,0.0744999999966254,1.56900000000006,0.0361794871760245,0.0383205128206009,0,FALSE,FALSE,1.30784708249576,52.3138832998306,0,"689;690;691;692",173
"Laptop","AD_Stan_chunked","NicoStan_BridgeStan",2500,4,2,2,1,40,"7184208393ceb4c8ae3e26f0d1660bdb","NicoStan_BridgeStan_state_allocation_thread_setup_sampling_model_load_divergence_check","iteration_difference","main_scaling","two_run_difference",625,4,1.53358974358995,1.53794871795027,0.0144654174340507,0.0877500000010762,1.58300000000128,0.0494102564113274,0.0383397435897488,0.0820000000021537,1.58400000000256,0.0434871794893227,0.0384487179487567,0,FALSE,FALSE,1.30412974418976,52.1651897675902,0,"145;146;147;148",37
"Laptop","AD_Stan_chunked","NicoStan_BridgeStan",10000,250,16,16,1,20,"b352a26c8e9b174599c6b645056fb577","NicoStan_BridgeStan_state_allocation_thread_setup_sampling_model_load_divergence_check","iteration_difference","main_scaling","two_run_difference",40,4,12.3792105263158,12.3589473684211,0.123675251635228,1.10124999999999,12.8615,0.482289473684203,0.61896052631579,1.102,12.8405,0.481552631578953,0.617947368421053,0,FALSE,FALSE,1.29248953040964,25.8497906081928,0,"377;378;379;380",95
"Laptop","AD_Stan_WCP","NicoStan_BridgeStan",500,10,16,4,4,800,"257aba3ac8b8727679d269bf8597bb85","NicoStan_BridgeStan_state_allocation_thread_setup_sampling_model_load_divergence_check","iteration_difference","main_scaling","two_run_difference",50,4,3.22478097621983,3.24255319148886,0.0488762227147286,0.0175000000003216,3.23824999999987,0.0134690237800468,0.00403097622027478,0.0150000000006187,3.25250000000012,0.0109918648316582,0.00405319148936107,0,FALSE,FALSE,1.24039431809378,992.315454475028,0,"1178;1180;1182;1184",296
"Laptop","AD_Stan","NicoStan_BridgeStan",10000,1,4,4,1,20,"b352a26c8e9b174599c6b645056fb577","NicoStan_BridgeStan_state_allocation_thread_setup_sampling_model_load_divergence_check","iteration_difference","main_scaling","two_run_difference",NA,4,3.22763157894691,3.2284210526311,0.0477092997777797,0.324500000000196,3.39074999999976,0.16311842105285,0.161381578947345,0.301000000000386,3.39099999999959,0.138157894737273,0.161421052631555,0,FALSE,FALSE,1.23929881777433,24.7859763554866,0,"49;50;51;52",13
"Laptop","AD_Stan_chunked","NicoStan_BridgeStan",500,2,2,2,1,200,"257aba3ac8b8727679d269bf8597bb85","NicoStan_BridgeStan_state_allocation_thread_setup_sampling_model_load_divergence_check","iteration_difference","main_scaling","two_run_difference",250,4,1.61934673367089,1.61758793969808,0.0264428585308006,0.0222500000003198,1.63350000000285,0.0141532663319654,0.00809673366835443,0.0234999999999994,1.63400000000396,0.0155075376884416,0.00808793969849042,0,FALSE,FALSE,1.23506594258921,247.013188517843,0,"85;86;87;88",22
"Laptop","AD_Stan","NicoStan_BridgeStan",10000,1,8,8,1,20,"b352a26c8e9b174599c6b645056fb577","NicoStan_BridgeStan_state_allocation_thread_setup_sampling_model_load_divergence_check","iteration_difference","main_scaling","two_run_difference",NA,4,6.52868421052587,6.51684210526247,0.0333688637967825,0.533750000000232,6.73599999999981,0.207315789473939,0.326434210526293,0.533500000000458,6.74349999999978,0.205947368421556,0.325842105263124,0,FALSE,FALSE,1.2253617638761,24.5072352775219,0,"53;54;55;56",14
"Laptop","AD_Stan_tape_chunked","NicoStan_BridgeStan",50000,1000,16,16,1,10,"50597d787bf5578f0fdbdd94f2702741","NicoStan_BridgeStan_state_allocation_thread_setup_sampling_model_load_divergence_check","iteration_difference","main_scaling","two_run_difference",50,4,13.1680555555556,13.1294444444445,0.130454649736402,2.75199999999995,14.60325,1.43519444444439,1.31680555555556,2.74799999999993,14.5515,1.43961111111104,1.31294444444445,0,FALSE,FALSE,1.21506170235207,12.1506170235207,0,"1089;1090;1091;1092",273
"Laptop","AD_Stan_chunked","NicoStan_BridgeStan",10000,4,4,4,1,20,"b352a26c8e9b174599c6b645056fb577","NicoStan_BridgeStan_state_allocation_thread_setup_sampling_model_load_divergence_check","iteration_difference","main_scaling","two_run_difference",2500,4,3.43105263157868,3.44210526315762,0.0704582022481458,0.34975,3.60924999999975,0.178197368421066,0.171552631578934,0.322999999999951,3.62249999999949,0.152236842105227,0.172105263157881,0,FALSE,FALSE,1.1658229789846,23.3164595796919,0,"269;270;271;272",68
"Laptop","AD_Stan_WCP","NicoStan_BridgeStan",2500,50,16,8,2,200,"7184208393ceb4c8ae3e26f0d1660bdb","NicoStan_BridgeStan_state_allocation_thread_setup_sampling_model_load_divergence_check","iteration_difference","main_scaling","two_run_difference",50,4,7.07839195979875,7.10452261306483,0.235636422887977,0.0879999999999157,7.13099999999967,0.0526080402009219,0.0353919597989938,0.087999999999667,7.15749999999935,0.0522386934673281,0.0355226130653241,0,FALSE,FALSE,1.13020019877897,226.040039755794,0,"1277;1278;1279;1280",320
"Laptop","AD_Stan","NicoStan_BridgeStan",10000,1,16,16,1,20,"b352a26c8e9b174599c6b645056fb577","NicoStan_BridgeStan_state_allocation_thread_setup_sampling_model_load_divergence_check","iteration_difference","main_scaling","two_run_difference",NA,4,14.1634210526319,14.1910526315786,0.135968534189707,0.980999999999618,14.4362499999999,0.272828947368025,0.708171052631593,0.967499999999873,14.4829999999996,0.260447368420261,0.709552631578931,0,FALSE,FALSE,1.12967057468272,22.5934114936545,0,"57;58;59;60",15
"Laptop","AD_Stan_WCP","NicoStan_BridgeStan",2500,50,16,4,4,200,"7184208393ceb4c8ae3e26f0d1660bdb","NicoStan_BridgeStan_state_allocation_thread_setup_sampling_model_load_divergence_check","iteration_difference","main_scaling","two_run_difference",50,4,3.67035175879326,3.71708542713427,0.105238496758842,0.0622500000006099,3.71424999999991,0.0438982412066436,0.0183517587939663,0.0610000000006607,3.75799999999981,0.0423442211061906,0.0185854271356714,0,FALSE,FALSE,1.08981380065738,217.962760131477,0,"1270;1272;1274;1276",319
"Laptop","AD_Stan_WCP","NicoStan_BridgeStan",500,10,8,4,2,800,"257aba3ac8b8727679d269bf8597bb85","NicoStan_BridgeStan_state_allocation_thread_setup_sampling_model_load_divergence_check","iteration_difference","main_scaling","two_run_difference",50,4,3.78498122653331,3.7566958698367,0.077584075794259,0.0145000000000621,3.79475000000021,0.00976877346689549,0.00473122653316664,0.0140000000005145,3.76599999999992,0.00932853566919086,0.00469586983729588,0,FALSE,FALSE,1.05680841214201,845.446729713611,0,"1177;1179;1181;1183",295
"Laptop","MD_BayesMVP","BayesMVP_NicoStan",500,1,2,2,1,400,"257aba3ac8b8727679d269bf8597bb85","state_allocation_thread_setup_sampling_divergence_check","iteration_difference","main_scaling","two_run_difference",NA,4,1.99498746867168,1.99699248120301,0.013400125417385,0.0059999999999989,1.996,0.00101253132831969,0.00498746867167921,0.00600000000000023,1.998,0.0010075187969927,0.00499248120300753,0,FALSE,FALSE,1.00251256281407,401.005025125628,0,"1794;1799;1804;1809",450
"Laptop","MD_BayesMVP_WCP","BayesMVP_NicoStan",2500,10,16,8,2,400,"7184208393ceb4c8ae3e26f0d1660bdb","state_allocation_thread_setup_sampling_divergence_check","iteration_difference","main_scaling","two_run_difference",NA,4,8.1706766917293,8.18646616541366,0.12734953800029,0.0562500000002046,8.20650000000018,0.0358233082708814,0.0204266917293233,0.0570000000003006,8.22150000000023,0.0366127819551882,0.0204661654135341,0,FALSE,FALSE,0.979111070212573,391.644428085029,0,"2374;2380;2386;2392",598
"Laptop","AD_Stan_WCP","NicoStan_BridgeStan",500,10,16,2,8,800,"257aba3ac8b8727679d269bf8597bb85","NicoStan_BridgeStan_state_allocation_thread_setup_sampling_model_load_divergence_check","iteration_difference","main_scaling","two_run_difference",50,4,2.05356695869865,2.06007509386769,0.0609531164166226,0.0119999999995564,2.06299999999983,0.00943304130118305,0.00256695869837331,0.0114999999994012,2.07050000000007,0.00889236545622199,0.00257509386733462,0,FALSE,FALSE,0.973915163334827,779.132130667861,0,"1167;1170;1173;1176",294
"Laptop","AD_Stan_tape_chunked","NicoStan_BridgeStan",50000,1000,8,8,1,10,"50597d787bf5578f0fdbdd94f2702741","NicoStan_BridgeStan_state_allocation_thread_setup_sampling_model_load_divergence_check","iteration_difference","main_scaling","two_run_difference",50,4,8.32250000000004,8.28055555555554,0.136657256526434,1.58474999999999,9.07500000000002,0.752499999999982,0.832250000000003,1.58499999999998,9.03699999999998,0.756444444444437,0.828055555555554,0,FALSE,FALSE,0.961249624511861,9.61249624511861,0,"1085;1086;1087;1088",272
"Laptop","AD_Stan_WCP","NicoStan_BridgeStan",2500,100,16,2,8,200,"7184208393ceb4c8ae3e26f0d1660bdb","NicoStan_BridgeStan_state_allocation_thread_setup_sampling_model_load_divergence_check","iteration_difference","main_scaling","two_run_difference",25,4,2.08743718592965,2.09547738693467,0.0226521159187615,0.049999999999998,2.127,0.0395628140703498,0.0104371859296483,0.0464999999999982,2.1315,0.0360226130653248,0.0104773869346734,0,FALSE,FALSE,0.958112662493981,191.622532498796,0,"1283;1286;1289;1292",323
"Laptop","AD_Stan_WCP","NicoStan_BridgeStan",500,10,8,2,4,800,"257aba3ac8b8727679d269bf8597bb85","NicoStan_BridgeStan_state_allocation_thread_setup_sampling_model_load_divergence_check","iteration_difference","main_scaling","two_run_difference",50,4,2.10638297872359,2.12565707133989,0.0917457358578893,0.0107499999997547,2.11449999999994,0.00811702127635019,0.00263297872340448,0.0109999999992993,2.13400000000001,0.00829349186434309,0.00265707133917486,0,FALSE,FALSE,0.949494949494867,759.595959595894,0,"1166;1169;1172;1175",293
"Laptop","AD_Stan_WCP","NicoStan_BridgeStan",2500,25,8,4,2,200,"7184208393ceb4c8ae3e26f0d1660bdb","NicoStan_BridgeStan_state_allocation_thread_setup_sampling_model_load_divergence_check","iteration_difference","main_scaling","two_run_difference",100,4,4.24145728643265,4.24472361809142,0.171806147315542,0.0674999999997468,4.28775000000023,0.0462927135675835,0.0212072864321632,0.0674999999993418,4.28800000000047,0.0462386934666794,0.0212236180904571,0,FALSE,FALSE,0.943072092885385,188.614418577077,0,"1245;1247;1249;1251",312
"Laptop","MD_BayesMVP_WCP","BayesMVP_NicoStan",2500,10,8,4,2,400,"7184208393ceb4c8ae3e26f0d1660bdb","state_allocation_thread_setup_sampling_divergence_check","iteration_difference","main_scaling","two_run_difference",NA,4,4.65538847117765,4.6461152882205,0.15275067269937,0.0275000000002947,4.67125,0.0158615288223506,0.0116384711779441,0.0275000000006003,4.66600000000017,0.0155802005018549,0.0116152882205512,0,FALSE,FALSE,0.859219380888345,343.687752355338,0,"2372;2378;2384;2390",596
"Laptop","AD_Stan_WCP","NicoStan_BridgeStan",2500,25,8,2,4,200,"7184208393ceb4c8ae3e26f0d1660bdb","NicoStan_BridgeStan_state_allocation_thread_setup_sampling_model_load_divergence_check","iteration_difference","main_scaling","two_run_difference",100,4,2.33391959798958,2.36532663316508,0.10836071036634,0.0510000000001938,2.37324999999982,0.0393304020102459,0.0116695979899479,0.0510000000003856,2.40449999999964,0.0391733668345602,0.0118266331658254,0,FALSE,FALSE,0.85692754871367,171.385509742734,0,"1234;1237;1240;1243",310
"Laptop","AD_Stan","NicoStan_BridgeStan",2500,1,1,1,1,40,"7184208393ceb4c8ae3e26f0d1660bdb","NicoStan_BridgeStan_state_allocation_thread_setup_sampling_model_load_divergence_check","iteration_difference","main_scaling","two_run_difference",NA,4,1.17871794871657,1.17999999999898,0.0118245631476949,0.0680000000007572,1.21724999999942,0.0385320512828429,0.0294679487179144,0.0625000000007567,1.21749999999884,0.0332051282059103,0.0294999999999746,0,FALSE,FALSE,0.848379377856112,33.9351751142445,0,"21;22;23;24",6
"Laptop","AD_Stan","NicoStan_BridgeStan",500,1,1,1,1,200,"257aba3ac8b8727679d269bf8597bb85","NicoStan_BridgeStan_state_allocation_thread_setup_sampling_model_load_divergence_check","iteration_difference","main_scaling","two_run_difference",NA,4,1.19899497487423,1.20100502512534,0.00701120587447401,0.0154999999987484,1.2084999999986,0.00950502512437728,0.00599497487437113,0.0144999999974971,1.20949999999721,0.00849497487187039,0.00600502512562668,0,FALSE,FALSE,0.83403185247286,166.806370494572,0,"1;2;3;4",1
"Laptop","AD_Stan","NicoStan_BridgeStan",10000,1,2,2,1,20,"b352a26c8e9b174599c6b645056fb577","NicoStan_BridgeStan_state_allocation_thread_setup_sampling_model_load_divergence_check","iteration_difference","main_scaling","two_run_difference",NA,4,2.5126315789469,2.50947368420958,0.0319163264314635,0.289999999999761,2.67699999999931,0.164368421052416,0.125631578947345,0.273999999999717,2.64949999999862,0.149710526315517,0.125473684210479,0,FALSE,FALSE,0.795978215333203,15.9195643066641,0,"45;46;47;48",12
"Laptop","MD_BayesMVP","BayesMVP_NicoStan",10000,10,4,4,1,80,"b352a26c8e9b174599c6b645056fb577","state_allocation_thread_setup_sampling_divergence_check","iteration_difference","main_scaling","two_run_difference",NA,4,5.37670886075954,5.37164556962033,0.106851839484143,0.0880000000000081,5.39750000000005,0.0207911392405139,0.0672088607594942,0.0860000000000412,5.39600000000004,0.0198924050633323,0.0671455696202541,0,FALSE,FALSE,0.743949524437323,59.5159619549859,0,"2023;2028;2033;2038",508
"Laptop","AD_Stan_WCP","NicoStan_BridgeStan",10000,250,16,8,2,80,"b352a26c8e9b174599c6b645056fb577","NicoStan_BridgeStan_state_allocation_thread_setup_sampling_model_load_divergence_check","iteration_difference","main_scaling","two_run_difference",40,4,10.766582278481,10.7498734177215,0.0540485083427146,0.292750000000012,10.92475,0.158167721519,0.134582278481012,0.291500000000013,10.9075,0.157126582278495,0.134373417721519,0,FALSE,FALSE,0.74303987960873,59.4431903686984,0,"1465;1466;1467;1468",367
"Laptop","AD_Stan_WCP","NicoStan_BridgeStan",10000,250,16,4,4,80,"b352a26c8e9b174599c6b645056fb577","NicoStan_BridgeStan_state_allocation_thread_setup_sampling_model_load_divergence_check","iteration_difference","main_scaling","two_run_difference",40,4,5.44607594936709,5.44607594936707,0.00369770502956719,0.216500000000011,5.59450000000001,0.148424050632922,0.0680759493670886,0.215000000000003,5.59300000000002,0.146924050632915,0.0680759493670884,0,FALSE,FALSE,0.734473782075121,58.7579025660097,0,"1458;1460;1462;1464",366
"Laptop","AD_Stan_WCP","NicoStan_BridgeStan",10000,250,16,2,8,80,"b352a26c8e9b174599c6b645056fb577","NicoStan_BridgeStan_state_allocation_thread_setup_sampling_model_load_divergence_check","iteration_difference","main_scaling","two_run_difference",40,4,2.86632911392405,2.86886075949367,0.0310089552598634,0.173750000000013,3.00425000000001,0.137920886075962,0.0358291139240506,0.173500000000018,3.00550000000001,0.137873417721537,0.0358607594936709,0,FALSE,FALSE,0.697756580109521,55.8205264087617,0,"1447;1450;1453;1456",364
"Laptop","MD_BayesMVP","BayesMVP_NicoStan",2500,4,1,1,1,80,"7184208393ceb4c8ae3e26f0d1660bdb","state_allocation_thread_setup_sampling_divergence_check","iteration_difference","main_scaling","two_run_difference",NA,4,1.44379746835443,1.44455696202531,0.0126852033243042,0.0202500000000008,1.446,0.00220253164557038,0.0180474683544304,0.0200000000000031,1.44649999999999,0.00196835443038276,0.0180569620253163,0,FALSE,FALSE,0.692617920392775,55.409433631422,0,"1917;1922;1927;1932",480
"Laptop","AD_Stan_tape_chunked","NicoStan_BridgeStan",2500,4,1,1,1,40,"7184208393ceb4c8ae3e26f0d1660bdb","NicoStan_BridgeStan_state_allocation_thread_setup_sampling_model_load_divergence_check","iteration_difference","main_scaling","two_run_difference",625,4,1.44743589743635,1.45128205128295,0.0270760813127462,0.0702499999969728,1.48149999999741,0.0340641025610641,0.0361858974359087,0.0694999999962178,1.48349999999482,0.0337820512782243,0.0362820512820737,0,FALSE,FALSE,0.69087688219642,27.6350752878568,0,"665;666;667;668",167
"Laptop","AD_Stan_chunked","NicoStan_BridgeStan",2500,4,1,1,1,40,"7184208393ceb4c8ae3e26f0d1660bdb","NicoStan_BridgeStan_state_allocation_thread_setup_sampling_model_load_divergence_check","iteration_difference","main_scaling","two_run_difference",625,4,1.46282051282636,1.46461538462195,0.0162465121275707,0.0852499999966838,1.51150000000239,0.0486794871760248,0.036570512820659,0.0834999999933643,1.51450000000477,0.0468076923007641,0.0366153846155487,0,FALSE,FALSE,0.683610867657215,27.3444347062886,0,"141;142;143;144",36
"Laptop","AD_Stan_tape_chunked","NicoStan_BridgeStan",10000,4,2,2,1,20,"b352a26c8e9b174599c6b645056fb577","NicoStan_BridgeStan_state_allocation_thread_setup_sampling_model_load_divergence_check","iteration_difference","main_scaling","two_run_difference",2500,4,2.93210526315707,2.93368421052468,0.00466811743669891,0.292000000000222,3.07749999999944,0.145394736842368,0.146605263157854,0.286000000000328,3.07399999999954,0.139263157895106,0.146684210526234,0,FALSE,FALSE,0.682103751570825,13.6420750314165,0,"797;798;799;800",200
"Laptop","AD_Stan_chunked","NicoStan_BridgeStan",10000,4,2,2,1,20,"b352a26c8e9b174599c6b645056fb577","NicoStan_BridgeStan_state_allocation_thread_setup_sampling_model_load_divergence_check","iteration_difference","main_scaling","two_run_difference",2500,4,2.93868421052606,2.93526315789447,0.0340807254156225,0.319750000000226,3.11149999999999,0.172815789473923,0.146934210526303,0.293500000000023,3.10249999999996,0.146868421052667,0.146763157894723,0,FALSE,FALSE,0.680576699203068,13.6115339840614,0,"265;266;267;268",67
"Laptop","AD_Stan_tape_chunked","NicoStan_BridgeStan",500,2,1,1,1,200,"257aba3ac8b8727679d269bf8597bb85","NicoStan_BridgeStan_state_allocation_thread_setup_sampling_model_load_divergence_check","iteration_difference","main_scaling","two_run_difference",250,4,1.49472361808993,1.4849246231116,0.0213415060142255,0.0179999999997094,1.50524999999918,0.0105263819092597,0.00747361809044963,0.0174999999997096,1.49599999999575,0.00997738693436838,0.007424623115558,0,FALSE,FALSE,0.669020003362146,133.804000672429,0,"601;602;603;604",151
"Laptop","MD_BayesMVP_WCP","BayesMVP_NicoStan",2500,25,16,4,4,400,"7184208393ceb4c8ae3e26f0d1660bdb","state_allocation_thread_setup_sampling_divergence_check","iteration_difference","main_scaling","two_run_difference",NA,4,6.02581453634065,6.00501253132807,0.196212058513944,0.0359999999999729,6.04674999999978,0.0209354636591213,0.0150645363408516,0.0374999999998806,6.02749999999963,0.0224874686715604,0.0150125313283202,0,FALSE,FALSE,0.663810672545045,265.524269018018,0,"2397;2403;2409;2415",603
"Laptop","MD_BayesMVP_WCP","BayesMVP_NicoStan",2500,4,8,2,4,400,"7184208393ceb4c8ae3e26f0d1660bdb","state_allocation_thread_setup_sampling_divergence_check","iteration_difference","main_scaling","two_run_difference",NA,4,3.02030075187972,3.00501253132854,0.0787350448745178,0.0137499999998383,3.02649999999986,0.00619924812013897,0.00755075187969931,0.0135000000000076,3.01199999999993,0.0060914786967495,0.00751253132832134,0,FALSE,FALSE,0.662185710729394,264.874284291758,0,"2350;2355;2360;2365",589
"Laptop","AD_Stan_chunked","NicoStan_BridgeStan",500,2,1,1,1,200,"257aba3ac8b8727679d269bf8597bb85","NicoStan_BridgeStan_state_allocation_thread_setup_sampling_model_load_divergence_check","iteration_difference","main_scaling","two_run_difference",250,4,1.51884422110626,1.52814070351923,0.0286079303066016,0.0179999999979921,1.52924999999872,0.0104057788924608,0.0075942211055313,0.0164999999962747,1.54000000000134,0.00895226130280826,0.00764070351759613,0,FALSE,FALSE,0.65839536807247,131.679073614494,0,"81;82;83;84",21
"Laptop","AD_Stan_WCP","NicoStan_BridgeStan",50000,1000,16,2,8,20,"50597d787bf5578f0fdbdd94f2702741","NicoStan_BridgeStan_state_allocation_thread_setup_sampling_model_load_divergence_check","iteration_difference","main_scaling","two_run_difference",50,4,3.3244736842106,3.32263157894736,0.039501744412519,0.83624999999995,3.99450000000002,0.67002631578942,0.16622368421053,0.837499999999977,3.99399999999997,0.671368421052609,0.166131578947368,0,FALSE,FALSE,0.601598986780641,12.0319797356128,0,"1663;1666;1669;1672",418
"Laptop","AD_Stan_WCP","NicoStan_BridgeStan",50000,1000,16,8,2,20,"50597d787bf5578f0fdbdd94f2702741","NicoStan_BridgeStan_state_allocation_thread_setup_sampling_model_load_divergence_check","iteration_difference","main_scaling","two_run_difference",50,4,13.2992105263157,13.2610526315789,0.0835516991246655,1.40800000000004,14.04225,0.743039473684257,0.664960526315787,1.40900000000005,14.005,0.74213157894742,0.663052631578945,0,FALSE,FALSE,0.601539466133726,12.0307893226745,0,"1681;1682;1683;1684",421
"Laptop","AD_Stan_WCP","NicoStan_BridgeStan",50000,1000,16,4,4,20,"50597d787bf5578f0fdbdd94f2702741","NicoStan_BridgeStan_state_allocation_thread_setup_sampling_model_load_divergence_check","iteration_difference","main_scaling","two_run_difference",50,4,6.65631578947359,6.65578947368413,0.0219206998560358,1.02125000000007,7.34474999999998,0.688434210526386,0.33281578947368,1.02150000000006,7.34449999999998,0.688710526315853,0.332789473684206,0,FALSE,FALSE,0.600933027595486,12.0186605519097,0,"1674;1676;1678;1680",420
"Laptop","AD_Stan_WCP","NicoStan_BridgeStan",10000,100,8,4,2,80,"b352a26c8e9b174599c6b645056fb577","NicoStan_BridgeStan_state_allocation_thread_setup_sampling_model_load_divergence_check","iteration_difference","main_scaling","two_run_difference",100,4,6.65848101265766,6.63999999999887,0.176946631952346,0.230500000000063,6.80574999999951,0.147268987341842,0.0832310126582208,0.230499999999381,6.78999999999905,0.145803797467729,0.0829999999999858,0,FALSE,FALSE,0.600737614539422,48.0590091631538,0,"1433;1435;1437;1439",359
"Laptop","AD_Stan_WCP","NicoStan_BridgeStan",500,4,4,2,2,800,"257aba3ac8b8727679d269bf8597bb85","NicoStan_BridgeStan_state_allocation_thread_setup_sampling_model_load_divergence_check","iteration_difference","main_scaling","two_run_difference",125,4,3.38723404255289,3.38072590738363,0.0841567674298459,0.0132500000000615,3.39624999999976,0.00901595744687038,0.00423404255319111,0.0130000000004138,3.39049999999952,0.00870025031330554,0.00422590738422953,0,FALSE,FALSE,0.590452261306586,472.361809045268,0,"1145;1147;1149;1151",287
"Laptop","AD_Stan_WCP","NicoStan_BridgeStan",10000,250,8,2,4,80,"b352a26c8e9b174599c6b645056fb577","NicoStan_BridgeStan_state_allocation_thread_setup_sampling_model_load_divergence_check","iteration_difference","main_scaling","two_run_difference",40,4,3.40126582278481,3.39949367088608,0.0290849241002076,0.180999999999997,3.53975,0.138484177215187,0.0425158227848101,0.180000000000007,3.53700000000001,0.137506329113931,0.0424936708860759,0,FALSE,FALSE,0.588016375139561,47.0413100111649,0,"1446;1449;1452;1455",363
"Laptop","MD_BayesMVP_WCP","BayesMVP_NicoStan",500,2,16,8,2,2000,"257aba3ac8b8727679d269bf8597bb85","state_allocation_thread_setup_sampling_divergence_check","iteration_difference","main_scaling","two_run_difference",NA,4,13.7943971985995,13.7813906953477,0.362118899416952,0.0212499999999869,13.8087500000001,0.0143528014006872,0.00689719859929973,0.0210000000001163,13.7955000000001,0.0141093046524424,0.00689069534767383,0,FALSE,FALSE,0.579945602901172,1159.89120580234,0,"2283;2286;2289;2292",573
"Laptop","MD_BayesMVP_WCP","BayesMVP_NicoStan",10000,50,16,8,2,200,"b352a26c8e9b174599c6b645056fb577","state_allocation_thread_setup_sampling_divergence_check","iteration_difference","main_scaling","two_run_difference",NA,4,14.6258793969848,14.5914572864322,0.216360497827487,0.138000000000119,14.69075,0.0648706030151948,0.0731293969849241,0.135000000000332,14.6594999999999,0.0616984924626447,0.0729572864321609,0,FALSE,FALSE,0.546975657521778,109.395131504356,0,"2490;2496;2502;2508",627
"Laptop","AD_Stan_tape_chunked","NicoStan_BridgeStan",50000,250,4,4,1,10,"50597d787bf5578f0fdbdd94f2702741","NicoStan_BridgeStan_state_allocation_thread_setup_sampling_model_load_divergence_check","iteration_difference","main_scaling","two_run_difference",200,4,7.67749999999953,7.62722222222199,0.200662226685221,1.43525000000005,8.34499999999963,0.6675000000001,0.767749999999953,1.42500000000018,8.28949999999998,0.66750000000017,0.762722222222199,0,FALSE,FALSE,0.521002930641517,5.21002930641517,0,"1041;1042;1043;1044",261
"Laptop","AD_Stan_chunked","NicoStan_BridgeStan",50000,1000,16,16,1,10,"50597d787bf5578f0fdbdd94f2702741","NicoStan_BridgeStan_state_allocation_thread_setup_sampling_model_load_divergence_check","iteration_difference","main_scaling","two_run_difference",50,4,30.8738888888888,30.8566666666667,0.119953694769646,5.68450000000001,33.4709999999999,2.59711111111113,3.08738888888888,5.66700000000003,33.478,2.58783333333338,3.08566666666667,0,FALSE,FALSE,0.518237273496123,5.18237273496123,0,"557;558;559;560",140
"Laptop","AD_Stan_chunked","NicoStan_BridgeStan",50000,50,8,8,1,10,"50597d787bf5578f0fdbdd94f2702741","NicoStan_BridgeStan_state_allocation_thread_setup_sampling_model_load_divergence_check","iteration_difference","main_scaling","two_run_difference",1000,4,15.4772222222214,15.5699999999988,0.200662483037035,2.51850000000036,16.4479999999996,0.970777777778216,1.54772222222214,2.37199999999996,16.3759999999993,0.83355555555555,1.55699999999988,0,FALSE,FALSE,0.516888617681925,5.16888617681925,0,"473;474;475;476",119
"Laptop","MD_BayesMVP","BayesMVP_NicoStan",500,1,1,1,1,400,"257aba3ac8b8727679d269bf8597bb85","state_allocation_thread_setup_sampling_divergence_check","iteration_difference","main_scaling","two_run_difference",NA,4,1.95087719298246,1.95238095238095,0.0120021954860908,0.00624999999999831,1.95225,0.00137280701754217,0.00487719298245615,0.00649999999999906,1.954,0.00160526315789468,0.00488095238095239,0,FALSE,FALSE,0.512589928057553,205.035971223021,0,"1793;1798;1803;1808",449
"Laptop","AD_Stan_WCP","NicoStan_BridgeStan",2500,10,4,2,2,200,"7184208393ceb4c8ae3e26f0d1660bdb","NicoStan_BridgeStan_state_allocation_thread_setup_sampling_model_load_divergence_check","iteration_difference","main_scaling","two_run_difference",250,4,3.92738693467379,3.90753768844304,0.102306670762105,0.0564999999998435,3.96425000000026,0.0368630653264745,0.0196369346733689,0.0564999999996871,3.94450000000052,0.0369623115574719,0.0195376884422152,0,FALSE,FALSE,0.509244450131095,101.848890026219,0,"1209;1212;1215;1218",303
"Laptop","MD_BayesMVP","BayesMVP_NicoStan",50000,250,16,16,1,50,"50597d787bf5578f0fdbdd94f2702741","state_allocation_thread_setup_sampling_divergence_check","iteration_difference","main_scaling","two_run_difference",NA,4,31.8191326530609,31.8198979591833,0.401239208282416,0.929500000000075,32.1122499999998,0.293117346938857,0.636382653061219,0.910499999999956,32.0939999999996,0.27410204081629,0.636397959183666,0,FALSE,FALSE,0.50284211623414,25.142105811707,0,"2225;2230;2235;2240",560
"Laptop","MD_BayesMVP_WCP","BayesMVP_NicoStan",10000,50,8,4,2,200,"b352a26c8e9b174599c6b645056fb577","state_allocation_thread_setup_sampling_divergence_check","iteration_difference","main_scaling","two_run_difference",NA,4,7.99095477386931,7.99145728643194,0.225333416908532,0.0912499999999454,8.04224999999991,0.0512952261305989,0.0399547738693466,0.0889999999999418,8.02749999999963,0.0480954773868771,0.0399572864321597,0,FALSE,FALSE,0.500565966545091,100.113193309018,0,"2488;2494;2500;2506",625
"Laptop","AD_Stan_WCP","NicoStan_BridgeStan",50000,1000,8,2,4,20,"50597d787bf5578f0fdbdd94f2702741","NicoStan_BridgeStan_state_allocation_thread_setup_sampling_model_load_divergence_check","iteration_difference","main_scaling","two_run_difference",50,4,4.05394736842099,4.03157894736834,0.0651123044313777,0.885500000000064,4.73675,0.682802631579015,0.202697368421049,0.880000000000052,4.72149999999999,0.677289473684243,0.201578947368417,0,FALSE,FALSE,0.493346316131134,9.86692632262269,0,"1662;1665;1668;1671",417
"Laptop","AD_Stan_WCP","NicoStan_BridgeStan",50000,1000,8,4,2,20,"50597d787bf5578f0fdbdd94f2702741","NicoStan_BridgeStan_state_allocation_thread_setup_sampling_model_load_divergence_check","iteration_difference","main_scaling","two_run_difference",50,4,8.11815789473691,8.09315789473688,0.0637189987626847,1.11424999999994,8.82650000000001,0.708342105263096,0.405907894736846,1.11449999999996,8.79500000000007,0.706947368421018,0.404657894736844,0,FALSE,FALSE,0.492722616616418,9.85445233232835,0,"1673;1675;1677;1679",419
"Laptop","MD_BayesMVP_WCP","BayesMVP_NicoStan",500,2,8,4,2,2000,"257aba3ac8b8727679d269bf8597bb85","state_allocation_thread_setup_sampling_divergence_check","iteration_difference","main_scaling","two_run_difference",NA,4,8.20035017508731,8.15407703851907,0.345927573300143,0.00850000000030882,8.20475000000008,0.00439982491276516,0.00410017508754365,0.00800000000035972,8.15750000000007,0.00380815407739838,0.00407703851925953,0,FALSE,FALSE,0.48778404758275,975.5680951655,0,"2282;2285;2288;2291",572
"Laptop","MD_BayesMVP_WCP","BayesMVP_NicoStan",2500,4,4,2,2,400,"7184208393ceb4c8ae3e26f0d1660bdb","state_allocation_thread_setup_sampling_divergence_check","iteration_difference","main_scaling","two_run_difference",NA,4,4.27218045112788,4.2721804511277,0.0540021257744676,0.0195000000001144,4.28100000000017,0.00881954887229474,0.0106804511278197,0.0190000000002328,4.2830000000001,0.00843107769446817,0.0106804511278193,0,FALSE,FALSE,0.468145019359374,187.25800774375,0,"2349;2354;2359;2364",588
"Laptop","MD_BayesMVP","BayesMVP_NicoStan",50000,100,8,8,1,50,"50597d787bf5578f0fdbdd94f2702741","state_allocation_thread_setup_sampling_divergence_check","iteration_difference","main_scaling","two_run_difference",NA,4,17.2979591836735,17.3377551020408,0.182881892154115,0.520749999999907,17.4727499999999,0.174790816326438,0.345959183673469,0.509999999999991,17.4854999999998,0.166877551020402,0.346755102040816,0,FALSE,FALSE,0.462482302973101,23.124115148655,0,"2204;2209;2214;2219",554
"Laptop","AD_Stan_chunked","NicoStan_BridgeStan",50000,25,4,4,1,10,"50597d787bf5578f0fdbdd94f2702741","NicoStan_BridgeStan_state_allocation_thread_setup_sampling_model_load_divergence_check","iteration_difference","main_scaling","two_run_difference",2000,4,8.74999999999931,8.77833333333203,0.0829646163852552,1.72950000000043,9.6044999999998,0.854500000000497,0.874999999999931,1.57600000000019,9.46699999999964,0.706166666666882,0.877833333333203,0,FALSE,FALSE,0.457142857142893,4.57142857142893,0,"449;450;451;452",113
"Laptop","MD_BayesMVP_WCP","BayesMVP_NicoStan",10000,50,16,4,4,200,"b352a26c8e9b174599c6b645056fb577","state_allocation_thread_setup_sampling_divergence_check","iteration_difference","main_scaling","two_run_difference",NA,4,8.99648241206043,9.00150753768868,0.39485977838952,0.106749999999863,9.05824999999999,0.061767587939561,0.0449824120603021,0.105499999999893,9.05500000000006,0.0604070351757718,0.0450075376884434,0,FALSE,FALSE,0.444618220409981,88.9236440819962,0,"2489;2495;2501;2507",626
"Laptop","MD_BayesMVP_WCP","BayesMVP_NicoStan",2500,8,16,2,8,400,"7184208393ceb4c8ae3e26f0d1660bdb","state_allocation_thread_setup_sampling_divergence_check","iteration_difference","main_scaling","two_run_difference",NA,4,4.611027568922,4.58897243107734,0.149711704800552,0.0405000000000655,4.63999999999976,0.0289724310777605,0.011527568922305,0.0304999999998472,4.63349999999969,0.0191478696740319,0.0114724310776933,0,FALSE,FALSE,0.43374279813026,173.497119252104,0,"2725;2726;2727;2728",682
"Laptop","AD_Stan","NicoStan_BridgeStan",10000,1,1,1,1,20,"b352a26c8e9b174599c6b645056fb577","NicoStan_BridgeStan_state_allocation_thread_setup_sampling_model_load_divergence_check","iteration_difference","main_scaling","two_run_difference",NA,4,2.36052631578968,2.36684210526284,0.0152419695634141,0.269499999999685,2.51199999999988,0.151473684210201,0.118026315789484,0.24799999999999,2.49749999999968,0.129605263157901,0.118342105263142,0,FALSE,FALSE,0.423634336677779,8.47268673355557,0,"41;42;43;44",11
"Laptop","AD_Stan","NicoStan_BridgeStan",50000,1,4,4,1,10,"50597d787bf5578f0fdbdd94f2702741","NicoStan_BridgeStan_state_allocation_thread_setup_sampling_model_load_divergence_check","iteration_difference","main_scaling","two_run_difference",NA,4,9.57833333333363,9.58111111111101,0.0283206216951012,1.78124999999967,10.4017499999999,0.82341666666631,0.957833333333363,1.66449999999952,10.3000000000002,0.70499999999945,0.9581111111111,0,FALSE,FALSE,0.41760918740211,4.1760918740211,0,"69;70;71;72",18
"Laptop","MD_BayesMVP_WCP","BayesMVP_NicoStan",10000,50,8,2,4,200,"b352a26c8e9b174599c6b645056fb577","state_allocation_thread_setup_sampling_divergence_check","iteration_difference","main_scaling","two_run_difference",NA,4,4.80201005025153,4.74170854271376,0.201046896811663,0.0419999999999163,4.82000000000019,0.0179899497486587,0.0240100502512577,0.0399999999999636,4.75800000000015,0.0166356783919232,0.0237085427135688,0,FALSE,FALSE,0.416492256174107,83.2984512348215,0,"2486;2492;2498;2504",623
"Laptop","AD_Stan","NicoStan_BridgeStan",50000,1,8,8,1,10,"50597d787bf5578f0fdbdd94f2702741","NicoStan_BridgeStan_state_allocation_thread_setup_sampling_model_load_divergence_check","iteration_difference","main_scaling","two_run_difference",NA,4,20.4241666666669,20.4072222222234,0.151954008095013,2.90599999999975,21.28775,0.863583333333055,2.04241666666669,2.83099999999916,21.308,0.790277777776822,2.04072222222234,0,FALSE,FALSE,0.391692847525393,3.91692847525393,0,"73;74;75;76",19
"Laptop","AD_Stan","NicoStan_BridgeStan",50000,1,16,16,1,10,"50597d787bf5578f0fdbdd94f2702741","NicoStan_BridgeStan_state_allocation_thread_setup_sampling_model_load_divergence_check","iteration_difference","main_scaling","two_run_difference",NA,4,41.1647222222222,41.1094444444444,0.147885994907778,5.75275000000008,42.801,1.63627777777786,4.11647222222222,5.67549999999974,42.8055,1.55166666666713,4.11094444444444,0,FALSE,FALSE,0.388682326425675,3.88682326425675,0,"77;78;79;80",20
"Laptop","MD_BayesMVP","BayesMVP_NicoStan",10000,10,2,2,1,80,"b352a26c8e9b174599c6b645056fb577","state_allocation_thread_setup_sampling_divergence_check","iteration_difference","main_scaling","two_run_difference",NA,4,5.19721518987343,5.19594936708861,0.0236678397823292,0.0787499999999852,5.211,0.0137848101265673,0.0649651898734179,0.074499999999972,5.214,0.00970253164554129,0.0649493670886076,0,FALSE,FALSE,0.384821472063909,30.7857177651127,0,"2022;2027;2032;2037",507
"Laptop","AD_Stan_chunked","NicoStan_BridgeStan",10000,4,1,1,1,20,"b352a26c8e9b174599c6b645056fb577","NicoStan_BridgeStan_state_allocation_thread_setup_sampling_model_load_divergence_check","iteration_difference","main_scaling","two_run_difference",2500,4,2.80552631578936,2.80315789473645,0.0188569969576665,0.292000000000307,2.9572500000002,0.151723684210839,0.140276315789468,0.263500000000406,2.93950000000041,0.123710526316214,0.140157894736822,0,FALSE,FALSE,0.356439358409169,7.12878716818338,0,"261;262;263;264",66
"Laptop","AD_Stan_tape_chunked","NicoStan_BridgeStan",10000,4,1,1,1,20,"b352a26c8e9b174599c6b645056fb577","NicoStan_BridgeStan_state_allocation_thread_setup_sampling_model_load_divergence_check","iteration_difference","main_scaling","two_run_difference",2500,4,2.83605263157927,2.83368421052694,0.0281583046373366,0.27300000000016,2.96725000000047,0.131197368421196,0.141802631578964,0.263000000000204,2.95500000000079,0.121894736842205,0.141684210526347,0,FALSE,FALSE,0.35260276514796,7.0520553029592,0,"793;794;795;796",199
"Laptop","MD_BayesMVP_WCP","BayesMVP_NicoStan",500,4,16,4,4,2000,"257aba3ac8b8727679d269bf8597bb85","state_allocation_thread_setup_sampling_divergence_check","iteration_difference","main_scaling","two_run_difference",NA,4,11.9039519759882,11.9244622311155,0.135741498744588,0.0172499999998585,11.91525,0.0112980240118645,0.00595197598799408,0.0164999999997235,11.9374999999999,0.0104917458726598,0.00596223111555775,0,FALSE,FALSE,0.336022860985035,672.04572197007,0,"2296;2301;2306;2311",577
"Laptop","AD_Stan_WCP","NicoStan_BridgeStan",10000,50,4,2,2,80,"b352a26c8e9b174599c6b645056fb577","NicoStan_BridgeStan_state_allocation_thread_setup_sampling_model_load_divergence_check","iteration_difference","main_scaling","two_run_difference",200,4,6.15518987341884,6.08708860759721,0.188387774372087,0.212249999999329,6.29050000000043,0.135310126581594,0.0769398734177355,0.207499999998618,6.21850000000086,0.131411392403652,0.0760886075949651,0,FALSE,FALSE,0.324929050302248,25.9943240241799,0,"1397;1400;1403;1406",350
"Laptop","MD_BayesMVP_WCP","BayesMVP_NicoStan",10000,50,16,2,8,200,"b352a26c8e9b174599c6b645056fb577","state_allocation_thread_setup_sampling_divergence_check","iteration_difference","main_scaling","two_run_difference",NA,4,6.38618090452299,6.42261306532718,0.293153241656801,0.118999999999886,6.47325000000026,0.0870690954772711,0.031930904522615,0.119499999999789,6.48700000000031,0.0863819095475242,0.0321130653266359,0,FALSE,FALSE,0.313176220639711,62.6352441279421,0,"2487;2493;2499;2505",624
"Laptop","AD_Stan","NicoStan_BridgeStan",50000,1,2,2,1,10,"50597d787bf5578f0fdbdd94f2702741","NicoStan_BridgeStan_state_allocation_thread_setup_sampling_model_load_divergence_check","iteration_difference","main_scaling","two_run_difference",NA,4,6.52388888888921,6.54166666666667,0.0475446508779371,1.47399999999982,7.34550000000011,0.821611111110898,0.652388888888921,1.3774999999995,7.22650000000016,0.728166666666106,0.654166666666667,0,FALSE,FALSE,0.306565613556998,3.06565613556998,0,"65;66;67;68",17
"Laptop","MD_BayesMVP_WCP","BayesMVP_NicoStan",500,4,8,2,4,2000,"257aba3ac8b8727679d269bf8597bb85","state_allocation_thread_setup_sampling_divergence_check","iteration_difference","main_scaling","two_run_difference",NA,4,6.7388694347173,6.70585292646278,0.177733643459824,0.00599999999992917,6.74149999999987,0.00263056528257052,0.00336943471735865,0.00600000000000023,6.70849999999971,0.00264707353692515,0.00335292646323139,0,FALSE,FALSE,0.296785687773739,593.571375547477,0,"2294;2299;2304;2309",575
"Laptop","AD_Stan_tape_chunked","NicoStan_BridgeStan",50000,250,2,2,1,10,"50597d787bf5578f0fdbdd94f2702741","NicoStan_BridgeStan_state_allocation_thread_setup_sampling_model_load_divergence_check","iteration_difference","main_scaling","two_run_difference",200,4,7.2513888888894,7.38111111111215,0.278294889043498,1.43299999999971,7.95925000000017,0.707861111110769,0.72513888888894,1.38049999999964,7.97050000000036,0.640777777777367,0.738111111111215,0,FALSE,FALSE,0.275809231947883,2.75809231947883,0,"1037;1038;1039;1040",260
"Laptop","MD_BayesMVP_WCP","BayesMVP_NicoStan",10000,10,4,2,2,200,"b352a26c8e9b174599c6b645056fb577","state_allocation_thread_setup_sampling_divergence_check","iteration_difference","main_scaling","two_run_difference",NA,4,7.27386934673372,7.28492462311541,0.110846267921517,0.0567499999999512,7.29425000000001,0.0203806532662826,0.0363693467336686,0.0519999999998504,7.30999999999989,0.0156859296480902,0.0364246231155771,0,FALSE,FALSE,0.274956822107079,54.9913644214158,0,"2437;2443;2449;2455",610
"Laptop","AD_Stan_chunked","NicoStan_BridgeStan",50000,10,2,2,1,10,"50597d787bf5578f0fdbdd94f2702741","NicoStan_BridgeStan_state_allocation_thread_setup_sampling_model_load_divergence_check","iteration_difference","main_scaling","two_run_difference",5000,4,7.36444444444396,7.36611111111011,0.0749814791945443,1.5535000000003,8.18149999999986,0.817055555555902,0.736444444444395,1.40900000000056,8.08799999999974,0.66688888888954,0.736611111111011,0,FALSE,FALSE,0.271575135787586,2.71575135787586,0,"425;426;427;428",107
"Laptop","MD_BayesMVP_WCP","BayesMVP_NicoStan",500,2,4,2,2,2000,"257aba3ac8b8727679d269bf8597bb85","state_allocation_thread_setup_sampling_divergence_check","iteration_difference","main_scaling","two_run_difference",NA,4,7.72236118059007,7.7208604302147,0.193848483375029,0.005250000000105,7.72374999999988,0.00138881940980997,0.00386118059029503,0.00500000000005407,7.72249999999975,0.00121710855427614,0.00386043021510735,0,FALSE,FALSE,0.25898814536504,517.976290730079,0,"2281;2284;2287;2290",571
"Laptop","AD_Stan_WCP","NicoStan_BridgeStan",50000,500,4,2,2,20,"50597d787bf5578f0fdbdd94f2702741","NicoStan_BridgeStan_state_allocation_thread_setup_sampling_model_load_divergence_check","iteration_difference","main_scaling","two_run_difference",100,4,7.79868421052601,7.76315789473612,0.172606705525122,1.01774999999998,8.42649999999969,0.627815789473677,0.389934210526301,1.01900000000091,8.39400000000023,0.630842105264109,0.388157894736806,0,FALSE,FALSE,0.256453517799909,5.12907035599817,0,"1637;1640;1643;1646",410
"Laptop","MD_BayesMVP","BayesMVP_NicoStan",50000,50,4,4,1,50,"50597d787bf5578f0fdbdd94f2702741","state_allocation_thread_setup_sampling_divergence_check","iteration_difference","main_scaling","two_run_difference",NA,4,16.5579081632652,16.385714285714,0.388465492297777,0.421999999999912,16.6487499999998,0.0908418367346072,0.331158163265305,0.42450000000008,16.4839999999997,0.0977142857143648,0.327714285714281,0,FALSE,FALSE,0.241576409324111,12.0788204662056,0,"2183;2188;2193;2198",548
"Laptop","MD_BayesMVP_WCP","BayesMVP_NicoStan",50000,250,16,8,2,100,"50597d787bf5578f0fdbdd94f2702741","state_allocation_thread_setup_sampling_divergence_check","iteration_difference","main_scaling","two_run_difference",NA,4,35.7383838383836,35.7707070707066,0.217971278889008,0.561000000000263,35.942,0.203616161616427,0.357383838383836,0.555000000000291,35.9799999999998,0.197939393939686,0.357707070707066,0,FALSE,FALSE,0.223848958480542,22.3848958480542,0,"2654;2660;2666;2672",668
"Laptop","MD_BayesMVP_WCP","BayesMVP_NicoStan",50000,100,8,4,2,100,"50597d787bf5578f0fdbdd94f2702741","state_allocation_thread_setup_sampling_divergence_check","iteration_difference","main_scaling","two_run_difference",NA,4,19.2469696969699,19.19898989899,0.341006969363658,0.346000000000117,19.4005000000003,0.153530303030418,0.192469696969699,0.348000000000184,19.3290000000002,0.156595959596143,0.1919898989899,0,FALSE,FALSE,0.207824923246475,20.7824923246475,0,"2628;2634;2640;2646",660
"Laptop","MD_BayesMVP","BayesMVP_NicoStan",10000,10,1,1,1,80,"b352a26c8e9b174599c6b645056fb577","state_allocation_thread_setup_sampling_divergence_check","iteration_difference","main_scaling","two_run_difference",NA,4,5.13772151898734,5.08151898734174,0.125780413787914,0.073750000000004,5.14725,0.00952848101266226,0.0642215189873417,0.0740000000000123,5.0925,0.00889873417722746,0.0635189873417718,0,FALSE,FALSE,0.194638809500345,15.5711047600276,0,"2021;2026;2031;2036",506
"Laptop","MD_BayesMVP_WCP","BayesMVP_NicoStan",50000,100,16,4,4,100,"50597d787bf5578f0fdbdd94f2702741","state_allocation_thread_setup_sampling_divergence_check","iteration_difference","main_scaling","two_run_difference",NA,4,20.6058080808084,20.4358585858587,0.801366624687941,0.391749999999945,20.7915000000002,0.185691919191861,0.206058080808084,0.396999999999935,20.6114999999999,0.184494949494879,0.204358585858587,0,FALSE,FALSE,0.194120025980708,19.4120025980708,0,"2629;2635;2641;2647",661
"Laptop","MD_BayesMVP_WCP","BayesMVP_NicoStan",50000,100,8,2,4,100,"50597d787bf5578f0fdbdd94f2702741","state_allocation_thread_setup_sampling_divergence_check","iteration_difference","main_scaling","two_run_difference",NA,4,11.0429292929292,10.8202020202019,0.652126667311338,0.213249999999903,11.1457499999998,0.102820707070611,0.110429292929292,0.209499999999707,10.9214999999996,0.101297979797688,0.108202020202019,0,FALSE,FALSE,0.18111136519552,18.111136519552,0,"2626;2632;2638;2644",658
"Laptop","MD_BayesMVP_WCP","BayesMVP_NicoStan",500,8,16,2,8,2000,"257aba3ac8b8727679d269bf8597bb85","state_allocation_thread_setup_sampling_divergence_check","iteration_difference","main_scaling","two_run_difference",NA,4,11.911205602802,11.8704352176098,0.426035653047451,0.0237499999992679,11.9289999999999,0.0177943971978669,0.005955602801401,0.0244999999986248,11.8860000000002,0.0184102051011757,0.00593521760880492,0,FALSE,FALSE,0.167909115726247,335.818231452494,0,"2721;2722;2723;2724",681
"Laptop","AD_Stan","NicoStan_BridgeStan",50000,1,1,1,1,10,"50597d787bf5578f0fdbdd94f2702741","NicoStan_BridgeStan_state_allocation_thread_setup_sampling_model_load_divergence_check","iteration_difference","main_scaling","two_run_difference",NA,4,5.97666666666689,5.9844444444448,0.0227348285233019,1.4252500000005,6.8042500000007,0.827583333333806,0.597666666666689,1.3150000000002,6.70600000000051,0.716611111111902,0.59844444444448,0,FALSE,FALSE,0.167317345231449,1.67317345231449,0,"61;62;63;64",16
"Laptop","MD_BayesMVP_WCP","BayesMVP_NicoStan",50000,250,16,2,8,100,"50597d787bf5578f0fdbdd94f2702741","state_allocation_thread_setup_sampling_divergence_check","iteration_difference","main_scaling","two_run_difference",NA,4,13.2060606060607,13.2404040404041,0.27088917941189,0.306249999999523,13.3802499999996,0.174189393938915,0.132060606060607,0.303499999999417,13.4114999999995,0.171095959595376,0.132404040404041,0,FALSE,FALSE,0.15144561725562,15.144561725562,0,"2651;2657;2663;2669",665
"Laptop","AD_Stan_tape_chunked","NicoStan_BridgeStan",50000,10,1,1,1,10,"50597d787bf5578f0fdbdd94f2702741","NicoStan_BridgeStan_state_allocation_thread_setup_sampling_model_load_divergence_check","iteration_difference","main_scaling","two_run_difference",5000,4,7.01638888888908,7.00722222222238,0.0819885317683951,1.36699999999993,7.68175000000011,0.665361111111025,0.701638888888908,1.35449999999969,7.65450000000033,0.65722222222189,0.700722222222238,0,FALSE,FALSE,0.142523456985625,1.42523456985625,0,"953;954;955;956",239
"Laptop","AD_Stan_chunked","NicoStan_BridgeStan",50000,25,1,1,1,10,"50597d787bf5578f0fdbdd94f2702741","NicoStan_BridgeStan_state_allocation_thread_setup_sampling_model_load_divergence_check","iteration_difference","main_scaling","two_run_difference",2000,4,7.03972222222288,7.01277777777818,0.173732624143161,1.49524999999994,7.83100000000053,0.791277777777654,0.703972222222288,1.35499999999973,7.79550000000108,0.648333333332977,0.701277777777818,0,FALSE,FALSE,0.142051059464139,1.42051059464139,0,"441;442;443;444",111
"Laptop","MD_BayesMVP","BayesMVP_NicoStan",50000,50,2,2,1,50,"50597d787bf5578f0fdbdd94f2702741","state_allocation_thread_setup_sampling_divergence_check","iteration_difference","main_scaling","two_run_difference",NA,4,16.0369897959188,16.0897959183678,0.132302978658246,0.372249999999781,16.0885000000002,0.0515102040814053,0.320739795918376,0.365999999999985,16.1485000000002,0.0443163265304111,0.321795918367357,0,FALSE,FALSE,0.124711683766799,6.23558418833994,0,"2182;2187;2192;2197",547
"Laptop","MD_BayesMVP_WCP","BayesMVP_NicoStan",50000,50,4,2,2,100,"50597d787bf5578f0fdbdd94f2702741","state_allocation_thread_setup_sampling_divergence_check","iteration_difference","main_scaling","two_run_difference",NA,4,17.8075757575758,17.806565656565,0.0794177533020253,0.246249999999861,17.8757499999999,0.0681742424241037,0.178075757575758,0.240499999999997,17.8684999999994,0.0626969696969719,0.17806565656565,0,FALSE,FALSE,0.11231175019144,11.231175019144,0,"2601;2607;2613;2619",651
"Laptop","MD_BayesMVP","BayesMVP_NicoStan",50000,50,1,1,1,50,"50597d787bf5578f0fdbdd94f2702741","state_allocation_thread_setup_sampling_divergence_check","iteration_difference","main_scaling","two_run_difference",NA,4,15.8854591836736,15.8025510204086,0.191911577164745,0.33725000000004,15.9050000000002,0.0195408163265674,0.317709183673473,0.331000000000131,15.8160000000003,0.015071428571455,0.316051020408172,0,FALSE,FALSE,0.0629506511859447,3.14753255929723,0,"2181;2186;2191;2196",546
