"device","algorithm","execution_backend","N","num_chunks","n_threads","n_chains","threads_per_chain","n_iter","dataset_md5","timing_scope","timing_estimator","benchmark_role","timing_method","stan_chunk_size","n_repeats","time_median","time_sd","time_short_run_median","time_long_run_median","fixed_cost_median","seconds_per_iteration_median","n_repeats_two_run_flagged","time_median_not_positive","chain_rate","total_iter_per_sec","max_divergences","configuration_id","mplus_iteration_mode"
"Laptop","Mplus_WCP","mplus",500,1,4,2,2,10000,"257aba3ac8b8727679d269bf8597bb85","Mplus_input_write_engine_run_output_validation_BITERATIONS","overhead_subtraction","main_scaling","two_run_difference",NA,3,7.371,0.126622799421484,0.440000000000005,7.811,0.440000000000005,0.0007371,0,FALSE,0.271333604666938,2713.33604666938,NA,1,"BITERATIONS"
"Laptop","Mplus_WCP","mplus",500,1,8,2,4,10000,"257aba3ac8b8727679d269bf8597bb85","Mplus_input_write_engine_run_output_validation_BITERATIONS","overhead_subtraction","main_scaling","two_run_difference",NA,3,7.145,0.016441816606852,0.435000000000002,7.58199999999999,0.435000000000002,0.0007145,0,FALSE,0.279916025192442,2799.16025192442,NA,2,"BITERATIONS"
"Laptop","Mplus_WCP","mplus",500,1,16,2,8,10000,"257aba3ac8b8727679d269bf8597bb85","Mplus_input_write_engine_run_output_validation_BITERATIONS","overhead_subtraction","main_scaling","two_run_difference",NA,3,11.404,0.181274193787575,0.451000000000001,11.855,0.451000000000001,0.0011404,0,FALSE,0.175377060680463,1753.77060680463,NA,3,"BITERATIONS"
"Laptop","Mplus_WCP","mplus",500,1,8,4,2,10000,"257aba3ac8b8727679d269bf8597bb85","Mplus_input_write_engine_run_output_validation_BITERATIONS","overhead_subtraction","main_scaling","two_run_difference",NA,3,13.206,0.0253837218180044,0.438999999999993,13.647,0.438999999999993,0.0013206,0,FALSE,0.302892624564591,3028.92624564592,NA,4,"BITERATIONS"
"Laptop","Mplus_WCP","mplus",500,1,16,4,4,10000,"257aba3ac8b8727679d269bf8597bb85","Mplus_input_write_engine_run_output_validation_BITERATIONS","overhead_subtraction","main_scaling","two_run_difference",NA,3,18.829,0.162907949468392,0.444000000000017,19.276,0.444000000000017,0.0018829,0,FALSE,0.212438260130649,2124.38260130649,NA,5,"BITERATIONS"
"Laptop","Mplus_WCP","mplus",500,1,16,8,2,10000,"257aba3ac8b8727679d269bf8597bb85","Mplus_input_write_engine_run_output_validation_BITERATIONS","overhead_subtraction","main_scaling","two_run_difference",NA,3,33.159,0.840513136918939,0.441000000000003,33.6,0.441000000000003,0.0033159,0,FALSE,0.241261799209868,2412.61799209868,NA,6,"BITERATIONS"
"Laptop","Mplus_WCP","mplus",2500,1,4,2,2,2000,"7184208393ceb4c8ae3e26f0d1660bdb","Mplus_input_write_engine_run_output_validation_BITERATIONS","overhead_subtraction","main_scaling","two_run_difference",NA,3,6.33599999999996,0.147825347397965,0.526999999999987,6.875,0.526999999999987,0.00316799999999998,0,FALSE,0.315656565656568,631.313131313136,NA,7,"BITERATIONS"
"Laptop","Mplus_WCP","mplus",2500,1,8,2,4,2000,"7184208393ceb4c8ae3e26f0d1660bdb","Mplus_input_write_engine_run_output_validation_BITERATIONS","overhead_subtraction","main_scaling","two_run_difference",NA,3,5.863,0.0672111101926841,0.512,6.36799999999999,0.512,0.0029315,0,FALSE,0.341122292341805,682.244584683609,NA,8,"BITERATIONS"
"Laptop","Mplus_WCP","mplus",2500,1,16,2,8,2000,"7184208393ceb4c8ae3e26f0d1660bdb","Mplus_input_write_engine_run_output_validation_BITERATIONS","overhead_subtraction","main_scaling","two_run_difference",NA,3,7.92200000000003,0.214186834329309,0.510999999999967,8.43299999999999,0.510999999999967,0.00396100000000001,0,FALSE,0.252461499621307,504.922999242614,NA,9,"BITERATIONS"
"Laptop","Mplus_WCP","mplus",2500,1,8,4,2,2000,"7184208393ceb4c8ae3e26f0d1660bdb","Mplus_input_write_engine_run_output_validation_BITERATIONS","overhead_subtraction","main_scaling","two_run_difference",NA,3,11.266,0.0612726148726235,0.532999999999959,11.794,0.532999999999959,0.00563300000000001,0,FALSE,0.355050594709746,710.101189419491,NA,10,"BITERATIONS"
"Laptop","Mplus_WCP","mplus",2500,1,16,4,4,2000,"7184208393ceb4c8ae3e26f0d1660bdb","Mplus_input_write_engine_run_output_validation_BITERATIONS","overhead_subtraction","main_scaling","two_run_difference",NA,3,13.54,0.213586048233475,0.512999999999977,14.054,0.512999999999977,0.00677000000000001,0,FALSE,0.295420974889217,590.841949778433,NA,11,"BITERATIONS"
"Laptop","Mplus_WCP","mplus",2500,1,16,8,2,2000,"7184208393ceb4c8ae3e26f0d1660bdb","Mplus_input_write_engine_run_output_validation_BITERATIONS","overhead_subtraction","main_scaling","two_run_difference",NA,3,23.449,0.382330136574861,0.548000000000002,23.994,0.548000000000002,0.0117245,0,FALSE,0.341165934581432,682.331869162864,NA,12,"BITERATIONS"
"Laptop","Mplus_WCP","mplus",10000,1,4,2,2,500,"b352a26c8e9b174599c6b645056fb577","Mplus_input_write_engine_run_output_validation_BITERATIONS","overhead_subtraction","main_scaling","two_run_difference",NA,3,5.928,0.0622655603042106,0.88900000000001,6.81700000000001,0.88900000000001,0.011856,0,FALSE,0.337381916329285,168.690958164642,NA,13,"BITERATIONS"
"Laptop","Mplus_WCP","mplus",10000,1,8,2,4,500,"b352a26c8e9b174599c6b645056fb577","Mplus_input_write_engine_run_output_validation_BITERATIONS","overhead_subtraction","main_scaling","two_run_difference",NA,3,5.65300000000002,0.00750555349951486,0.793000000000006,6.44600000000003,0.793000000000006,0.011306,0,FALSE,0.353794445427206,176.897222713603,NA,14,"BITERATIONS"
"Laptop","Mplus_WCP","mplus",10000,1,16,2,8,500,"b352a26c8e9b174599c6b645056fb577","Mplus_input_write_engine_run_output_validation_BITERATIONS","overhead_subtraction","main_scaling","two_run_difference",NA,3,6.09199999999998,0.0310000000000059,0.800999999999931,6.88800000000003,0.800999999999931,0.012184,0,FALSE,0.328299409061065,164.149704530532,NA,15,"BITERATIONS"
"Laptop","Mplus_WCP","mplus",10000,1,8,4,2,500,"b352a26c8e9b174599c6b645056fb577","Mplus_input_write_engine_run_output_validation_BITERATIONS","overhead_subtraction","main_scaling","two_run_difference",NA,3,10.9109999999999,1.10337044247766,0.895999999999958,11.827,0.895999999999958,0.0218219999999999,0,FALSE,0.366602511227204,183.301255613602,NA,16,"BITERATIONS"
"Laptop","Mplus_WCP","mplus",10000,1,16,4,4,500,"b352a26c8e9b174599c6b645056fb577","Mplus_input_write_engine_run_output_validation_BITERATIONS","overhead_subtraction","main_scaling","two_run_difference",NA,3,10.8960000000001,0.130806472826572,0.793999999999983,11.6900000000001,0.793999999999983,0.0217920000000001,0,FALSE,0.367107195301025,183.553597650513,NA,17,"BITERATIONS"
"Laptop","Mplus_WCP","mplus",10000,1,16,8,2,500,"b352a26c8e9b174599c6b645056fb577","Mplus_input_write_engine_run_output_validation_BITERATIONS","overhead_subtraction","main_scaling","two_run_difference",NA,3,19.999,0.141077992613927,0.92999999999995,20.9250000000001,0.92999999999995,0.039998,0,FALSE,0.40002000100005,200.010000500025,NA,18,"BITERATIONS"
"Laptop","Mplus_WCP","mplus",50000,1,4,2,2,100,"50597d787bf5578f0fdbdd94f2702741","Mplus_input_write_engine_run_output_validation_BITERATIONS","overhead_subtraction","main_scaling","two_run_difference",NA,3,5.81200000000001,0.090257040353289,2.70800000000008,8.51599999999996,2.70800000000008,0.0581200000000001,0,FALSE,0.344115622849277,34.4115622849277,NA,19,"BITERATIONS"
"Laptop","Mplus_WCP","mplus",50000,1,8,2,4,100,"50597d787bf5578f0fdbdd94f2702741","Mplus_input_write_engine_run_output_validation_BITERATIONS","overhead_subtraction","main_scaling","two_run_difference",NA,3,5.49000000000001,0.0206639783197426,2.25099999999998,7.74099999999999,2.25099999999998,0.0549000000000001,0,FALSE,0.364298724954462,36.4298724954462,NA,20,"BITERATIONS"
"Laptop","Mplus_WCP","mplus",50000,1,16,2,8,100,"50597d787bf5578f0fdbdd94f2702741","Mplus_input_write_engine_run_output_validation_BITERATIONS","overhead_subtraction","main_scaling","two_run_difference",NA,3,5.06799999999998,0.0656429737290909,2.21100000000001,7.279,2.21100000000001,0.0506799999999998,0,FALSE,0.394632991318075,39.4632991318075,NA,21,"BITERATIONS"
"Laptop","Mplus_WCP","mplus",50000,1,8,4,2,100,"50597d787bf5578f0fdbdd94f2702741","Mplus_input_write_engine_run_output_validation_BITERATIONS","overhead_subtraction","main_scaling","two_run_difference",NA,3,10.706,0.0260576284415418,2.76699999999994,13.496,2.76699999999994,0.10706,0,FALSE,0.373622267887165,37.3622267887165,NA,22,"BITERATIONS"
"Laptop","Mplus_WCP","mplus",50000,1,16,4,4,100,"50597d787bf5578f0fdbdd94f2702741","Mplus_input_write_engine_run_output_validation_BITERATIONS","overhead_subtraction","main_scaling","two_run_difference",NA,3,9.25100000000009,0.408628600728534,2.279,11.551,2.279,0.0925100000000009,0,FALSE,0.432385688033722,43.2385688033722,NA,23,"BITERATIONS"
"Laptop","Mplus_WCP","mplus",50000,1,16,8,2,100,"50597d787bf5578f0fdbdd94f2702741","Mplus_input_write_engine_run_output_validation_BITERATIONS","overhead_subtraction","main_scaling","two_run_difference",NA,3,17.6539999999999,0.0956399498116942,2.85799999999995,20.5359999999999,2.85799999999995,0.176539999999999,0,FALSE,0.453155092330353,45.3155092330353,NA,24,"BITERATIONS"
"Laptop","Mplus_standard","mplus",500,1,1,1,1,2000,"257aba3ac8b8727679d269bf8597bb85","Mplus_input_write_engine_run_output_validation_BITERATIONS","overhead_subtraction","main_scaling","two_run_difference",NA,3,2.765,0.0297153159162069,0.426,3.195,0.426,0.0013825,0,FALSE,0.361663652802893,723.327305605787,NA,25,"BITERATIONS"
"Laptop","Mplus_standard","mplus",500,1,2,2,1,2000,"257aba3ac8b8727679d269bf8597bb85","Mplus_input_write_engine_run_output_validation_BITERATIONS","overhead_subtraction","main_scaling","two_run_difference",NA,3,3.36799999999999,0.0526244556583097,0.484000000000002,3.848,0.484000000000002,0.001684,0,FALSE,0.593824228028504,1187.64845605701,NA,26,"BITERATIONS"
"Laptop","Mplus_standard","mplus",500,1,4,4,1,2000,"257aba3ac8b8727679d269bf8597bb85","Mplus_input_write_engine_run_output_validation_BITERATIONS","overhead_subtraction","main_scaling","two_run_difference",NA,3,4.892,0.132424821439691,0.486999999999995,5.379,0.486999999999995,0.002446,0,FALSE,0.817661488143908,1635.32297628782,NA,27,"BITERATIONS"
"Laptop","Mplus_standard","mplus",500,1,8,8,1,2000,"257aba3ac8b8727679d269bf8597bb85","Mplus_input_write_engine_run_output_validation_BITERATIONS","overhead_subtraction","main_scaling","two_run_difference",NA,3,9.12200000000001,0.0554346462061307,0.489000000000004,9.629,0.489000000000004,0.00456100000000001,0,FALSE,0.877000657750492,1754.00131550098,NA,28,"BITERATIONS"
"Laptop","Mplus_standard","mplus",500,1,16,16,1,2000,"257aba3ac8b8727679d269bf8597bb85","Mplus_input_write_engine_run_output_validation_BITERATIONS","overhead_subtraction","main_scaling","two_run_difference",NA,3,13.605,0.0447362641861602,0.510999999999996,14.133,0.510999999999996,0.0068025,0,FALSE,1.17603822124219,2352.07644248438,NA,29,"BITERATIONS"
"Laptop","Mplus_standard","mplus",2500,1,1,1,1,400,"7184208393ceb4c8ae3e26f0d1660bdb","Mplus_input_write_engine_run_output_validation_BITERATIONS","overhead_subtraction","main_scaling","two_run_difference",NA,3,2.52600000000001,0.00929157324319033,0.442999999999984,2.965,0.442999999999984,0.00631500000000003,0,FALSE,0.395882818685667,158.353127474267,NA,30,"BITERATIONS"
"Laptop","Mplus_standard","mplus",2500,1,2,2,1,400,"7184208393ceb4c8ae3e26f0d1660bdb","Mplus_input_write_engine_run_output_validation_BITERATIONS","overhead_subtraction","main_scaling","two_run_difference",NA,3,3.10099999999997,0.0513939036592261,0.735000000000014,3.83599999999998,0.735000000000014,0.00775249999999993,0,FALSE,0.644953240890042,257.981296356017,NA,31,"BITERATIONS"
"Laptop","Mplus_standard","mplus",2500,1,4,4,1,400,"7184208393ceb4c8ae3e26f0d1660bdb","Mplus_input_write_engine_run_output_validation_BITERATIONS","overhead_subtraction","main_scaling","two_run_difference",NA,3,4.59,0.0969346859144513,0.739000000000004,5.328,0.739000000000004,0.011475,0,FALSE,0.871459694989106,348.583877995642,NA,32,"BITERATIONS"
"Laptop","Mplus_standard","mplus",2500,1,8,8,1,400,"7184208393ceb4c8ae3e26f0d1660bdb","Mplus_input_write_engine_run_output_validation_BITERATIONS","overhead_subtraction","main_scaling","two_run_difference",NA,3,8.518,0.0090737717258618,0.768000000000001,9.28100000000001,0.768000000000001,0.021295,0,FALSE,0.939187602723644,375.675041089458,NA,33,"BITERATIONS"
"Laptop","Mplus_standard","mplus",2500,1,16,16,1,400,"7184208393ceb4c8ae3e26f0d1660bdb","Mplus_input_write_engine_run_output_validation_BITERATIONS","overhead_subtraction","main_scaling","two_run_difference",NA,3,12.036,0.0372200662725757,0.840000000000003,12.885,0.840000000000003,0.0300900000000001,0,FALSE,1.32934529744101,531.738118976403,NA,34,"BITERATIONS"
"Laptop","Mplus_standard","mplus",10000,1,1,1,1,200,"b352a26c8e9b174599c6b645056fb577","Mplus_input_write_engine_run_output_validation_BITERATIONS","overhead_subtraction","main_scaling","two_run_difference",NA,3,4.91899999999998,0.00737111479582992,0.533999999999992,5.45600000000002,0.533999999999992,0.0245949999999999,0,FALSE,0.20329335230738,40.658670461476,NA,35,"BITERATIONS"
"Laptop","Mplus_standard","mplus",10000,1,2,2,1,200,"b352a26c8e9b174599c6b645056fb577","Mplus_input_write_engine_run_output_validation_BITERATIONS","overhead_subtraction","main_scaling","two_run_difference",NA,3,5.98299999999995,0.133087690390006,1.69200000000001,7.65899999999999,1.69200000000001,0.0299149999999997,0,FALSE,0.33428046130704,66.8560922614079,NA,36,"BITERATIONS"
"Laptop","Mplus_standard","mplus",10000,1,4,4,1,200,"b352a26c8e9b174599c6b645056fb577","Mplus_input_write_engine_run_output_validation_BITERATIONS","overhead_subtraction","main_scaling","two_run_difference",NA,3,8.68999999999994,0.100897637897702,1.71600000000001,10.414,1.71600000000001,0.0434499999999997,0,FALSE,0.460299194476413,92.0598388952826,NA,37,"BITERATIONS"
"Laptop","Mplus_standard","mplus",10000,1,8,8,1,200,"b352a26c8e9b174599c6b645056fb577","Mplus_input_write_engine_run_output_validation_BITERATIONS","overhead_subtraction","main_scaling","two_run_difference",NA,3,16.684,0.053351038727792,1.76600000000002,18.45,1.76600000000002,0.0834200000000001,0,FALSE,0.479501318628625,95.9002637257251,NA,38,"BITERATIONS"
"Laptop","Mplus_standard","mplus",10000,1,16,16,1,200,"b352a26c8e9b174599c6b645056fb577","Mplus_input_write_engine_run_output_validation_BITERATIONS","overhead_subtraction","main_scaling","two_run_difference",NA,3,23.1920000000001,0.0822455672564157,1.89499999999998,25.087,1.89499999999998,0.11596,0,FALSE,0.689893066574679,137.978613314936,NA,39,"BITERATIONS"
"Laptop","Mplus_standard","mplus",50000,1,1,1,1,100,"50597d787bf5578f0fdbdd94f2702741","Mplus_input_write_engine_run_output_validation_BITERATIONS","overhead_subtraction","main_scaling","two_run_difference",NA,3,12.4160000000001,0.121533260193739,0.987999999999943,13.422,0.987999999999943,0.124160000000001,0,FALSE,0.0805412371134017,8.05412371134017,NA,40,"BITERATIONS"
"Laptop","Mplus_standard","mplus",50000,1,2,2,1,100,"50597d787bf5578f0fdbdd94f2702741","Mplus_input_write_engine_run_output_validation_BITERATIONS","overhead_subtraction","main_scaling","two_run_difference",NA,3,14.668,0.0921375782910336,6.67499999999995,21.398,6.67499999999995,0.14668,0,FALSE,0.136351240796291,13.6351240796291,NA,41,"BITERATIONS"
"Laptop","Mplus_standard","mplus",50000,1,4,4,1,100,"50597d787bf5578f0fdbdd94f2702741","Mplus_input_write_engine_run_output_validation_BITERATIONS","overhead_subtraction","main_scaling","two_run_difference",NA,3,21.697,0.23915058017908,6.87099999999998,28.568,6.87099999999998,0.21697,0,FALSE,0.184357284417201,18.4357284417201,NA,42,"BITERATIONS"
"Laptop","Mplus_standard","mplus",50000,1,8,8,1,100,"50597d787bf5578f0fdbdd94f2702741","Mplus_input_write_engine_run_output_validation_BITERATIONS","overhead_subtraction","main_scaling","two_run_difference",NA,3,41.519,0.259858294717205,7.12200000000007,48.6410000000001,7.12200000000007,0.41519,0,FALSE,0.192682868084491,19.2682868084491,NA,43,"BITERATIONS"
"Laptop","Mplus_standard","mplus",50000,1,16,16,1,100,"50597d787bf5578f0fdbdd94f2702741","Mplus_input_write_engine_run_output_validation_BITERATIONS","overhead_subtraction","main_scaling","two_run_difference",NA,3,56.9210000000003,0.129641814242064,7.52199999999993,64.4430000000002,7.52199999999993,0.569210000000003,0,FALSE,0.281091337116353,28.1091337116353,NA,44,"BITERATIONS"
"Laptop","Mplus_WCP","mplus",500,1,4,2,2,10000,"257aba3ac8b8727679d269bf8597bb85","Mplus_input_write_engine_run_output_validation_FBITERATIONS","overhead_subtraction","main_scaling","two_run_difference",NA,3,7.33299999999872,0.106691143027382,0.735000000000582,8.08699999999953,0.735000000000582,0.000733299999999872,0,FALSE,0.272739669985047,2727.39669985047,NA,1,"FBITERATIONS"
"Laptop","Mplus_WCP","mplus",500,1,8,2,4,10000,"257aba3ac8b8727679d269bf8597bb85","Mplus_input_write_engine_run_output_validation_FBITERATIONS","overhead_subtraction","main_scaling","two_run_difference",NA,3,7.17399999999907,0.0883911760318035,0.740000000005239,7.80299999999988,0.740000000005239,0.000717399999999907,0,FALSE,0.278784499581859,2787.84499581859,NA,2,"FBITERATIONS"
"Laptop","Mplus_WCP","mplus",500,1,16,2,8,10000,"257aba3ac8b8727679d269bf8597bb85","Mplus_input_write_engine_run_output_validation_FBITERATIONS","overhead_subtraction","main_scaling","two_run_difference",NA,3,10.967,0.191891462381976,0.737999999997555,11.3950000000041,0.737999999997555,0.0010967,0,FALSE,0.182365277651135,1823.65277651135,NA,3,"FBITERATIONS"
"Laptop","Mplus_WCP","mplus",500,1,8,4,2,10000,"257aba3ac8b8727679d269bf8597bb85","Mplus_input_write_engine_run_output_validation_FBITERATIONS","overhead_subtraction","main_scaling","two_run_difference",NA,3,13.3540000000066,0.0700642562271905,0.751000000003842,14.0619999999908,0.751000000003842,0.00133540000000066,0,FALSE,0.299535719634418,2995.35719634418,NA,4,"FBITERATIONS"
"Laptop","Mplus_WCP","mplus",500,1,16,4,4,10000,"257aba3ac8b8727679d269bf8597bb85","Mplus_input_write_engine_run_output_validation_FBITERATIONS","overhead_subtraction","main_scaling","two_run_difference",NA,3,19.0439999999944,0.29622795276857,0.740999999994528,19.8139999999985,0.740999999994528,0.00190439999999944,0,FALSE,0.210039907582502,2100.39907582502,NA,5,"FBITERATIONS"
"Laptop","Mplus_WCP","mplus",500,1,16,8,2,10000,"257aba3ac8b8727679d269bf8597bb85","Mplus_input_write_engine_run_output_validation_FBITERATIONS","overhead_subtraction","main_scaling","two_run_difference",NA,3,33.3180000000029,0.477419452196828,0.670000000001892,33.871,0.670000000001892,0.00333180000000029,0,FALSE,0.24011045080735,2401.1045080735,NA,6,"FBITERATIONS"
"Laptop","Mplus_WCP","mplus",2500,1,4,2,2,2000,"7184208393ceb4c8ae3e26f0d1660bdb","Mplus_input_write_engine_run_output_validation_FBITERATIONS","overhead_subtraction","main_scaling","two_run_difference",NA,3,6.34900000000198,0.0401497198075448,0.838000000003376,7.14599999999336,0.838000000003376,0.00317450000000099,0,FALSE,0.315010237832631,630.020475665263,NA,7,"FBITERATIONS"
"Laptop","Mplus_WCP","mplus",2500,1,8,2,4,2000,"7184208393ceb4c8ae3e26f0d1660bdb","Mplus_input_write_engine_run_output_validation_FBITERATIONS","overhead_subtraction","main_scaling","two_run_difference",NA,3,5.86300000000001,0.0173877351441577,0.805000000007567,6.67199999999139,0.805000000007567,0.00293150000000001,0,FALSE,0.341122292341804,682.244584683608,NA,8,"FBITERATIONS"
"Laptop","Mplus_WCP","mplus",2500,1,16,2,8,2000,"7184208393ceb4c8ae3e26f0d1660bdb","Mplus_input_write_engine_run_output_validation_FBITERATIONS","overhead_subtraction","main_scaling","two_run_difference",NA,3,7.70499999999997,0.177096019149914,0.820000000006985,8.43099999999686,0.820000000006985,0.00385249999999998,0,FALSE,0.259571706683972,519.143413367945,NA,9,"FBITERATIONS"
"Laptop","Mplus_WCP","mplus",2500,1,8,4,2,2000,"7184208393ceb4c8ae3e26f0d1660bdb","Mplus_input_write_engine_run_output_validation_FBITERATIONS","overhead_subtraction","main_scaling","two_run_difference",NA,3,11.3080000000045,0.032715949220167,0.831000000005588,12.101999999999,0.831000000005588,0.00565400000000227,0,FALSE,0.353731871241457,707.463742482914,NA,10,"FBITERATIONS"
"Laptop","Mplus_WCP","mplus",2500,1,16,4,4,2000,"7184208393ceb4c8ae3e26f0d1660bdb","Mplus_input_write_engine_run_output_validation_FBITERATIONS","overhead_subtraction","main_scaling","two_run_difference",NA,3,13.75,1.67980385759538,0.834000000002561,14.5840000000026,0.834000000002561,0.006875,0,FALSE,0.290909090909091,581.818181818182,NA,11,"FBITERATIONS"
"Laptop","Mplus_WCP","mplus",2500,1,16,8,2,2000,"7184208393ceb4c8ae3e26f0d1660bdb","Mplus_input_write_engine_run_output_validation_FBITERATIONS","overhead_subtraction","main_scaling","two_run_difference",NA,3,23.6270000000004,0.478640087470287,0.776000000001659,24.4160000000011,0.776000000001659,0.0118135000000002,0,FALSE,0.338595674440253,677.191348880506,NA,12,"FBITERATIONS"
"Laptop","Mplus_WCP","mplus",10000,1,4,2,2,500,"b352a26c8e9b174599c6b645056fb577","Mplus_input_write_engine_run_output_validation_FBITERATIONS","overhead_subtraction","main_scaling","two_run_difference",NA,3,5.91599999999744,0.217053756782435,1.17000000001281,7.08600000001024,1.17000000001281,0.0118319999999949,0,FALSE,0.3380662609873,169.03313049365,NA,13,"FBITERATIONS"
"Laptop","Mplus_WCP","mplus",10000,1,8,2,4,500,"b352a26c8e9b174599c6b645056fb577","Mplus_input_write_engine_run_output_validation_FBITERATIONS","overhead_subtraction","main_scaling","two_run_difference",NA,3,5.649,0.0276827262665298,1.08100000000559,6.69700000000012,1.08100000000559,0.011298,0,FALSE,0.354044963710391,177.022481855196,NA,14,"FBITERATIONS"
"Laptop","Mplus_WCP","mplus",10000,1,16,2,8,500,"b352a26c8e9b174599c6b645056fb577","Mplus_input_write_engine_run_output_validation_FBITERATIONS","overhead_subtraction","main_scaling","two_run_difference",NA,3,6.20100000000093,0.0987184548746297,1.10899999999674,7.32000000000698,1.10899999999674,0.0124020000000019,0,FALSE,0.322528624415368,161.264312207684,NA,15,"FBITERATIONS"
"Laptop","Mplus_WCP","mplus",10000,1,8,4,2,500,"b352a26c8e9b174599c6b645056fb577","Mplus_input_write_engine_run_output_validation_FBITERATIONS","overhead_subtraction","main_scaling","two_run_difference",NA,3,10.7979999999952,0.120176259448818,1.2039999999979,11.8289999999979,1.2039999999979,0.0215959999999905,0,FALSE,0.370438970179827,185.219485089913,NA,16,"FBITERATIONS"
"Laptop","Mplus_WCP","mplus",10000,1,16,4,4,500,"b352a26c8e9b174599c6b645056fb577","Mplus_input_write_engine_run_output_validation_FBITERATIONS","overhead_subtraction","main_scaling","two_run_difference",NA,3,10.988,0.197000846021966,1.09700000000885,11.8949999999895,1.09700000000885,0.021976,0,FALSE,0.364033491081179,182.01674554059,NA,17,"FBITERATIONS"
"Laptop","Mplus_WCP","mplus",10000,1,16,8,2,500,"b352a26c8e9b174599c6b645056fb577","Mplus_input_write_engine_run_output_validation_FBITERATIONS","overhead_subtraction","main_scaling","two_run_difference",NA,3,20.2099999999991,0.159387368800572,1.1359999999986,21.141,1.1359999999986,0.0404199999999983,0,FALSE,0.395843641761521,197.921820880761,NA,18,"FBITERATIONS"
"Laptop","Mplus_WCP","mplus",50000,1,4,2,2,100,"50597d787bf5578f0fdbdd94f2702741","Mplus_input_write_engine_run_output_validation_FBITERATIONS","overhead_subtraction","main_scaling","two_run_difference",NA,3,6.02100000000002,0.39911067805245,2.99199999999837,8.79499999999825,2.99199999999837,0.0602100000000002,0,FALSE,0.332170735758179,33.2170735758179,NA,19,"FBITERATIONS"
"Laptop","Mplus_WCP","mplus",50000,1,8,2,4,100,"50597d787bf5578f0fdbdd94f2702741","Mplus_input_write_engine_run_output_validation_FBITERATIONS","overhead_subtraction","main_scaling","two_run_difference",NA,3,5.48200000000361,0.0343850742850839,2.5570000000007,8.07099999999627,2.5570000000007,0.0548200000000361,0,FALSE,0.364830353885203,36.4830353885203,NA,20,"FBITERATIONS"
"Laptop","Mplus_WCP","mplus",50000,1,16,2,8,100,"50597d787bf5578f0fdbdd94f2702741","Mplus_input_write_engine_run_output_validation_FBITERATIONS","overhead_subtraction","main_scaling","two_run_difference",NA,3,5.29000000000815,0.130770791847466,2.49499999999534,7.78599999999278,2.49499999999534,0.0529000000000815,0,FALSE,0.378071833647811,37.8071833647811,NA,21,"FBITERATIONS"
"Laptop","Mplus_WCP","mplus",50000,1,8,4,2,100,"50597d787bf5578f0fdbdd94f2702741","Mplus_input_write_engine_run_output_validation_FBITERATIONS","overhead_subtraction","main_scaling","two_run_difference",NA,3,10.5879999999888,0.0294448637263993,3.09000000001106,13.6779999999999,3.09000000001106,0.105879999999888,0,FALSE,0.377786173026466,37.7786173026466,NA,22,"FBITERATIONS"
"Laptop","Mplus_WCP","mplus",50000,1,16,4,4,100,"50597d787bf5578f0fdbdd94f2702741","Mplus_input_write_engine_run_output_validation_FBITERATIONS","overhead_subtraction","main_scaling","two_run_difference",NA,3,9.3859999999986,0.153743292538635,2.58000000000175,11.9440000000031,2.58000000000175,0.093859999999986,0,FALSE,0.426166631152844,42.6166631152844,NA,23,"FBITERATIONS"
"Laptop","Mplus_WCP","mplus",50000,1,16,8,2,100,"50597d787bf5578f0fdbdd94f2702741","Mplus_input_write_engine_run_output_validation_FBITERATIONS","overhead_subtraction","main_scaling","two_run_difference",NA,3,17.4430000000029,0.40996219337809,3.09899999999834,20.5630000000019,3.09899999999834,0.174430000000029,0,FALSE,0.458636702402032,45.8636702402032,NA,24,"FBITERATIONS"
"Laptop","Mplus_standard","mplus",500,1,1,1,1,2000,"257aba3ac8b8727679d269bf8597bb85","Mplus_input_write_engine_run_output_validation_FBITERATIONS","overhead_subtraction","main_scaling","two_run_difference",NA,3,2.739,0.0168027775481695,0.425000000000001,3.164,0.425000000000001,0.0013695,0,FALSE,0.365096750638919,730.193501277839,NA,25,"FBITERATIONS"
"Laptop","Mplus_standard","mplus",500,1,2,2,1,2000,"257aba3ac8b8727679d269bf8597bb85","Mplus_input_write_engine_run_output_validation_FBITERATIONS","overhead_subtraction","main_scaling","two_run_difference",NA,3,3.346,0.0318956632370824,0.484999999999999,3.831,0.484999999999999,0.001673,0,FALSE,0.597728631201434,1195.45726240287,NA,26,"FBITERATIONS"
"Laptop","Mplus_standard","mplus",500,1,4,4,1,2000,"257aba3ac8b8727679d269bf8597bb85","Mplus_input_write_engine_run_output_validation_FBITERATIONS","overhead_subtraction","main_scaling","two_run_difference",NA,3,4.863,0.0602854321816947,0.487000000000002,5.35,0.487000000000002,0.0024315,0,FALSE,0.822537528274728,1645.07505654946,NA,27,"FBITERATIONS"
"Laptop","Mplus_standard","mplus",500,1,8,8,1,2000,"257aba3ac8b8727679d269bf8597bb85","Mplus_input_write_engine_run_output_validation_FBITERATIONS","overhead_subtraction","main_scaling","two_run_difference",NA,3,9.253,0.0528488410469005,0.494,9.751,0.494,0.0046265,0,FALSE,0.864584459094348,1729.1689181887,NA,28,"FBITERATIONS"
"Laptop","Mplus_standard","mplus",500,1,16,16,1,2000,"257aba3ac8b8727679d269bf8597bb85","Mplus_input_write_engine_run_output_validation_FBITERATIONS","overhead_subtraction","main_scaling","two_run_difference",NA,3,13.9,0.0991413132856338,0.51100000000001,14.411,0.51100000000001,0.00695,0,FALSE,1.15107913669065,2302.15827338129,NA,29,"FBITERATIONS"
"Laptop","Mplus_standard","mplus",2500,1,1,1,1,400,"7184208393ceb4c8ae3e26f0d1660bdb","Mplus_input_write_engine_run_output_validation_FBITERATIONS","overhead_subtraction","main_scaling","two_run_difference",NA,3,2.512,0.00763762615826519,0.449000000000012,2.96799999999999,0.449000000000012,0.00628,0,FALSE,0.398089171974522,159.235668789809,NA,30,"FBITERATIONS"
"Laptop","Mplus_standard","mplus",2500,1,2,2,1,400,"7184208393ceb4c8ae3e26f0d1660bdb","Mplus_input_write_engine_run_output_validation_FBITERATIONS","overhead_subtraction","main_scaling","two_run_difference",NA,3,3.047,0.0467760622541076,0.742999999999995,3.78999999999999,0.742999999999995,0.00761749999999999,0,FALSE,0.656383327863473,262.553331145389,NA,31,"FBITERATIONS"
"Laptop","Mplus_standard","mplus",2500,1,4,4,1,400,"7184208393ceb4c8ae3e26f0d1660bdb","Mplus_input_write_engine_run_output_validation_FBITERATIONS","overhead_subtraction","main_scaling","two_run_difference",NA,3,4.42499999999998,0.188990299574696,0.745000000000005,5.16999999999999,0.745000000000005,0.0110625,0,FALSE,0.90395480225989,361.581920903956,NA,32,"FBITERATIONS"
"Laptop","Mplus_standard","mplus",2500,1,8,8,1,400,"7184208393ceb4c8ae3e26f0d1660bdb","Mplus_input_write_engine_run_output_validation_FBITERATIONS","overhead_subtraction","main_scaling","two_run_difference",NA,3,8.54600000000002,0.0100166528008679,0.757000000000005,9.30200000000002,0.757000000000005,0.0213650000000001,0,FALSE,0.9361104610344,374.44418441376,NA,33,"FBITERATIONS"
"Laptop","Mplus_standard","mplus",2500,1,16,16,1,400,"7184208393ceb4c8ae3e26f0d1660bdb","Mplus_input_write_engine_run_output_validation_FBITERATIONS","overhead_subtraction","main_scaling","two_run_difference",NA,3,12.229,0.0484183160935199,0.843999999999994,13.075,0.843999999999994,0.0305725,0,FALSE,1.30836536102707,523.346144410826,NA,34,"FBITERATIONS"
"Laptop","Mplus_standard","mplus",10000,1,1,1,1,200,"b352a26c8e9b174599c6b645056fb577","Mplus_input_write_engine_run_output_validation_FBITERATIONS","overhead_subtraction","main_scaling","two_run_difference",NA,3,4.99499999999995,0.0398873413503863,0.53000000000003,5.524,0.53000000000003,0.0249749999999997,0,FALSE,0.200200200200202,40.0400400400405,NA,35,"FBITERATIONS"
"Laptop","Mplus_standard","mplus",10000,1,2,2,1,200,"b352a26c8e9b174599c6b645056fb577","Mplus_input_write_engine_run_output_validation_FBITERATIONS","overhead_subtraction","main_scaling","two_run_difference",NA,3,6.03300000000002,0.0400666112035323,1.697,7.71800000000002,1.697,0.0301650000000001,0,FALSE,0.331510028178352,66.3020056356703,NA,36,"FBITERATIONS"
"Laptop","Mplus_standard","mplus",10000,1,4,4,1,200,"b352a26c8e9b174599c6b645056fb577","Mplus_input_write_engine_run_output_validation_FBITERATIONS","overhead_subtraction","main_scaling","two_run_difference",NA,3,8.822,0.0782325592917299,1.702,10.538,1.702,0.04411,0,FALSE,0.45341192473362,90.6823849467241,NA,37,"FBITERATIONS"
"Laptop","Mplus_standard","mplus",10000,1,8,8,1,200,"b352a26c8e9b174599c6b645056fb577","Mplus_input_write_engine_run_output_validation_FBITERATIONS","overhead_subtraction","main_scaling","two_run_difference",NA,3,16.8120000000001,0.0681346705674678,1.76999999999998,18.584,1.76999999999998,0.0840600000000003,0,FALSE,0.475850582916962,95.1701165833924,NA,38,"FBITERATIONS"
"Laptop","Mplus_standard","mplus",10000,1,16,16,1,200,"b352a26c8e9b174599c6b645056fb577","Mplus_input_write_engine_run_output_validation_FBITERATIONS","overhead_subtraction","main_scaling","two_run_difference",NA,3,23.286,0.154793410712457,1.88999999999999,25.176,1.88999999999999,0.11643,0,FALSE,0.687108133642532,137.421626728506,NA,39,"FBITERATIONS"
"Laptop","Mplus_standard","mplus",50000,1,1,1,1,100,"50597d787bf5578f0fdbdd94f2702741","Mplus_input_write_engine_run_output_validation_FBITERATIONS","overhead_subtraction","main_scaling","two_run_difference",NA,3,12.2395,0.0423389103961489,1.34399999999732,25.7880000000005,1.34399999999732,0.122395,0,FALSE,0.0817026839331674,8.17026839331674,NA,40,"FBITERATIONS"
"Laptop","Mplus_standard","mplus",50000,1,2,2,1,100,"50597d787bf5578f0fdbdd94f2702741","Mplus_input_write_engine_run_output_validation_FBITERATIONS","overhead_subtraction","main_scaling","two_run_difference",NA,3,14.7599999999948,0.0923976911736075,6.96899999999732,21.8229999999894,6.96899999999732,0.147599999999948,0,FALSE,0.135501355013598,13.5501355013598,NA,41,"FBITERATIONS"
"Laptop","Mplus_standard","mplus",50000,1,4,4,1,100,"50597d787bf5578f0fdbdd94f2702741","Mplus_input_write_engine_run_output_validation_FBITERATIONS","overhead_subtraction","main_scaling","two_run_difference",NA,3,21.376,0.392042514708407,7.18600000000151,28.189,7.18600000000151,0.21376,0,FALSE,0.187125748502994,18.7125748502994,NA,42,"FBITERATIONS"
"Laptop","Mplus_standard","mplus",50000,1,8,8,1,100,"50597d787bf5578f0fdbdd94f2702741","Mplus_input_write_engine_run_output_validation_FBITERATIONS","overhead_subtraction","main_scaling","two_run_difference",NA,3,41.5469999999999,0.112077354239743,7.39299999999639,48.75,7.39299999999639,0.415469999999999,0,FALSE,0.192553012251186,19.2553012251186,NA,43,"FBITERATIONS"
"Laptop","Mplus_standard","mplus",50000,1,16,16,1,100,"50597d787bf5578f0fdbdd94f2702741","Mplus_input_write_engine_run_output_validation_FBITERATIONS","overhead_subtraction","main_scaling","two_run_difference",NA,3,56.9400000000023,0.102503658474982,7.83400000000256,64.6729999999952,7.83400000000256,0.569400000000023,0,FALSE,0.280997541271502,28.0997541271502,NA,44,"FBITERATIONS"
