"device","algorithm","execution_backend","N","num_chunks","n_threads","n_chains","threads_per_chain","n_iter","dataset_md5","timing_scope","timing_estimator","benchmark_role","timing_method","stan_chunk_size","n_repeats","time_median","time_sd","time_short_run_median","time_long_run_median","fixed_cost_median","seconds_per_iteration_median","n_repeats_two_run_flagged","time_median_not_positive","chain_rate","total_iter_per_sec","max_divergences","case_ids","configuration_id","wcp_efficiency","wcp_speedup","serial_n_iter","serial_measured_seconds","serial_seconds","baseline_case_ids"
"Laptop","MD_BayesMVP_WCP","BayesMVP_NicoStan",500,2,4,2,2,2000,"257aba3ac8b8727679d269bf8597bb85","state_allocation_thread_setup_sampling_divergence_check","iteration_difference","main_scaling","two_run_difference",NA,4,7.7208604302147,0.193848483375029,0.00500000000005407,7.72249999999975,0.00121710855427614,0.00386043021510735,0,FALSE,0.259038486458482,518.076972916964,0,"1993;1996;1999;2002",477,0.680381788993701,1.3607635779874,400,2.10125313283206,10.5062656641603,"1554;1559;1564;1569"
"Laptop","MD_BayesMVP_WCP","BayesMVP_NicoStan",500,2,8,4,2,2000,"257aba3ac8b8727679d269bf8597bb85","state_allocation_thread_setup_sampling_divergence_check","iteration_difference","main_scaling","two_run_difference",NA,4,8.15407703851907,0.345927573300143,0.00800000000035972,8.15750000000007,0.00380815407739838,0.00407703851925953,0,FALSE,0.490552147239275,981.10429447855,0,"1994;1997;2000;2003",478,0.653762166151594,1.30752433230319,400,2.13233082706768,10.6616541353384,"1555;1560;1565;1570"
"Laptop","MD_BayesMVP_WCP","BayesMVP_NicoStan",500,2,16,8,2,2000,"257aba3ac8b8727679d269bf8597bb85","state_allocation_thread_setup_sampling_divergence_check","iteration_difference","main_scaling","two_run_difference",NA,4,13.7813906953477,0.362118899416952,0.0210000000001163,13.7955000000001,0.0141093046524424,0.00689069534767383,0,FALSE,0.580492939852627,1160.98587970525,0,"1995;1998;2001;2004",479,0.427640710546193,0.855281421092385,400,2.35739348370926,11.7869674185463,"1556;1561;1566;1571"
"Laptop","MD_BayesMVP_WCP","BayesMVP_NicoStan",500,4,4,2,2,2000,"257aba3ac8b8727679d269bf8597bb85","state_allocation_thread_setup_sampling_divergence_check","iteration_difference","main_scaling","two_run_difference",NA,4,7.92496248124062,0.387075087030622,0.00500000000005585,7.92600000000005,0.00109904952481468,0.00396248124062031,0,FALSE,0.252367125362959,504.734250725919,0,"2005;2010;2015;2020",480,0.690688974677572,1.38137794935514,400,2.18947368421052,10.9473684210526,"1574;1579;1584;1589"
"Laptop","MD_BayesMVP_WCP","BayesMVP_NicoStan",500,4,8,2,4,2000,"257aba3ac8b8727679d269bf8597bb85","state_allocation_thread_setup_sampling_divergence_check","iteration_difference","main_scaling","two_run_difference",NA,4,6.70585292646278,0.177733643459824,0.00600000000000023,6.70849999999971,0.00264707353692515,0.00335292646323139,0,FALSE,0.298246922790024,596.493845580047,0,"2006;2011;2016;2021",481,0.408127368028453,1.63250947211381,400,2.18947368421052,10.9473684210526,"1574;1579;1584;1589"
"Laptop","MD_BayesMVP_WCP","BayesMVP_NicoStan",500,4,8,4,2,2000,"257aba3ac8b8727679d269bf8597bb85","state_allocation_thread_setup_sampling_divergence_check","iteration_difference","main_scaling","two_run_difference",NA,4,8.50725362681381,0.38247156485919,0.00749999999999673,8.51250000000016,0.00326438219109228,0.0042536268134069,0,FALSE,0.470186992826039,940.373985652078,0,"2007;2012;2017;2022",482,0.658143948604869,1.31628789720974,400,2.23959899749373,11.1979949874687,"1575;1580;1585;1590"
"Laptop","MD_BayesMVP_WCP","BayesMVP_NicoStan",500,4,16,4,4,2000,"257aba3ac8b8727679d269bf8597bb85","state_allocation_thread_setup_sampling_divergence_check","iteration_difference","main_scaling","two_run_difference",NA,4,11.9244622311155,0.135741498744588,0.0164999999997235,11.9374999999999,0.0104917458726598,0.00596223111555775,0,FALSE,0.335444896589337,670.889793178675,0,"2008;2013;2018;2023",483,0.234769391911209,0.939077567644836,400,2.23959899749373,11.1979949874687,"1575;1580;1585;1590"
"Laptop","MD_BayesMVP_WCP","BayesMVP_NicoStan",500,4,16,8,2,2000,"257aba3ac8b8727679d269bf8597bb85","state_allocation_thread_setup_sampling_divergence_check","iteration_difference","main_scaling","two_run_difference",NA,4,13.8654327163579,0.256167631542471,0.0285000000000295,13.8854999999998,0.0215875437719156,0.00693271635817896,0,FALSE,0.576974420031038,1153.94884006208,0,"2009;2014;2019;2024",484,0.418993328832067,0.837986657664134,400,2.32380952380954,11.6190476190477,"1576;1581;1586;1591"
"Laptop","MD_BayesMVP_WCP","BayesMVP_NicoStan",500,10,4,2,2,2000,"257aba3ac8b8727679d269bf8597bb85","state_allocation_thread_setup_sampling_divergence_check","iteration_difference","main_scaling","two_run_difference",NA,4,9.05752876438206,0.243592533728677,0.00649999999980366,9.05949999999967,0.00188519259610161,0.00452876438219103,0,FALSE,0.220810780956592,441.621561913184,0,"2025;2031;2037;2043",485,0.668934915993184,1.33786983198637,400,2.4235588972431,12.1177944862155,"1594;1599;1604;1609"
"Laptop","MD_BayesMVP_WCP","BayesMVP_NicoStan",500,10,8,2,4,2000,"257aba3ac8b8727679d269bf8597bb85","state_allocation_thread_setup_sampling_divergence_check","iteration_difference","main_scaling","two_run_difference",NA,4,7.79889944972486,0.181041711327798,0.00699999999980605,7.80200000000001,0.00310055027514257,0.00389944972486243,0,FALSE,0.256446440025657,512.892880051315,0,"2026;2032;2038;2044",486,0.388445657119064,1.55378262847626,400,2.4235588972431,12.1177944862155,"1594;1599;1604;1609"
"Laptop","MD_BayesMVP_WCP","BayesMVP_NicoStan",500,10,16,2,8,2000,"257aba3ac8b8727679d269bf8597bb85","state_allocation_thread_setup_sampling_divergence_check","iteration_difference","main_scaling","two_run_difference",NA,4,13.3746873436723,0.323536679756003,0.0249999999998209,13.3880000000002,0.0182323661829125,0.00668734367183617,0,FALSE,0.149536205864746,299.072411729492,0,"2027;2033;2039;2045",487,0.113253063182338,0.906024505458704,400,2.4235588972431,12.1177944862155,"1594;1599;1604;1609"
"Laptop","MD_BayesMVP_WCP","BayesMVP_NicoStan",500,10,8,4,2,2000,"257aba3ac8b8727679d269bf8597bb85","state_allocation_thread_setup_sampling_divergence_check","iteration_difference","main_scaling","two_run_difference",NA,4,9.87143571785938,0.377887567027226,0.00999999999976353,9.87650000000021,0.00506428214082674,0.00493571785892969,0,FALSE,0.405209547458553,810.419094917107,0,"2028;2034;2040;2046",488,0.631045319679347,1.26209063935869,400,2.49172932330828,12.4586466165414,"1595;1600;1605;1610"
"Laptop","MD_BayesMVP_WCP","BayesMVP_NicoStan",500,10,16,4,4,2000,"257aba3ac8b8727679d269bf8597bb85","state_allocation_thread_setup_sampling_divergence_check","iteration_difference","main_scaling","two_run_difference",NA,4,13.4677338669337,0.369101433858526,0.0205000000000126,13.4800000000002,0.0138671835918085,0.00673386693346685,0,FALSE,0.297006165960919,594.012331921838,0,"2029;2035;2041;2047",489,0.231268429040058,0.925073716160234,400,2.49172932330828,12.4586466165414,"1595;1600;1605;1610"
"Laptop","MD_BayesMVP_WCP","BayesMVP_NicoStan",500,10,16,8,2,2000,"257aba3ac8b8727679d269bf8597bb85","state_allocation_thread_setup_sampling_divergence_check","iteration_difference","main_scaling","two_run_difference",NA,4,15.9129564782393,0.145485947326002,0.0279999999996647,15.9294999999997,0.0201050525259279,0.00795647823911966,0,FALSE,0.502734988997164,1005.46997799433,0,"2030;2036;2042;2048",490,0.421780795906768,0.843561591813537,400,2.68471177944862,13.4235588972431,"1596;1601;1606;1611"
"Laptop","MD_BayesMVP_WCP","BayesMVP_NicoStan",2500,2,4,2,2,400,"7184208393ceb4c8ae3e26f0d1660bdb","state_allocation_thread_setup_sampling_divergence_check","iteration_difference","main_scaling","two_run_difference",NA,4,4.46466165413529,0.252919171679007,0.0165000000002635,4.47049999999992,0.00498496240627968,0.0111616541353382,0,FALSE,0.447962276860901,179.18491074436,0,"2049;2052;2055;2058",491,0.840921590613567,1.68184318122713,80,1.50177215189874,7.50886075949369,"1634;1639;1644;1649"
"Laptop","MD_BayesMVP_WCP","BayesMVP_NicoStan",2500,2,8,4,2,400,"7184208393ceb4c8ae3e26f0d1660bdb","state_allocation_thread_setup_sampling_divergence_check","iteration_difference","main_scaling","two_run_difference",NA,4,5.69624060150402,0.440085026274604,0.0249999999998209,5.71450000000007,0.0114987468669883,0.01424060150376,0,FALSE,0.702217529039039,280.887011615616,0,"2050;2053;2056;2059",492,0.679773234598227,1.35954646919645,80,1.54886075949366,7.74430379746828,"1635;1640;1645;1650"
"Laptop","MD_BayesMVP_WCP","BayesMVP_NicoStan",2500,2,16,8,2,400,"7184208393ceb4c8ae3e26f0d1660bdb","state_allocation_thread_setup_sampling_divergence_check","iteration_difference","main_scaling","two_run_difference",NA,4,13.4601503759399,0.352087065547055,0.06899999999996,13.4945,0.0345764411027166,0.0336503759398498,0,FALSE,0.594347000335154,237.738800134062,0,"2051;2054;2057;2060",493,0.362156692767508,0.724313385535017,80,1.9498734177215,9.74936708860749,"1636;1641;1646;1651"
"Laptop","MD_BayesMVP_WCP","BayesMVP_NicoStan",2500,4,4,2,2,400,"7184208393ceb4c8ae3e26f0d1660bdb","state_allocation_thread_setup_sampling_divergence_check","iteration_difference","main_scaling","two_run_difference",NA,4,4.2721804511277,0.0540021257744676,0.0190000000002328,4.2830000000001,0.00843107769446817,0.0106804511278193,0,FALSE,0.468145019359393,187.258007743757,0,"2061;2066;2071;2076",494,0.839401797370363,1.67880359474073,80,1.43443037974685,7.17215189873424,"1654;1659;1664;1669"
"Laptop","MD_BayesMVP_WCP","BayesMVP_NicoStan",2500,4,8,2,4,400,"7184208393ceb4c8ae3e26f0d1660bdb","state_allocation_thread_setup_sampling_divergence_check","iteration_difference","main_scaling","two_run_difference",NA,4,3.00501253132854,0.0787350448745178,0.0135000000000076,3.01199999999993,0.0060914786967495,0.00751253132832134,0,FALSE,0.665554628857333,266.221851542933,0,"2062;2067;2072;2077",495,0.596682361883811,2.38672944753524,80,1.43443037974685,7.17215189873424,"1654;1659;1664;1669"
"Laptop","MD_BayesMVP_WCP","BayesMVP_NicoStan",2500,4,8,4,2,400,"7184208393ceb4c8ae3e26f0d1660bdb","state_allocation_thread_setup_sampling_divergence_check","iteration_difference","main_scaling","two_run_difference",NA,4,4.65413533834552,0.373489199852894,0.0244999999999891,4.67199999999957,0.012675438596422,0.0116353383458638,0,FALSE,0.859450726979062,343.780290791625,0,"2063;2068;2073;2078",496,0.789552360892456,1.57910472178491,80,1.46987341772149,7.34936708860743,"1655;1660;1665;1670"
"Laptop","MD_BayesMVP_WCP","BayesMVP_NicoStan",2500,4,16,4,4,400,"7184208393ceb4c8ae3e26f0d1660bdb","state_allocation_thread_setup_sampling_divergence_check","iteration_difference","main_scaling","two_run_difference",NA,4,5.93784461152892,0.332544465114526,0.0335000000000321,5.96650000000004,0.0181403508772252,0.0148446115288223,0,FALSE,0.673645112274174,269.45804490967,0,"2064;2069;2074;2079",497,0.309429076096817,1.23771630438727,80,1.46987341772149,7.34936708860743,"1655;1660;1665;1670"
"Laptop","MD_BayesMVP_WCP","BayesMVP_NicoStan",2500,4,16,8,2,400,"7184208393ceb4c8ae3e26f0d1660bdb","state_allocation_thread_setup_sampling_divergence_check","iteration_difference","main_scaling","two_run_difference",NA,4,8.90676691729348,0.343216893928972,0.0645000000001517,8.9430000000004,0.0423784461154393,0.0222669172932337,0,FALSE,0.898193483032222,359.277393212889,0,"2065;2070;2075;2080",498,0.451939125956084,0.903878251912167,80,1.61012658227847,8.05063291139235,"1656;1661;1666;1671"
"Laptop","MD_BayesMVP_WCP","BayesMVP_NicoStan",2500,10,4,2,2,400,"7184208393ceb4c8ae3e26f0d1660bdb","state_allocation_thread_setup_sampling_divergence_check","iteration_difference","main_scaling","two_run_difference",NA,4,4.36791979949846,0.0552887734566212,0.0155000000004293,4.37149999999988,0.00448872180494251,0.0109197994987462,0,FALSE,0.457883865044786,183.153546017914,0,"2081;2087;2093;2099",499,0.845056550930751,1.6901131018615,80,1.47645569620252,7.38227848101261,"1674;1679;1684;1689"
"Laptop","MD_BayesMVP_WCP","BayesMVP_NicoStan",2500,10,8,2,4,400,"7184208393ceb4c8ae3e26f0d1660bdb","state_allocation_thread_setup_sampling_divergence_check","iteration_difference","main_scaling","two_run_difference",NA,4,3.32581453634086,0.0673646416566609,0.0145000000000692,3.33150000000008,0.00627067669174174,0.00831453634085215,0,FALSE,0.601356443104746,240.542577241898,0,"2082;2088;2094;2100",500,0.554922591168806,2.21969036467523,80,1.47645569620252,7.38227848101261,"1674;1679;1684;1689"
"Laptop","MD_BayesMVP_WCP","BayesMVP_NicoStan",2500,10,16,2,8,400,"7184208393ceb4c8ae3e26f0d1660bdb","state_allocation_thread_setup_sampling_divergence_check","iteration_difference","main_scaling","two_run_difference",NA,4,5.43759398496238,0.144074021083382,0.0425000000000182,5.46049999999985,0.0287393483709458,0.013593984962406,0,FALSE,0.367809734513276,147.12389380531,0,"2083;2089;2095;2101",501,0.16970461801277,1.35763694410216,80,1.47645569620252,7.38227848101261,"1674;1679;1684;1689"
"Laptop","MD_BayesMVP_WCP","BayesMVP_NicoStan",2500,10,8,4,2,400,"7184208393ceb4c8ae3e26f0d1660bdb","state_allocation_thread_setup_sampling_divergence_check","iteration_difference","main_scaling","two_run_difference",NA,4,4.6461152882205,0.15275067269937,0.0275000000006003,4.66600000000017,0.0155802005018549,0.0116152882205512,0,FALSE,0.86093429711944,344.373718847776,0,"2084;2090;2096;2102",502,0.796909119960244,1.59381823992049,80,1.48101265822785,7.40506329113927,"1675;1680;1685;1690"
"Laptop","MD_BayesMVP_WCP","BayesMVP_NicoStan",2500,10,16,4,4,400,"7184208393ceb4c8ae3e26f0d1660bdb","state_allocation_thread_setup_sampling_divergence_check","iteration_difference","main_scaling","two_run_difference",NA,4,6.09022556390976,0.0910070122785994,0.0289999999999253,6.10400000000027,0.0138884711778698,0.0152255639097744,0,FALSE,0.656790123456791,262.716049382717,0,"2085;2091;2097;2103",503,0.303973277074545,1.21589310829818,80,1.48101265822785,7.40506329113927,"1675;1680;1685;1690"
"Laptop","MD_BayesMVP_WCP","BayesMVP_NicoStan",2500,10,16,8,2,400,"7184208393ceb4c8ae3e26f0d1660bdb","state_allocation_thread_setup_sampling_divergence_check","iteration_difference","main_scaling","two_run_difference",NA,4,8.18646616541366,0.12734953800029,0.0570000000003006,8.22150000000023,0.0366127819551882,0.0204661654135341,0,FALSE,0.977222630418795,390.889052167518,0,"2086;2092;2098;2104",504,0.50252746026283,1.00505492052566,80,1.64556962025316,8.22784810126582,"1676;1681;1686;1691"
"Laptop","MD_BayesMVP_WCP","BayesMVP_NicoStan",2500,25,4,2,2,400,"7184208393ceb4c8ae3e26f0d1660bdb","state_allocation_thread_setup_sampling_divergence_check","iteration_difference","main_scaling","two_run_difference",NA,4,4.58446115288206,0.120112286235185,0.0185000000002162,4.59100000000008,0.00705639097766019,0.0114611528822051,0,FALSE,0.436256286901392,174.502514760557,0,"2105;2111;2117;2123",505,0.817842482153128,1.63568496430626,80,1.49974683544306,7.49873417721531,"1694;1699;1704;1709"
"Laptop","MD_BayesMVP_WCP","BayesMVP_NicoStan",2500,25,8,2,4,400,"7184208393ceb4c8ae3e26f0d1660bdb","state_allocation_thread_setup_sampling_divergence_check","iteration_difference","main_scaling","two_run_difference",NA,4,3.26616541353355,0.0936346576627663,0.0140000000000668,3.27099999999977,0.00562155388483699,0.00816541353383386,0,FALSE,0.612338858195266,244.935543278106,0,"2106;2112;2118;2124",506,0.57397079049823,2.29588316199292,80,1.49974683544306,7.49873417721531,"1694;1699;1704;1709"
"Laptop","MD_BayesMVP_WCP","BayesMVP_NicoStan",2500,25,16,2,8,400,"7184208393ceb4c8ae3e26f0d1660bdb","state_allocation_thread_setup_sampling_divergence_check","iteration_difference","main_scaling","two_run_difference",NA,4,5.0025062656641,0.30249564101509,0.0434999999998951,5.03349999999983,0.0309937343357348,0.0125062656641602,0,FALSE,0.399799599198402,159.919839679361,0,"2107;2113;2119;2125",507,0.187374432409127,1.49899545927302,80,1.49974683544306,7.49873417721531,"1694;1699;1704;1709"
"Laptop","MD_BayesMVP_WCP","BayesMVP_NicoStan",2500,25,8,4,2,400,"7184208393ceb4c8ae3e26f0d1660bdb","state_allocation_thread_setup_sampling_divergence_check","iteration_difference","main_scaling","two_run_difference",NA,4,5.08671679198047,0.0864691922515006,0.0294999999996435,5.10350000000014,0.0167832080196923,0.0127167919799512,0,FALSE,0.786361844698382,314.544737879353,0,"2108;2114;2120;2126",508,0.763467765675513,1.52693553135103,80,1.55341772151898,7.7670886075949,"1695;1700;1705;1710"
"Laptop","MD_BayesMVP_WCP","BayesMVP_NicoStan",2500,25,16,4,4,400,"7184208393ceb4c8ae3e26f0d1660bdb","state_allocation_thread_setup_sampling_divergence_check","iteration_difference","main_scaling","two_run_difference",NA,4,6.00501253132807,0.196212058513944,0.0374999999998806,6.02749999999963,0.0224874686715604,0.0150125313283202,0,FALSE,0.666110183639426,266.444073455771,0,"2109;2115;2121;2127",509,0.323358551171796,1.29343420468718,80,1.55341772151898,7.7670886075949,"1695;1700;1705;1710"
"Laptop","MD_BayesMVP_WCP","BayesMVP_NicoStan",2500,25,16,8,2,400,"7184208393ceb4c8ae3e26f0d1660bdb","state_allocation_thread_setup_sampling_divergence_check","iteration_difference","main_scaling","two_run_difference",NA,4,8.80751879699229,0.119019914992565,0.0530000000003383,8.83149999999981,0.0310313283211418,0.0220187969924807,0,FALSE,0.908314836947262,363.325934778905,0,"2110;2116;2122;2128",510,0.498423394704602,0.996846789409203,80,1.7559493670886,8.77974683544297,"1696;1701;1706;1711"
"Laptop","MD_BayesMVP_WCP","BayesMVP_NicoStan",10000,4,4,2,2,200,"b352a26c8e9b174599c6b645056fb577","state_allocation_thread_setup_sampling_divergence_check","iteration_difference","main_scaling","two_run_difference",NA,4,8.98492462311521,0.618474298972647,0.0620000000001539,9.00199999999978,0.0170753768845779,0.044924623115576,0,FALSE,0.222595078299786,44.5190156599571,0,"2129;2134;2139;2144",511,0.875587602299477,1.75117520459895,80,6.29367088607598,15.73417721519,"1734;1739;1744;1749"
"Laptop","MD_BayesMVP_WCP","BayesMVP_NicoStan",10000,4,8,2,4,200,"b352a26c8e9b174599c6b645056fb577","state_allocation_thread_setup_sampling_divergence_check","iteration_difference","main_scaling","two_run_difference",NA,4,8.06884422110534,0.278480233209507,0.0609999999999502,8.08799999999991,0.0206130653265848,0.0403442211055267,0,FALSE,0.247866973905468,49.5733947810935,0,"2130;2135;2140;2145",512,0.487497861652686,1.94999144661075,80,6.29367088607598,15.73417721519,"1734;1739;1744;1749"
"Laptop","MD_BayesMVP_WCP","BayesMVP_NicoStan",10000,4,8,4,2,200,"b352a26c8e9b174599c6b645056fb577","state_allocation_thread_setup_sampling_divergence_check","iteration_difference","main_scaling","two_run_difference",NA,4,14.974874371859,0.525970003902772,0.105000000000018,15.0049999999998,0.0301256281407801,0.0748743718592949,0,FALSE,0.267114093959737,53.4228187919474,0,"2131;2136;2141;2146",513,0.58612947073317,1.17225894146634,80,7.02177215189873,17.5544303797468,"1735;1740;1745;1750"
"Laptop","MD_BayesMVP_WCP","BayesMVP_NicoStan",10000,4,16,4,4,200,"b352a26c8e9b174599c6b645056fb577","state_allocation_thread_setup_sampling_divergence_check","iteration_difference","main_scaling","two_run_difference",NA,4,17.9668341708547,0.14435440527292,0.149499999999534,18.0450000000003,0.0594195979894822,0.0898341708542737,0,FALSE,0.222632432734793,44.5264865469586,0,"2132;2137;2142;2147",514,0.244261596294787,0.977046385179149,80,7.02177215189873,17.5544303797468,"1735;1740;1745;1750"
"Laptop","MD_BayesMVP_WCP","BayesMVP_NicoStan",10000,4,16,8,2,200,"b352a26c8e9b174599c6b645056fb577","state_allocation_thread_setup_sampling_divergence_check","iteration_difference","main_scaling","two_run_difference",NA,4,35.4085427135677,0.311655439389662,0.21250000000029,35.4620000000001,0.0351708542716477,0.177042713567838,0,FALSE,0.225934178221195,45.186835644239,0,"2133;2138;2143;2148",515,0.424824178305628,0.849648356611257,80,12.0339240506329,30.0848101265823,"1736;1741;1746;1751"
"Laptop","MD_BayesMVP_WCP","BayesMVP_NicoStan",10000,10,4,2,2,200,"b352a26c8e9b174599c6b645056fb577","state_allocation_thread_setup_sampling_divergence_check","iteration_difference","main_scaling","two_run_difference",NA,4,7.28492462311541,0.110846267921517,0.0519999999998504,7.30999999999989,0.0156859296480902,0.0364246231155771,0,FALSE,0.274539559908953,54.9079119817906,0,"2149;2155;2161;2167",516,0.891558532843568,1.78311706568714,80,5.19594936708861,12.9898734177215,"1754;1759;1764;1769"
"Laptop","MD_BayesMVP_WCP","BayesMVP_NicoStan",10000,10,8,2,4,200,"b352a26c8e9b174599c6b645056fb577","state_allocation_thread_setup_sampling_divergence_check","iteration_difference","main_scaling","two_run_difference",NA,4,5.33316582914607,0.111140132962507,0.0509999999997603,5.3540000000003,0.0243592964821712,0.0266658291457304,0,FALSE,0.375011778008079,75.0023556016158,0,"2150;2156;2162;2168",517,0.608919440809954,2.43567776323982,80,5.19594936708861,12.9898734177215,"1754;1759;1764;1769"
"Laptop","MD_BayesMVP_WCP","BayesMVP_NicoStan",10000,10,16,2,8,200,"b352a26c8e9b174599c6b645056fb577","state_allocation_thread_setup_sampling_divergence_check","iteration_difference","main_scaling","two_run_difference",NA,4,8.98643216080387,0.408496559745619,0.130000000000166,9.05800000000002,0.0851356783921265,0.0449321608040193,0,FALSE,0.2225577363977,44.51154727954,0,"2151;2157;2163;2169",518,0.180687301496297,1.44549841197038,80,5.19594936708861,12.9898734177215,"1754;1759;1764;1769"
"Laptop","MD_BayesMVP_WCP","BayesMVP_NicoStan",10000,10,8,4,2,200,"b352a26c8e9b174599c6b645056fb577","state_allocation_thread_setup_sampling_divergence_check","iteration_difference","main_scaling","two_run_difference",NA,4,8.69045226130641,0.320227880275245,0.0980000000004111,8.73400000000015,0.0534648241210155,0.043452261306532,0,FALSE,0.460275239967625,92.0550479935251,0,"2152;2158;2164;2170",519,0.772636079243134,1.54527215848627,80,5.37164556962033,13.4291139240508,"1755;1760;1765;1770"
"Laptop","MD_BayesMVP_WCP","BayesMVP_NicoStan",10000,10,16,4,4,200,"b352a26c8e9b174599c6b645056fb577","state_allocation_thread_setup_sampling_divergence_check","iteration_difference","main_scaling","two_run_difference",NA,4,11.744723618091,0.424869740952364,0.117000000000189,11.8055000000003,0.0564095477388832,0.0587236180904549,0,FALSE,0.340578469964044,68.1156939928089,0,"2153;2159;2165;2171",520,0.28585419207663,1.14341676830652,80,5.37164556962033,13.4291139240508,"1755;1760;1765;1770"
"Laptop","MD_BayesMVP_WCP","BayesMVP_NicoStan",10000,10,16,8,2,200,"b352a26c8e9b174599c6b645056fb577","state_allocation_thread_setup_sampling_divergence_check","iteration_difference","main_scaling","two_run_difference",NA,4,20.0341708542712,0.467340195588347,0.145500000000169,20.0785,0.0455326633167523,0.100170854271356,0,FALSE,0.399317748570284,79.8635497140569,0,"2154;2160;2166;2172",521,0.404972643902093,0.809945287804187,80,6.49063291139239,16.226582278481,"1756;1761;1766;1771"
"Laptop","MD_BayesMVP_WCP","BayesMVP_NicoStan",10000,25,4,2,2,200,"b352a26c8e9b174599c6b645056fb577","state_allocation_thread_setup_sampling_divergence_check","iteration_difference","main_scaling","two_run_difference",NA,4,7.57688442211054,0.152480065747654,0.0585000000000093,7.6035,0.0204623115581542,0.0378844221105527,0,FALSE,0.263960737498342,52.7921474996685,0,"2173;2179;2185;2191",522,0.876917665271396,1.75383533054279,80,5.31544303797471,13.2886075949368,"1774;1779;1784;1789"
"Laptop","MD_BayesMVP_WCP","BayesMVP_NicoStan",10000,25,8,2,4,200,"b352a26c8e9b174599c6b645056fb577","state_allocation_thread_setup_sampling_divergence_check","iteration_difference","main_scaling","two_run_difference",NA,4,4.96783919597997,0.046372952743771,0.0485000000003311,4.99300000000022,0.0235452261309849,0.0248391959798998,0,FALSE,0.402589520534083,80.5179041068166,0,"2174;2180;2186;2192",523,0.668731770026396,2.67492708010558,80,5.31544303797471,13.2886075949368,"1774;1779;1784;1789"
"Laptop","MD_BayesMVP_WCP","BayesMVP_NicoStan",10000,25,16,2,8,200,"b352a26c8e9b174599c6b645056fb577","state_allocation_thread_setup_sampling_divergence_check","iteration_difference","main_scaling","two_run_difference",NA,4,6.66331658291483,0.264528518922335,0.104000000000013,6.6970000000002,0.0716231155779031,0.0333165829145741,0,FALSE,0.300150829562583,60.0301659125166,0,"2175;2181;2187;2193",524,0.249286662084494,1.99429329667596,80,5.31544303797471,13.2886075949368,"1774;1779;1784;1789"
"Laptop","MD_BayesMVP_WCP","BayesMVP_NicoStan",10000,25,8,4,2,200,"b352a26c8e9b174599c6b645056fb577","state_allocation_thread_setup_sampling_divergence_check","iteration_difference","main_scaling","two_run_difference",NA,4,8.34623115577863,0.26439659214988,0.0864999999999725,8.40299999999979,0.0457814070351479,0.0417311557788931,0,FALSE,0.479258233487883,95.8516466975767,0,"2176;2182;2188;2194",525,0.82429382879958,1.64858765759916,80,5.50379746835449,13.7594936708862,"1775;1780;1785;1790"
"Laptop","MD_BayesMVP_WCP","BayesMVP_NicoStan",10000,25,16,4,4,200,"b352a26c8e9b174599c6b645056fb577","state_allocation_thread_setup_sampling_divergence_check","iteration_difference","main_scaling","two_run_difference",NA,4,9.13366834170914,0.380350671088855,0.107499999999618,9.18850000000023,0.0602487437182074,0.0456683417085457,0,FALSE,0.437940140845042,87.5880281690084,0,"2177;2183;2189;2195",526,0.376614662261524,1.50645864904609,80,5.50379746835449,13.7594936708862,"1775;1780;1785;1790"
"Laptop","MD_BayesMVP_WCP","BayesMVP_NicoStan",10000,25,16,8,2,200,"b352a26c8e9b174599c6b645056fb577","state_allocation_thread_setup_sampling_divergence_check","iteration_difference","main_scaling","two_run_difference",NA,4,14.7241206030153,0.261714666451311,0.136499999999614,14.7869999999999,0.0628793969845377,0.0736206030150766,0,FALSE,0.543326166342436,108.665233268487,0,"2178;2184;2190;2196",527,0.500298516618643,1.00059703323729,80,5.89316455696206,14.7329113924051,"1776;1781;1786;1791"
"Laptop","MD_BayesMVP_WCP","BayesMVP_NicoStan",10000,50,4,2,2,200,"b352a26c8e9b174599c6b645056fb577","state_allocation_thread_setup_sampling_divergence_check","iteration_difference","main_scaling","two_run_difference",NA,4,7.48643216080386,0.103086954536413,0.0555000000001655,7.50699999999961,0.017552763819262,0.0374321608040193,0,FALSE,0.267149953013833,53.4299906027666,0,"2197;2203;2209;2215",528,0.896051377213169,1.79210275442634,80,5.36658227848101,13.4164556962025,"1794;1799;1804;1809"
"Laptop","MD_BayesMVP_WCP","BayesMVP_NicoStan",10000,50,8,2,4,200,"b352a26c8e9b174599c6b645056fb577","state_allocation_thread_setup_sampling_divergence_check","iteration_difference","main_scaling","two_run_difference",NA,4,4.74170854271376,0.201046896811663,0.0399999999999636,4.75800000000015,0.0166356783919232,0.0237085427135688,0,FALSE,0.421788893598966,84.3577787197931,0,"2198;2204;2210;2216",529,0.7073640005151,2.8294560020604,80,5.36658227848101,13.4164556962025,"1794;1799;1804;1809"
"Laptop","MD_BayesMVP_WCP","BayesMVP_NicoStan",10000,50,16,2,8,200,"b352a26c8e9b174599c6b645056fb577","state_allocation_thread_setup_sampling_divergence_check","iteration_difference","main_scaling","two_run_difference",NA,4,6.42261306532718,0.293153241656801,0.119499999999789,6.48700000000031,0.0863819095475242,0.0321130653266359,0,FALSE,0.3113997339801,62.2799467960201,0,"2199;2205;2211;2217",530,0.261117545922079,2.08894036737663,80,5.36658227848101,13.4164556962025,"1794;1799;1804;1809"
"Laptop","MD_BayesMVP_WCP","BayesMVP_NicoStan",10000,50,8,4,2,200,"b352a26c8e9b174599c6b645056fb577","state_allocation_thread_setup_sampling_divergence_check","iteration_difference","main_scaling","two_run_difference",NA,4,7.99145728643194,0.225333416908532,0.0889999999999418,8.02749999999963,0.0480954773868771,0.0399572864321597,0,FALSE,0.500534490347747,100.106898069549,0,"2200;2206;2212;2218",531,0.847978289264771,1.69595657852954,80,5.42126582278484,13.5531645569621,"1795;1800;1805;1810"
"Laptop","MD_BayesMVP_WCP","BayesMVP_NicoStan",10000,50,16,4,4,200,"b352a26c8e9b174599c6b645056fb577","state_allocation_thread_setup_sampling_divergence_check","iteration_difference","main_scaling","two_run_difference",NA,4,9.00150753768868,0.39485977838952,0.105499999999893,9.05500000000006,0.0604070351757718,0.0450075376884434,0,FALSE,0.44437001060681,88.8740021213621,0,"2201;2207;2213;2219",532,0.376413742370818,1.50565496948327,80,5.42126582278484,13.5531645569621,"1795;1800;1805;1810"
"Laptop","MD_BayesMVP_WCP","BayesMVP_NicoStan",10000,50,16,8,2,200,"b352a26c8e9b174599c6b645056fb577","state_allocation_thread_setup_sampling_divergence_check","iteration_difference","main_scaling","two_run_difference",NA,4,14.5914572864322,0.216360497827487,0.135000000000332,14.6594999999999,0.0616984924626447,0.0729572864321609,0,FALSE,0.548266005441333,109.653201088267,0,"2202;2208;2214;2220",533,0.489015106435571,0.978030212871142,80,5.70835443037978,14.2708860759494,"1796;1801;1806;1811"
"Laptop","MD_BayesMVP_WCP","BayesMVP_NicoStan",10000,100,4,2,2,200,"b352a26c8e9b174599c6b645056fb577","state_allocation_thread_setup_sampling_divergence_check","iteration_difference","main_scaling","two_run_difference",NA,4,7.71155778894467,0.142564859886256,0.0674999999998249,7.74499999999995,0.0281909547736915,0.0385577889447233,0,FALSE,0.259350970937054,51.8701941874108,0,"2221;2227;2233;2239",534,0.896238165390059,1.79247633078012,80,5.52911392405055,13.8227848101264,"1814;1819;1824;1829"
"Laptop","MD_BayesMVP_WCP","BayesMVP_NicoStan",10000,100,8,2,4,200,"b352a26c8e9b174599c6b645056fb577","state_allocation_thread_setup_sampling_divergence_check","iteration_difference","main_scaling","two_run_difference",NA,4,4.93417085427168,0.145705248512129,0.0449999999998454,4.95799999999997,0.0202964824119057,0.0246708542713584,0,FALSE,0.405336592320984,81.0673184641968,0,"2222;2228;2234;2240",535,0.700360061415361,2.80144024566144,80,5.52911392405055,13.8227848101264,"1814;1819;1824;1829"
"Laptop","MD_BayesMVP_WCP","BayesMVP_NicoStan",10000,100,16,2,8,200,"b352a26c8e9b174599c6b645056fb577","state_allocation_thread_setup_sampling_divergence_check","iteration_difference","main_scaling","two_run_difference",NA,4,6.52462311557802,0.311751709250502,0.0814999999999486,6.57099999999997,0.0502537688441693,0.0326231155778901,0,FALSE,0.306531115218725,61.3062230437449,0,"2223;2229;2235;2241",536,0.26481960270478,2.11855682163824,80,5.52911392405055,13.8227848101264,"1814;1819;1824;1829"
"Laptop","MD_BayesMVP_WCP","BayesMVP_NicoStan",10000,100,8,4,2,200,"b352a26c8e9b174599c6b645056fb577","state_allocation_thread_setup_sampling_divergence_check","iteration_difference","main_scaling","two_run_difference",NA,4,8.44321608040213,0.130548856619021,0.0864999999999441,8.48750000000007,0.0442839195979334,0.0422160804020107,0,FALSE,0.473753124628013,94.7506249256027,0,"2224;2230;2236;2242",537,0.817449022795649,1.6348980455913,80,5.52151898734179,13.8037974683545,"1815;1820;1825;1830"
"Laptop","MD_BayesMVP_WCP","BayesMVP_NicoStan",10000,100,16,4,4,200,"b352a26c8e9b174599c6b645056fb577","state_allocation_thread_setup_sampling_divergence_check","iteration_difference","main_scaling","two_run_difference",NA,4,9.29095477386936,0.219137541488138,0.103000000000065,9.34200000000016,0.0555201005025759,0.0464547738693468,0,FALSE,0.430526258856617,86.1052517713233,0,"2225;2231;2237;2243",538,0.371431080129068,1.48572432051627,80,5.52151898734179,13.8037974683545,"1815;1820;1825;1830"
"Laptop","MD_BayesMVP_WCP","BayesMVP_NicoStan",10000,100,16,8,2,200,"b352a26c8e9b174599c6b645056fb577","state_allocation_thread_setup_sampling_divergence_check","iteration_difference","main_scaling","two_run_difference",NA,4,15.7065326633166,0.350559693467872,0.149000000000342,15.7735000000001,0.0699623115581324,0.0785326633165831,0,FALSE,0.50934220629639,101.868441259278,0,"2226;2232;2238;2244",539,0.467877559913554,0.935755119827107,80,5.87898734177209,14.6974683544302,"1816;1821;1826;1831"
"Laptop","MD_BayesMVP_WCP","BayesMVP_NicoStan",50000,4,4,2,2,100,"50597d787bf5578f0fdbdd94f2702741","state_allocation_thread_setup_sampling_divergence_check","iteration_difference","main_scaling","two_run_difference",NA,4,34.5828282828279,0.0587597558475981,0.414000000000101,34.6450000000002,0.0676565656566659,0.345828282828279,0,FALSE,0.0578321698746976,5.78321698746976,0,"2245;2250;2255;2260",540,0.663166803070793,1.32633360614159,50,22.9341836734692,45.8683673469383,"1854;1859;1864;1869"
"Laptop","MD_BayesMVP_WCP","BayesMVP_NicoStan",50000,4,8,2,4,100,"50597d787bf5578f0fdbdd94f2702741","state_allocation_thread_setup_sampling_divergence_check","iteration_difference","main_scaling","two_run_difference",NA,4,39.8893939393941,0.203483755814675,0.514499999999828,40.0065000000002,0.11364141414124,0.398893939393941,0,FALSE,0.0501386409389599,5.01386409389599,0,"2246;2251;2256;2261",541,0.287472200108057,1.14988880043223,50,22.9341836734692,45.8683673469383,"1854;1859;1864;1869"
"Laptop","MD_BayesMVP_WCP","BayesMVP_NicoStan",50000,4,8,4,2,100,"50597d787bf5578f0fdbdd94f2702741","state_allocation_thread_setup_sampling_divergence_check","iteration_difference","main_scaling","two_run_difference",NA,4,79.7232323232323,0.132191763924222,0.919999999999959,79.851,0.122661616161574,0.797232323232323,0,FALSE,0.0501735803157388,5.01735803157388,0,"2247;2252;2257;2262",542,0.418066238227803,0.836132476455606,50,33.3295918367349,66.6591836734699,"1855;1860;1865;1870"
"Laptop","MD_BayesMVP_WCP","BayesMVP_NicoStan",50000,4,16,4,4,100,"50597d787bf5578f0fdbdd94f2702741","state_allocation_thread_setup_sampling_divergence_check","iteration_difference","main_scaling","two_run_difference",NA,4,97.5297979797977,1.43697211938291,1.17500000000007,97.6704999999997,0.188964646464718,0.975297979797977,0,FALSE,0.0410131065874714,4.10131065874714,0,"2248;2253;2258;2263",543,0.170868762814616,0.683475051258464,50,33.3295918367349,66.6591836734699,"1855;1860;1865;1870"
"Laptop","MD_BayesMVP_WCP","BayesMVP_NicoStan",50000,4,16,8,2,100,"50597d787bf5578f0fdbdd94f2702741","state_allocation_thread_setup_sampling_divergence_check","iteration_difference","main_scaling","two_run_difference",NA,4,211.631313131313,1.99662630377985,2.34999999999997,211.8905,0.239126262626228,2.11631313131313,0,FALSE,0.0378015893850083,3.78015893850083,0,"2249;2254;2259;2264",544,0.388835634485281,0.777671268970563,50,82.2897959183673,164.579591836735,"1856;1861;1866;1871"
"Laptop","MD_BayesMVP_WCP","BayesMVP_NicoStan",50000,10,4,2,2,100,"50597d787bf5578f0fdbdd94f2702741","state_allocation_thread_setup_sampling_divergence_check","iteration_difference","main_scaling","two_run_difference",NA,4,26.6328282828288,0.0664264624794613,0.339999999999577,26.7165,0.0742171717167431,0.266328282828288,0,FALSE,0.0750952913735217,7.50952913735217,0,"2265;2271;2277;2283",545,0.744956784602598,1.4899135692052,50,19.8403061224493,39.6806122448986,"1874;1879;1884;1889"
"Laptop","MD_BayesMVP_WCP","BayesMVP_NicoStan",50000,10,8,2,4,100,"50597d787bf5578f0fdbdd94f2702741","state_allocation_thread_setup_sampling_divergence_check","iteration_difference","main_scaling","two_run_difference",NA,4,25.5873737373744,0.186471276388543,0.342499999999973,25.674,0.0865202020201749,0.255873737373744,0,FALSE,0.0781635513096321,7.81635513096321,0,"2266;2272;2278;2284",546,0.387697196400219,1.55078878560087,50,19.8403061224493,39.6806122448986,"1874;1879;1884;1889"
"Laptop","MD_BayesMVP_WCP","BayesMVP_NicoStan",50000,10,16,2,8,100,"50597d787bf5578f0fdbdd94f2702741","state_allocation_thread_setup_sampling_divergence_check","iteration_difference","main_scaling","two_run_difference",NA,4,31.4732323232324,0.251126767323952,0.443499999999744,31.6215000000001,0.129277777777519,0.314732323232324,0,FALSE,0.0635460628720892,6.35460628720892,0,"2267;2273;2279;2285",547,0.157596667532333,1.26077334025866,50,19.8403061224493,39.6806122448986,"1874;1879;1884;1889"
"Laptop","MD_BayesMVP_WCP","BayesMVP_NicoStan",50000,10,8,4,2,100,"50597d787bf5578f0fdbdd94f2702741","state_allocation_thread_setup_sampling_divergence_check","iteration_difference","main_scaling","two_run_difference",NA,4,50.001515151515,0.331878649124458,0.613999999999919,50.1094999999998,0.11080303030295,0.50001515151515,0,FALSE,0.0799975758310357,7.99975758310357,0,"2268;2274;2280;2286",548,0.502362327919561,1.00472465583912,50,25.1188775510203,50.2377551020405,"1875;1880;1885;1890"
"Laptop","MD_BayesMVP_WCP","BayesMVP_NicoStan",50000,10,16,4,4,100,"50597d787bf5578f0fdbdd94f2702741","state_allocation_thread_setup_sampling_divergence_check","iteration_difference","main_scaling","two_run_difference",NA,4,58.4671717171714,0.205943387799391,0.715000000000146,58.6144999999997,0.128868686868838,0.584671717171714,0,FALSE,0.0684144603291154,6.84144603291154,0,"2269;2275;2281;2287",549,0.214811806465773,0.859247225863091,50,25.1188775510203,50.2377551020405,"1875;1880;1885;1890"
"Laptop","MD_BayesMVP_WCP","BayesMVP_NicoStan",50000,10,16,8,2,100,"50597d787bf5578f0fdbdd94f2702741","state_allocation_thread_setup_sampling_divergence_check","iteration_difference","main_scaling","two_run_difference",NA,4,125.744949494949,0.471687970891108,1.37599999999986,125.8685,0.119499999999859,1.25744949494949,0,FALSE,0.0636208454664123,6.36208454664123,0,"2270;2276;2282;2288",550,0.402474881708884,0.804949763417768,50,50.6091836734694,101.218367346939,"1876;1881;1886;1891"
"Laptop","MD_BayesMVP_WCP","BayesMVP_NicoStan",50000,25,4,2,2,100,"50597d787bf5578f0fdbdd94f2702741","state_allocation_thread_setup_sampling_divergence_check","iteration_difference","main_scaling","two_run_difference",NA,4,20.725252525252,0.601510628235771,0.277499999999691,20.7959999999997,0.0694646464643807,0.20725252525252,0,FALSE,0.096500633590021,9.65006335900211,0,"2289;2295;2301;2307",551,0.871509038355589,1.74301807671118,50,18.0622448979591,36.1244897959182,"1894;1899;1904;1909"
"Laptop","MD_BayesMVP_WCP","BayesMVP_NicoStan",50000,25,8,2,4,100,"50597d787bf5578f0fdbdd94f2702741","state_allocation_thread_setup_sampling_divergence_check","iteration_difference","main_scaling","two_run_difference",NA,4,17.0060606060604,0.751679863199552,0.277999999999906,17.1139999999997,0.107939393939302,0.170060606060604,0,FALSE,0.117605131860301,11.7605131860301,0,"2290;2296;2302;2308",552,0.531053173229381,2.12421269291753,50,18.0622448979591,36.1244897959182,"1894;1899;1904;1909"
"Laptop","MD_BayesMVP_WCP","BayesMVP_NicoStan",50000,25,16,2,8,100,"50597d787bf5578f0fdbdd94f2702741","state_allocation_thread_setup_sampling_divergence_check","iteration_difference","main_scaling","two_run_difference",NA,4,22.3636363636362,0.348990873519302,0.354500000000144,22.5409999999999,0.129888888889033,0.223636363636362,0,FALSE,0.0894308943089436,8.94308943089436,0,"2291;2297;2303;2309",553,0.201915339306454,1.61532271445164,50,18.0622448979591,36.1244897959182,"1894;1899;1904;1909"
"Laptop","MD_BayesMVP_WCP","BayesMVP_NicoStan",50000,25,8,4,2,100,"50597d787bf5578f0fdbdd94f2702741","state_allocation_thread_setup_sampling_divergence_check","iteration_difference","main_scaling","two_run_difference",NA,4,30.7287878787878,1.4422523452449,0.422000000000139,30.8744999999999,0.112207070707202,0.307287878787878,0,FALSE,0.130171096099798,13.0171096099798,0,"2292;2298;2304;2310",554,0.607204994319613,1.21440998863923,50,18.6586734693879,37.3173469387759,"1895;1900;1905;1910"
"Laptop","MD_BayesMVP_WCP","BayesMVP_NicoStan",50000,25,16,4,4,100,"50597d787bf5578f0fdbdd94f2702741","state_allocation_thread_setup_sampling_divergence_check","iteration_difference","main_scaling","two_run_difference",NA,4,38.7393939393943,0.527375275449417,0.524999999999636,38.8890000000001,0.136702020201663,0.387393939393943,0,FALSE,0.10325406758448,10.325406758448,0,"2293;2299;2305;2311",555,0.240822991430615,0.963291965722461,50,18.6586734693879,37.3173469387759,"1895;1900;1905;1910"
"Laptop","MD_BayesMVP_WCP","BayesMVP_NicoStan",50000,25,16,8,2,100,"50597d787bf5578f0fdbdd94f2702741","state_allocation_thread_setup_sampling_divergence_check","iteration_difference","main_scaling","two_run_difference",NA,4,80.9484848484845,0.918330663595544,0.943500000000199,81.079,0.136338383838584,0.809484848484845,0,FALSE,0.0988282858533303,9.88282858533302,0,"2294;2300;2306;2312",556,0.376095831961355,0.752191663922711,50,30.4443877551019,60.8887755102039,"1896;1901;1906;1911"
"Laptop","MD_BayesMVP_WCP","BayesMVP_NicoStan",50000,50,4,2,2,100,"50597d787bf5578f0fdbdd94f2702741","state_allocation_thread_setup_sampling_divergence_check","iteration_difference","main_scaling","two_run_difference",NA,4,17.806565656565,0.0794177533020253,0.240499999999997,17.8684999999994,0.0626969696969719,0.17806565656565,0,FALSE,0.112318121224158,11.2318121224158,0,"2313;2319;2325;2331",557,0.903587824215603,1.80717564843121,50,16.0897959183678,32.1795918367357,"1914;1919;1924;1929"
"Laptop","MD_BayesMVP_WCP","BayesMVP_NicoStan",50000,50,8,2,4,100,"50597d787bf5578f0fdbdd94f2702741","state_allocation_thread_setup_sampling_divergence_check","iteration_difference","main_scaling","two_run_difference",NA,4,11.5616161616161,0.0819344893893894,0.230999999999767,11.6629999999999,0.116151515151275,0.115616161616161,0,FALSE,0.172986196051023,17.2986196051023,0,"2314;2320;2326;2332",558,0.695828147788934,2.78331259115574,50,16.0897959183678,32.1795918367357,"1914;1919;1924;1929"
"Laptop","MD_BayesMVP_WCP","BayesMVP_NicoStan",50000,50,16,2,8,100,"50597d787bf5578f0fdbdd94f2702741","state_allocation_thread_setup_sampling_divergence_check","iteration_difference","main_scaling","two_run_difference",NA,4,16.0358585858594,0.366016690232796,0.317000000000121,16.1955000000006,0.15596969696982,0.160358585858594,0,FALSE,0.124720481244679,12.4720481244679,0,"2315;2321;2327;2333",559,0.250840886258439,2.00672709006751,50,16.0897959183678,32.1795918367357,"1914;1919;1924;1929"
"Laptop","MD_BayesMVP_WCP","BayesMVP_NicoStan",50000,50,8,4,2,100,"50597d787bf5578f0fdbdd94f2702741","state_allocation_thread_setup_sampling_divergence_check","iteration_difference","main_scaling","two_run_difference",NA,4,19.9409090909084,0.467654587107322,0.378000000000611,20.1194999999999,0.178590909091527,0.199409090909084,0,FALSE,0.200592660132216,20.0592660132216,0,"2316;2322;2328;2334",560,0.821713504184458,1.64342700836892,50,16.385714285714,32.7714285714281,"1915;1920;1925;1930"
"Laptop","MD_BayesMVP_WCP","BayesMVP_NicoStan",50000,50,16,4,4,100,"50597d787bf5578f0fdbdd94f2702741","state_allocation_thread_setup_sampling_divergence_check","iteration_difference","main_scaling","two_run_difference",NA,4,24.9449494949494,0.330842006125515,0.390000000000327,25.0855000000003,0.140550505050833,0.249449494949494,0,FALSE,0.160353100767347,16.0353100767347,0,"2317;2323;2329;2335",561,0.328437511750257,1.31375004700103,50,16.385714285714,32.7714285714281,"1915;1920;1925;1930"
"Laptop","MD_BayesMVP_WCP","BayesMVP_NicoStan",50000,50,16,8,2,100,"50597d787bf5578f0fdbdd94f2702741","state_allocation_thread_setup_sampling_divergence_check","iteration_difference","main_scaling","two_run_difference",NA,4,47.7272727272739,0.80540861837129,0.644999999999982,47.8975000000007,0.165914141414128,0.477272727272739,0,FALSE,0.167619047619044,16.7619047619044,0,"2318;2324;2330;2336",562,0.407138969873661,0.814277939747323,50,19.4316326530616,38.8632653061232,"1916;1921;1926;1931"
"Laptop","MD_BayesMVP_WCP","BayesMVP_NicoStan",50000,100,4,2,2,100,"50597d787bf5578f0fdbdd94f2702741","state_allocation_thread_setup_sampling_divergence_check","iteration_difference","main_scaling","two_run_difference",NA,4,17.9853535353549,0.387179658053326,0.246499999999742,18.0570000000007,0.0680151515148339,0.179853535353549,0,FALSE,0.111201595012769,11.1201595012769,0,"2337;2343;2349;2355",563,0.90002372575764,1.80004745151528,50,16.1872448979584,32.3744897959168,"1934;1939;1944;1949"
"Laptop","MD_BayesMVP_WCP","BayesMVP_NicoStan",50000,100,8,2,4,100,"50597d787bf5578f0fdbdd94f2702741","state_allocation_thread_setup_sampling_divergence_check","iteration_difference","main_scaling","two_run_difference",NA,4,10.8202020202019,0.652126667311338,0.209499999999707,10.9214999999996,0.101297979797688,0.108202020202019,0,FALSE,0.18483943241225,18.483943241225,0,"2338;2344;2350;2356",564,0.748010289814181,2.99204115925672,50,16.1872448979584,32.3744897959168,"1934;1939;1944;1949"
"Laptop","MD_BayesMVP_WCP","BayesMVP_NicoStan",50000,100,16,2,8,100,"50597d787bf5578f0fdbdd94f2702741","state_allocation_thread_setup_sampling_divergence_check","iteration_difference","main_scaling","two_run_difference",NA,4,13.4646464646473,0.943436866880784,0.304000000000087,13.6280000000002,0.162161616161705,0.134646464646473,0,FALSE,0.148537134283562,14.8537134283562,0,"2339;2345;2351;2357",565,0.300550871136118,2.40440696908895,50,16.1872448979584,32.3744897959168,"1934;1939;1944;1949"
"Laptop","MD_BayesMVP_WCP","BayesMVP_NicoStan",50000,100,8,4,2,100,"50597d787bf5578f0fdbdd94f2702741","state_allocation_thread_setup_sampling_divergence_check","iteration_difference","main_scaling","two_run_difference",NA,4,19.19898989899,0.341006969363658,0.348000000000184,19.3290000000002,0.156595959596143,0.1919898989899,0,FALSE,0.208344294207397,20.8344294207397,0,"2340;2346;2352;2358",566,0.904145143089079,1.80829028617816,50,17.3586734693881,34.7173469387761,"1935;1940;1945;1950"
"Laptop","MD_BayesMVP_WCP","BayesMVP_NicoStan",50000,100,16,4,4,100,"50597d787bf5578f0fdbdd94f2702741","state_allocation_thread_setup_sampling_divergence_check","iteration_difference","main_scaling","two_run_difference",NA,4,20.4358585858587,0.801366624687941,0.396999999999935,20.6114999999999,0.184494949494879,0.204358585858587,0,FALSE,0.195734374613844,19.5734374613844,0,"2341;2347;2353;2359",567,0.424711136957074,1.6988445478283,50,17.3586734693881,34.7173469387761,"1935;1940;1945;1950"
"Laptop","MD_BayesMVP_WCP","BayesMVP_NicoStan",50000,100,16,8,2,100,"50597d787bf5578f0fdbdd94f2702741","state_allocation_thread_setup_sampling_divergence_check","iteration_difference","main_scaling","two_run_difference",NA,4,35.7005050505048,1.13611156949798,0.564499999999953,35.9024999999997,0.210707070707026,0.357005050505048,0,FALSE,0.224086465686762,22.4086465686762,0,"2342;2348;2354;2360",568,0.485644532969868,0.971289065939736,50,17.3377551020408,34.6755102040816,"1936;1941;1946;1951"
"Laptop","MD_BayesMVP_WCP","BayesMVP_NicoStan",50000,250,4,2,2,100,"50597d787bf5578f0fdbdd94f2702741","state_allocation_thread_setup_sampling_divergence_check","iteration_difference","main_scaling","two_run_difference",NA,4,18.4883838383828,0.325699104714988,0.249999999999773,18.5574999999995,0.0660303030300749,0.184883838383828,0,FALSE,0.108176031906472,10.8176031906472,0,"2361;2367;2373;2379",569,0.901393343416551,1.8027866868331,50,16.6653061224484,33.3306122448968,"1954;1959;1964;1969"
"Laptop","MD_BayesMVP_WCP","BayesMVP_NicoStan",50000,250,8,2,4,100,"50597d787bf5578f0fdbdd94f2702741","state_allocation_thread_setup_sampling_divergence_check","iteration_difference","main_scaling","two_run_difference",NA,4,11.2363636363624,0.306921703171324,0.223000000000638,11.3419999999994,0.111121212121864,0.112363636363624,0,FALSE,0.17799352750811,17.799352750811,0,"2362;2368;2374;2380",570,0.741579155934274,2.9663166237371,50,16.6653061224484,33.3306122448968,"1954;1959;1964;1969"
"Laptop","MD_BayesMVP_WCP","BayesMVP_NicoStan",50000,250,16,2,8,100,"50597d787bf5578f0fdbdd94f2702741","state_allocation_thread_setup_sampling_divergence_check","iteration_difference","main_scaling","two_run_difference",NA,4,13.2404040404041,0.27088917941189,0.303499999999417,13.4114999999995,0.171095959595376,0.132404040404041,0,FALSE,0.151052792187976,15.1052792187976,0,"2363;2369;2375;2381",571,0.3146676278079,2.5173410224632,50,16.6653061224484,33.3306122448968,"1954;1959;1964;1969"
"Laptop","MD_BayesMVP_WCP","BayesMVP_NicoStan",50000,250,8,4,2,100,"50597d787bf5578f0fdbdd94f2702741","state_allocation_thread_setup_sampling_divergence_check","iteration_difference","main_scaling","two_run_difference",NA,4,19.8333333333331,0.35424591891937,0.352999999999611,19.9849999999994,0.156070707070317,0.198333333333331,0,FALSE,0.20168067226891,20.168067226891,0,"2364;2370;2376;2382",572,0.844460641399445,1.68892128279889,50,16.7484693877554,33.4969387755109,"1955;1960;1965;1970"
"Laptop","MD_BayesMVP_WCP","BayesMVP_NicoStan",50000,250,16,4,4,100,"50597d787bf5578f0fdbdd94f2702741","state_allocation_thread_setup_sampling_divergence_check","iteration_difference","main_scaling","two_run_difference",NA,4,20.7494949494946,0.283203665029419,0.417000000000371,20.9455,0.209641414141789,0.207494949494946,0,FALSE,0.192775776457991,19.2775776457991,0,"2365;2371;2377;2383",573,0.403587398838432,1.61434959535373,50,16.7484693877554,33.4969387755109,"1955;1960;1965;1970"
"Laptop","MD_BayesMVP_WCP","BayesMVP_NicoStan",50000,250,16,8,2,100,"50597d787bf5578f0fdbdd94f2702741","state_allocation_thread_setup_sampling_divergence_check","iteration_difference","main_scaling","two_run_difference",NA,4,35.7707070707066,0.217971278889008,0.555000000000291,35.9799999999998,0.197939393939686,0.357707070707066,0,FALSE,0.223646683421345,22.3646683421345,0,"2366;2372;2378;2384",574,0.500109927347101,1.0002198546942,50,17.8892857142855,35.7785714285711,"1956;1961;1966;1971"
"Laptop","MD_BayesMVP_WCP","BayesMVP_NicoStan",50000,500,4,2,2,100,"50597d787bf5578f0fdbdd94f2702741","state_allocation_thread_setup_sampling_divergence_check","iteration_difference","main_scaling","two_run_difference",NA,4,19.3166666666668,0.122302544772972,0.267499999999927,19.3820000000003,0.0746565656564883,0.193166666666668,0,FALSE,0.103537532355478,10.3537532355478,0,"2385;2391;2397;2403",575,0.866994770298123,1.73398954059625,50,16.7474489795922,33.4948979591844,"1974;1979;1984;1989"
"Laptop","MD_BayesMVP_WCP","BayesMVP_NicoStan",50000,500,8,2,4,100,"50597d787bf5578f0fdbdd94f2702741","state_allocation_thread_setup_sampling_divergence_check","iteration_difference","main_scaling","two_run_difference",NA,4,11.90404040404,0.229732850504159,0.231000000000222,12.0149999999999,0.110095959596175,0.1190404040404,0,FALSE,0.168010182435304,16.8010182435304,0,"2386;2392;2398;2404",576,0.70343548959681,2.81374195838724,50,16.7474489795922,33.4948979591844,"1974;1979;1984;1989"
"Laptop","MD_BayesMVP_WCP","BayesMVP_NicoStan",50000,500,16,2,8,100,"50597d787bf5578f0fdbdd94f2702741","state_allocation_thread_setup_sampling_divergence_check","iteration_difference","main_scaling","two_run_difference",NA,4,13.8131313131322,0.534870104452183,0.315500000000156,14.0035000000007,0.181893939394095,0.138131313131322,0,FALSE,0.144789762340027,14.4789762340027,0,"2387;2393;2399;2405",577,0.303107394694611,2.42485915755689,50,16.7474489795922,33.4948979591844,"1974;1979;1984;1989"
"Laptop","MD_BayesMVP_WCP","BayesMVP_NicoStan",50000,500,8,4,2,100,"50597d787bf5578f0fdbdd94f2702741","state_allocation_thread_setup_sampling_divergence_check","iteration_difference","main_scaling","two_run_difference",NA,4,20.7358585858582,0.180787388542514,0.363000000000056,20.8770000000004,0.156606060605525,0.207358585858582,0,FALSE,0.19290255011326,19.290255011326,0,"2388;2394;2400;2406",578,0.829973063829122,1.65994612765824,50,17.2102040816322,34.4204081632643,"1975;1980;1985;1990"
"Laptop","MD_BayesMVP_WCP","BayesMVP_NicoStan",50000,500,16,4,4,100,"50597d787bf5578f0fdbdd94f2702741","state_allocation_thread_setup_sampling_divergence_check","iteration_difference","main_scaling","two_run_difference",NA,4,21.8227272727274,0.227947930803022,0.386999999999944,21.9910000000002,0.169904040403981,0.218227272727274,0,FALSE,0.183295146844406,18.3295146844406,0,"2389;2395;2401;2407",579,0.394318360545621,1.57727344218248,50,17.2102040816322,34.4204081632643,"1975;1980;1985;1990"
"Laptop","MD_BayesMVP_WCP","BayesMVP_NicoStan",50000,500,16,8,2,100,"50597d787bf5578f0fdbdd94f2702741","state_allocation_thread_setup_sampling_divergence_check","iteration_difference","main_scaling","two_run_difference",NA,4,37.5994949494948,0.240226429028229,0.565000000000055,37.7850000000003,0.190095959596011,0.375994949494948,0,FALSE,0.212768815398875,21.2768815398875,0,"2390;2396;2402;2408",580,0.484279735508312,0.968559471016624,50,18.2086734693874,36.4173469387749,"1976;1981;1986;1991"
"Laptop","MD_BayesMVP_WCP","BayesMVP_NicoStan",500,8,16,2,8,2000,"257aba3ac8b8727679d269bf8597bb85","state_allocation_thread_setup_sampling_divergence_check","iteration_difference","main_scaling","two_run_difference",NA,4,11.8704352176098,0.426035653047451,0.0244999999986248,11.8860000000002,0.0184102051011757,0.00593521760880492,0,FALSE,0.168485819039978,336.971638079957,0,"2409;2410;2411;2412",581,NA,NA,NA,NA,NA,""
"Laptop","MD_BayesMVP_WCP","BayesMVP_NicoStan",2500,8,16,2,8,400,"7184208393ceb4c8ae3e26f0d1660bdb","state_allocation_thread_setup_sampling_divergence_check","iteration_difference","main_scaling","two_run_difference",NA,4,4.58897243107734,0.149711704800552,0.0304999999998472,4.63349999999969,0.0191478696740319,0.0114724310776933,0,FALSE,0.435827416712213,174.330966684885,0,"2413;2414;2415;2416",582,NA,NA,NA,NA,NA,""
"Laptop","MD_BayesMVP_WCP","BayesMVP_NicoStan",10000,2,4,2,2,200,"b352a26c8e9b174599c6b645056fb577","state_allocation_thread_setup_sampling_divergence_check","iteration_difference","main_scaling","two_run_difference",NA,4,10.8869346733668,0.0520894933777566,0.0760000000000218,10.915,0.0214020100502696,0.0544346733668341,0,FALSE,0.183706438956843,36.7412877913686,0,"2417;2420;2423;2426",583,NA,NA,NA,NA,NA,""
"Laptop","MD_BayesMVP_WCP","BayesMVP_NicoStan",10000,2,8,4,2,200,"b352a26c8e9b174599c6b645056fb577","state_allocation_thread_setup_sampling_divergence_check","iteration_difference","main_scaling","two_run_difference",NA,4,20.0261306532665,0.17135088924252,0.133499999999913,20.0619999999999,0.0334572864320712,0.100130653266332,0,FALSE,0.19973903442738,39.9478068854759,0,"2418;2421;2424;2427",584,NA,NA,NA,NA,NA,""
"Laptop","MD_BayesMVP_WCP","BayesMVP_NicoStan",10000,2,16,8,2,200,"b352a26c8e9b174599c6b645056fb577","state_allocation_thread_setup_sampling_divergence_check","iteration_difference","main_scaling","two_run_difference",NA,4,48.6497487437191,0.298597345497344,0.264499999999771,48.6715000000004,0.0215477386932412,0.243248743718596,0,FALSE,0.164440725935565,32.888145187113,0,"2419;2422;2425;2428",585,NA,NA,NA,NA,NA,""
"Laptop","MD_BayesMVP_WCP","BayesMVP_NicoStan",10000,8,16,2,8,200,"b352a26c8e9b174599c6b645056fb577","state_allocation_thread_setup_sampling_divergence_check","iteration_difference","main_scaling","two_run_difference",NA,4,9.22763819095514,0.328937625213132,0.109499999999571,9.29549999999995,0.0626733668337366,0.0461381909547757,0,FALSE,0.216740184065776,43.3480368131552,0,"2429;2430;2431;2432",586,NA,NA,NA,NA,NA,""
"Laptop","MD_BayesMVP_WCP","BayesMVP_NicoStan",50000,2,4,2,2,100,"50597d787bf5578f0fdbdd94f2702741","state_allocation_thread_setup_sampling_divergence_check","iteration_difference","main_scaling","two_run_difference",NA,4,45.2601010101018,0.409208529460337,0.561500000000024,45.4089999999999,0.106651515151541,0.452601010101018,0,FALSE,0.0441890308542089,4.41890308542089,0,"2433;2436;2439;2442",587,NA,NA,NA,NA,NA,""
"Laptop","MD_BayesMVP_WCP","BayesMVP_NicoStan",50000,2,8,4,2,100,"50597d787bf5578f0fdbdd94f2702741","state_allocation_thread_setup_sampling_divergence_check","iteration_difference","main_scaling","two_run_difference",NA,4,121.662121212121,0.263411639712143,1.40849999999978,121.827,0.193217171716938,1.21662121212121,0,FALSE,0.0328779406453542,3.28779406453542,0,"2434;2437;2440;2443",588,NA,NA,NA,NA,NA,""
"Laptop","MD_BayesMVP_WCP","BayesMVP_NicoStan",50000,2,16,8,2,100,"50597d787bf5578f0fdbdd94f2702741","state_allocation_thread_setup_sampling_divergence_check","iteration_difference","main_scaling","two_run_difference",NA,4,295.99797979798,1.90191854548409,3.07900000000018,296.344,0.114818181818133,2.9599797979798,0,FALSE,0.0270272114879298,2.70272114879298,0,"2435;2438;2441;2444",589,NA,NA,NA,NA,NA,""
"Laptop","MD_BayesMVP_WCP","BayesMVP_NicoStan",50000,8,16,2,8,100,"50597d787bf5578f0fdbdd94f2702741","state_allocation_thread_setup_sampling_divergence_check","iteration_difference","main_scaling","two_run_difference",NA,4,35.3237373737366,0.189944430053322,0.491500000000087,35.4549999999995,0.139080808080898,0.353237373737366,0,FALSE,0.0566191504267896,5.66191504267896,0,"2445;2446;2447;2448",590,NA,NA,NA,NA,NA,""
