"N","run","n_chains","n_fb_iter","n_thin","n_saved_per_chain","time_total","time_sampling_mins","max_Rhat","max_nRhat","min_ESS","ESS_per_sec","ESS_per_sec_sampling"
500,1,16,1000,10,500,64.2,0.5353,1.0036,1.002,3504,54.5426,109.0852
500,2,16,1000,10,500,64.8,0.5398,1.0034,1,3782,58.3916,116.7832
500,3,16,1000,10,500,65.6,0.5467,1.0034,1.001,3496,53.2967,106.5934
2500,1,16,1000,10,500,308.1,2.5678,1.0082,1.001,1928,6.2567,12.5135
2500,2,16,1000,10,500,311.3,2.5939,1.0066,1.001,1817,5.8358,11.6716
2500,3,16,1000,10,500,313.7,2.6142,1.0042,1.001,1904,6.0691,12.1383
10000,1,16,1000,10,500,1242.4,10.353,1.0151,1.001,904,0.7276,1.4552
10000,2,16,1000,10,500,1227.3,10.2272,1.0217,1,699,0.5692,1.1383
10000,3,16,1000,10,500,1210.4,10.0863,1.0171,1.002,709,0.5862,1.1723
