"N","n_chains_burnin","best_num_chunks_burnin","best_n_threads_WCP_burnin","best_n_threads_total","best_sec_per_iter","best_n_runs_available","best_sec_per_step","best_mean_steps_per_iter","best_n_timed_iters","no_chunking_sec_per_iter","best_chunking_only_num_chunks","best_chunking_only_sec_per_iter","speed_up_vs_1_chunk_WCP_1","speed_up_vs_best_chunks_WCP_1","device","implementation"
500,4,8,8,32,0.00764833333333333,3,0.000372448017294609,20.535,200,0.0113983333333332,1,0.0113983333333332,1.4903028982349,1.4903028982349,"HPC","BayesMVP"
500,8,10,8,64,0.00725166666666666,3,0.000353350219830073,20.535,200,0.0113866666666667,1,0.0113866666666667,1.57021374396691,1.57021374396691,"HPC","BayesMVP"
500,16,10,6,96,0.0070083333333334,3,0.000341361264106359,20.535,200,0.00885833333333333,1,0.00885833333333333,1.26397146254458,1.26397146254458,"HPC","BayesMVP"
2500,4,8,8,32,0.010525,3,0.000498344349986036,21.225,40,0.0235000000000009,10,0.0228583333333335,2.23277909738726,2.1718131433096,"HPC","BayesMVP"
2500,8,8,8,64,0.0105666666666666,3,0.000499399288466613,21.225,40,0.0236749999999994,10,0.0205833333333338,2.24053627760247,1.94794952681393,"HPC","BayesMVP"
2500,16,4,4,64,0.0113166666666672,3,0.000533042943953347,21.225,40,0.0245,4,0.0202416666666669,2.16494845360815,1.78865979381438,"HPC","BayesMVP"
10000,4,50,16,64,0.0206333333333343,3,0.000931956829093605,22.1333333333333,10,0.0945666666666682,50,0.0739666666666684,4.58319870759276,3.58481421647811,"HPC","BayesMVP"
10000,8,25,8,64,0.0266333333333307,3,0.00120365335668467,22.1333333333333,10,0.105199999999995,25,0.0753333333333255,3.9499374217774,2.82853566958697,"HPC","BayesMVP"
10000,16,25,4,64,0.033833333333331,3,0.00152819588525404,22.1333333333333,10,0.120533333333335,10,0.0775333333333341,3.56256157635497,2.29162561576373,"HPC","BayesMVP"
50000,4,250,16,64,0.0836666666666702,3,0.00377884812430702,22.1333333333333,10,0.533066666666669,100,0.355766666666663,6.37131474103562,4.25219123505954,"HPC","BayesMVP"
50000,8,100,8,64,0.106700000000001,3,0.00482106822549651,22.1333333333333,10,0.637266666666653,100,0.364399999999993,5.97250859106513,3.41518275538885,"HPC","BayesMVP"
50000,16,50,4,64,0.191733333333343,3,0.00865797595799539,22.1333333333333,10,0.791866666666658,50,0.404566666666661,4.13004172461727,2.11004867872031,"HPC","BayesMVP"
500,4,1,1,4,0.00994333333333351,3,0.000484219172799644,20.535,200,0.00994333333333351,1,0.00994333333333351,1,1,"Laptop","BayesMVP"
500,8,1,1,8,0.0137566666666666,3,0.00067000049074331,20.535,200,0.0137566666666666,1,0.0137566666666666,1,1,"Laptop","BayesMVP"
2500,4,4,2,8,0.0238583333333333,3,0.00112617750483094,21.225,40,0.0432416666666668,4,0.0353999999999997,1.81243450925603,1.48375829549422,"Laptop","BayesMVP"
2500,8,10,1,8,0.0399666666666664,3,0.00188416375779239,21.225,40,0.0816666666666672,10,0.0399666666666664,2.04336947456216,1,"Laptop","BayesMVP"
10000,4,50,2,8,0.0869999999999986,3,0.00393099138613923,22.1333333333333,10,0.260166666666669,10,0.142399999999998,2.99042145593877,1.6367816091954,"Laptop","BayesMVP"
10000,8,25,1,8,0.167500000000003,3,0.00757435460622857,22.1333333333333,10,0.567999999999999,25,0.167500000000003,3.39104477611933,1,"Laptop","BayesMVP"
50000,4,100,2,8,0.446933333333336,3,0.0201925605570596,22.1333333333333,10,2.54330000000001,250,0.732233333333335,5.69055787589497,1.63835023866348,"Laptop","BayesMVP"
50000,8,250,1,8,0.871933333333341,3,0.039392576228018,22.1333333333333,10,6.39843333333333,250,0.871933333333341,7.33821393072858,1,"Laptop","BayesMVP"
500,4,10,8,32,0.01387,3,0.000675212867048563,20.535,200,NA,2,0.0385300000000002,NA,2.77793799567414,"HPC","Stan_tape_chunked"
500,8,10,4,32,0.0165050000000001,3,0.000803770308398302,20.535,200,NA,2,0.0384383333333335,NA,2.32889023528224,"HPC","Stan_tape_chunked"
500,16,10,8,128,0.0158183333333331,3,0.000770321796194334,20.535,200,NA,2,0.0382366666666673,NA,2.41723738278377,"HPC","Stan_tape_chunked"
2500,4,25,8,32,0.0360249999999993,3,0.00169645972537815,21.225,40,NA,4,0.181191666666666,NA,5.02960906777708,"HPC","Stan_tape_chunked"
2500,8,25,8,64,0.0357416666666663,3,0.00168310016248105,21.225,40,NA,4,0.182758333333334,NA,5.11331312660301,"HPC","Stan_tape_chunked"
2500,16,25,8,128,0.0618000000000004,3,0.00291288491168351,21.225,40,NA,4,0.191433333333332,NA,3.09762675296652,"HPC","Stan_tape_chunked"
10000,4,50,16,64,0.116800000000003,3,0.00527581842917644,22.1333333333333,5,NA,10,0.744800000000001,NA,6.37671232876699,"HPC","Stan_tape_chunked"
10000,8,50,12,96,0.138399999999996,3,0.0062389968376219,22.1333333333333,5,NA,10,0.747266666666663,NA,5.39932562620438,"HPC","Stan_tape_chunked"
10000,16,100,11,176,0.217399999999994,3,0.00985028045578019,22.1333333333333,5,NA,10,0.79700000000001,NA,3.66605335786583,"HPC","Stan_tape_chunked"
50000,4,250,16,64,0.40499999999996,3,0.0178397212543554,22.7777777777778,3,NA,100,3.81466666666667,NA,9.41893004115319,"HPC","Stan_tape_chunked"
50000,8,500,16,128,0.560888888888889,3,0.0246161765215733,22.7777777777778,3,NA,50,3.86011111111111,NA,6.88213153724247,"HPC","Stan_tape_chunked"
50000,16,500,11,176,0.981777777777804,3,0.0433217839374556,22.7777777777778,3,NA,100,3.89577777777778,NA,3.96808510638287,"HPC","Stan_tape_chunked"
500,4,10,4,16,0.0388866666666667,3,0.00189371949539078,20.535,200,NA,4,0.0797783333333335,NA,2.05156008914796,"Laptop","Stan_tape_chunked"
500,8,10,2,16,0.0743766666666664,3,0.00362198068611159,20.535,200,NA,4,0.0884999999999999,NA,1.18988930220051,"Laptop","Stan_tape_chunked"
2500,4,50,4,16,0.182266666666668,3,0.00858841727619449,21.225,40,NA,10,0.4065,NA,2.23024871982441,"Laptop","Stan_tape_chunked"
2500,8,50,2,16,0.357916666666668,3,0.016866629426785,21.225,40,NA,25,0.425574999999998,NA,1.18903376018626,"Laptop","Stan_tape_chunked"
10000,4,250,4,16,0.742000000000005,3,0.0335631082003372,22.1333333333333,5,NA,50,1.67206666666667,NA,2.25345911949684,"Laptop","Stan_tape_chunked"
10000,8,250,2,16,1.47899999999999,3,0.0668796804777767,22.1333333333333,5,NA,100,1.77913333333334,NA,1.20292990759523,"Laptop","Stan_tape_chunked"
50000,4,1000,4,16,3.84144444444439,3,0.168055638618753,22.7777777777778,3,NA,250,8.61599999999999,NA,2.24290631417583,"Laptop","Stan_tape_chunked"
50000,8,1000,2,16,7.4403333333333,3,0.326933529218021,22.7777777777778,3,NA,500,9.10477777777775,NA,1.2237056284814,"Laptop","Stan_tape_chunked"
