"id","value","source"
"BayesMVP_HPC_total_min","1.26","HPC: min over cells, best vs N_chunks = 1, N_WCP = 1"
"BayesMVP_HPC_total_max","6.37","HPC: max over cells, best vs N_chunks = 1, N_WCP = 1"
"BayesMVP_HPC_WCP_min","1.26","HPC: min over cells, best vs best N_chunks at N_WCP = 1"
"BayesMVP_HPC_WCP_max","4.25","HPC: max over cells, best vs best N_chunks at N_WCP = 1"
"BayesMVP_HPC_N50000_WCP_c4","16","HPC: best N_WCP, N = 50,000, 4 chains"
"BayesMVP_HPC_N50000_WCP_c8","8","HPC: best N_WCP, N = 50,000, 8 chains"
"BayesMVP_HPC_N50000_WCP_c16","4","HPC: best N_WCP, N = 50,000, 16 chains"
"BayesMVP_HPC_N50000_c4_sec","0.0837","HPC: best seconds per burn-in iteration, N = 50,000, 4 chains"
"BayesMVP_Laptop_total_min","1.00","Laptop: min over cells, best vs N_chunks = 1, N_WCP = 1"
"BayesMVP_Laptop_total_max","7.34","Laptop: max over cells, best vs N_chunks = 1, N_WCP = 1"
"BayesMVP_Laptop_WCP_min","1.00","Laptop: min over cells, best vs best N_chunks at N_WCP = 1"
"BayesMVP_Laptop_WCP_max","1.64","Laptop: max over cells, best vs best N_chunks at N_WCP = 1"
"Stan_HPC_WCP_min","2.33","HPC: min over cells, best vs best N_chunks at N_WCP = 1"
"Stan_HPC_WCP_max","9.42","HPC: max over cells, best vs best N_chunks at N_WCP = 1"
"Stan_HPC_WCP_selected_count","12","HPC: cells whose best configuration has N_WCP > 1"
"Stan_HPC_n_cells","12","HPC: number of (N, chains) cells"
"BayesMVP_vs_Stan_HPC_min","1.81","HPC: min over cells, Stan best / BayesMVP best"
"BayesMVP_vs_Stan_HPC_max","6.45","HPC: max over cells, Stan best / BayesMVP best"
"Stan_HPC_WCP_max_N","$N = 50,000$","HPC: cell of the largest WCP gain"
"Stan_HPC_WCP_max_chains","four","HPC: cell of the largest WCP gain"
"Stan_HPC_N50000_chunks_c4","250","HPC: best N_chunks, N = 50,000, 4 chains"
"Stan_HPC_N50000_WCP_c4","16","HPC: best N_WCP, N = 50,000, 4 chains"
"Stan_HPC_N50000_chunks_c8","500","HPC: best N_chunks, N = 50,000, 8 chains"
"Stan_HPC_N50000_WCP_c8","16","HPC: best N_WCP, N = 50,000, 8 chains"
"Stan_HPC_N50000_chunks_c16","500","HPC: best N_chunks, N = 50,000, 16 chains"
"Stan_HPC_N50000_WCP_c16","11","HPC: best N_WCP, N = 50,000, 16 chains"
"Stan_HPC_N50000_c4_sec","0.405","HPC: best seconds per burn-in iteration, N = 50,000, 4 chains"
"Stan_Laptop_WCP_min","1.19","Laptop: min over cells, best vs best N_chunks at N_WCP = 1"
"Stan_Laptop_WCP_max","2.25","Laptop: max over cells, best vs best N_chunks at N_WCP = 1"
"Stan_Laptop_WCP_selected_count","8","Laptop: cells whose best configuration has N_WCP > 1"
"Stan_Laptop_n_cells","8","Laptop: number of (N, chains) cells"
"BayesMVP_vs_Stan_Laptop_min","3.91","Laptop: min over cells, Stan best / BayesMVP best"
"BayesMVP_vs_Stan_Laptop_max","8.95","Laptop: max over cells, Stan best / BayesMVP best"
