"device","algorithm","N","timing_estimator","timed_calls"
"HPC","AD_Stan",500,"iteration_difference",36
"Laptop","AD_Stan",500,"iteration_difference",20
"HPC","AD_Stan_chunked",500,"iteration_difference",108
"Laptop","AD_Stan_chunked",500,"iteration_difference",60
"HPC","AD_Stan_tape_chunked",500,"iteration_difference",116
"Laptop","AD_Stan_tape_chunked",500,"iteration_difference",64
"HPC","AD_Stan_WCP",500,"iteration_difference",92
"Laptop","AD_Stan_WCP",500,"iteration_difference",60
"HPC","MD_BayesMVP",500,"iteration_difference",152
"Laptop","MD_BayesMVP",500,"iteration_difference",84
"HPC","MD_BayesMVP_WCP",500,"iteration_difference",92
"Laptop","MD_BayesMVP_WCP",500,"iteration_difference",60
"HPC","AD_Stan",2500,"iteration_difference",36
"Laptop","AD_Stan",2500,"iteration_difference",20
"HPC","AD_Stan_chunked",2500,"iteration_difference",144
"Laptop","AD_Stan_chunked",2500,"iteration_difference",80
"HPC","AD_Stan_tape_chunked",2500,"iteration_difference",156
"Laptop","AD_Stan_tape_chunked",2500,"iteration_difference",88
"HPC","AD_Stan_WCP",2500,"iteration_difference",172
"Laptop","AD_Stan_WCP",2500,"iteration_difference",108
"HPC","MD_BayesMVP",2500,"iteration_difference",188
"Laptop","MD_BayesMVP",2500,"iteration_difference",104
"HPC","MD_BayesMVP_WCP",2500,"iteration_difference",132
"Laptop","MD_BayesMVP_WCP",2500,"iteration_difference",84
"HPC","AD_Stan",10000,"iteration_difference",36
"Laptop","AD_Stan",10000,"iteration_difference",20
"HPC","AD_Stan_chunked",10000,"iteration_difference",180
"Laptop","AD_Stan_chunked",10000,"iteration_difference",100
"HPC","AD_Stan_tape_chunked",10000,"iteration_difference",180
"Laptop","AD_Stan_tape_chunked",10000,"iteration_difference",100
"HPC","AD_Stan_WCP",10000,"iteration_difference",332
"Laptop","AD_Stan_WCP",10000,"iteration_difference",132
"HPC","MD_BayesMVP",10000,"iteration_difference",216
"Laptop","MD_BayesMVP",10000,"iteration_difference",120
"HPC","MD_BayesMVP_WCP",10000,"iteration_difference",332
"Laptop","MD_BayesMVP_WCP",10000,"iteration_difference",132
"HPC","AD_Stan",50000,"iteration_difference",36
"Laptop","AD_Stan",50000,"iteration_difference",20
"HPC","AD_Stan_chunked",50000,"iteration_difference",216
"Laptop","AD_Stan_chunked",50000,"iteration_difference",120
"HPC","AD_Stan_tape_chunked",50000,"iteration_difference",216
"Laptop","AD_Stan_tape_chunked",50000,"iteration_difference",120
"HPC","AD_Stan_WCP",50000,"iteration_difference",464
"Laptop","AD_Stan_WCP",50000,"iteration_difference",168
"HPC","MD_BayesMVP",50000,"iteration_difference",288
"Laptop","MD_BayesMVP",50000,"iteration_difference",160
"HPC","MD_BayesMVP_WCP",50000,"iteration_difference",476
"Laptop","MD_BayesMVP_WCP",50000,"iteration_difference",180
"HPC","Mplus_standard",500,"overhead_subtraction",27
"Laptop","Mplus_standard",500,"overhead_subtraction",15
"HPC","Mplus_WCP",500,"overhead_subtraction",30
"Laptop","Mplus_WCP",500,"overhead_subtraction",18
"HPC","Mplus_standard",2500,"overhead_subtraction",27
"Laptop","Mplus_standard",2500,"overhead_subtraction",15
"HPC","Mplus_WCP",2500,"overhead_subtraction",30
"Laptop","Mplus_WCP",2500,"overhead_subtraction",18
"HPC","Mplus_standard",10000,"overhead_subtraction",27
"Laptop","Mplus_standard",10000,"overhead_subtraction",15
"HPC","Mplus_WCP",10000,"overhead_subtraction",54
"Laptop","Mplus_WCP",10000,"overhead_subtraction",18
"HPC","Mplus_standard",50000,"overhead_subtraction",27
"Laptop","Mplus_standard",50000,"overhead_subtraction",15
"HPC","Mplus_WCP",50000,"overhead_subtraction",54
"Laptop","Mplus_WCP",50000,"overhead_subtraction",18
