"N","device","n_threads_total","SMT","level","cache_bytes_per_thread","c_star","Threads_level","label","label_row"
500,"HPC","180",TRUE,"L2",524288,1.53350830078125,"HPC: 180 threads, laptop: 16 threads (with SMT)","L2 HPC 180",0
500,"Laptop","4/8",FALSE,"L2",524288,1.53350830078125,"HPC: 96 threads, laptop: 8 threads (without SMT)","L2 laptop 4/8",1
500,"Laptop","16",TRUE,"L2",262144,3.0670166015625,"HPC: 180 threads, laptop: 16 threads (with SMT)","L2 laptop 16",0
2500,"HPC","180",TRUE,"L3",2236962.13333333,1.79708003997803,"HPC: 180 threads, laptop: 16 threads (with SMT)","L3 HPC 180",0
2500,"Laptop","4/8",FALSE,"L3",2097152,1.91688537597656,"HPC: 96 threads, laptop: 8 threads (without SMT)","L3 laptop 4/8",1
2500,"HPC","64/96",FALSE,"L2",1048576,3.83377075195312,"HPC: 96 threads, laptop: 8 threads (without SMT)","L2 HPC 64/96",0
2500,"Laptop","16",TRUE,"L3",1048576,3.83377075195312,"HPC: 180 threads, laptop: 16 threads (with SMT)","L3 laptop 16",1
2500,"HPC","180",TRUE,"L2",524288,7.66754150390625,"HPC: 180 threads, laptop: 16 threads (with SMT)","L2 HPC 180",0
2500,"Laptop","4/8",FALSE,"L2",524288,7.66754150390625,"HPC: 96 threads, laptop: 8 threads (without SMT)","L2 laptop 4/8",1
2500,"Laptop","16",TRUE,"L2",262144,15.3350830078125,"HPC: 180 threads, laptop: 16 threads (with SMT)","L2 laptop 16",0
10000,"HPC","64/96",FALSE,"L3",4194304,3.83377075195312,"HPC: 96 threads, laptop: 8 threads (without SMT)","L3 HPC 64/96",0
10000,"HPC","180",TRUE,"L3",2236962.13333333,7.18832015991211,"HPC: 180 threads, laptop: 16 threads (with SMT)","L3 HPC 180",1
10000,"Laptop","4/8",FALSE,"L3",2097152,7.66754150390625,"HPC: 96 threads, laptop: 8 threads (without SMT)","L3 laptop 4/8",2
10000,"HPC","64/96",FALSE,"L2",1048576,15.3350830078125,"HPC: 96 threads, laptop: 8 threads (without SMT)","L2 HPC 64/96",0
10000,"Laptop","16",TRUE,"L3",1048576,15.3350830078125,"HPC: 180 threads, laptop: 16 threads (with SMT)","L3 laptop 16",3
10000,"HPC","180",TRUE,"L2",524288,30.670166015625,"HPC: 180 threads, laptop: 16 threads (with SMT)","L2 HPC 180",1
10000,"Laptop","4/8",FALSE,"L2",524288,30.670166015625,"HPC: 96 threads, laptop: 8 threads (without SMT)","L2 laptop 4/8",2
10000,"Laptop","16",TRUE,"L2",262144,61.34033203125,"HPC: 180 threads, laptop: 16 threads (with SMT)","L2 laptop 16",0
50000,"HPC","64/96",FALSE,"L3",4194304,19.1688537597656,"HPC: 96 threads, laptop: 8 threads (without SMT)","L3 HPC 64/96",0
50000,"HPC","180",TRUE,"L3",2236962.13333333,35.9416007995605,"HPC: 180 threads, laptop: 16 threads (with SMT)","L3 HPC 180",1
50000,"Laptop","4/8",FALSE,"L3",2097152,38.3377075195312,"HPC: 96 threads, laptop: 8 threads (without SMT)","L3 laptop 4/8",2
50000,"HPC","64/96",FALSE,"L2",1048576,76.6754150390625,"HPC: 96 threads, laptop: 8 threads (without SMT)","L2 HPC 64/96",0
50000,"Laptop","16",TRUE,"L3",1048576,76.6754150390625,"HPC: 180 threads, laptop: 16 threads (with SMT)","L3 laptop 16",3
50000,"HPC","180",TRUE,"L2",524288,153.350830078125,"HPC: 180 threads, laptop: 16 threads (with SMT)","L2 HPC 180",1
50000,"Laptop","4/8",FALSE,"L2",524288,153.350830078125,"HPC: 96 threads, laptop: 8 threads (without SMT)","L2 laptop 4/8",2
50000,"Laptop","16",TRUE,"L2",262144,306.70166015625,"HPC: 180 threads, laptop: 16 threads (with SMT)","L2 laptop 16",0
