"device","N_num","Algorithm_label","algorithm","n_threads","n_chains","threads_per_chain","num_chunks","n_iter","time_avg","serial_time_equivalent","serial_speedup_S","parallel_efficiency_E"
"HPC",500,"BayesMVP (1 chunk)","MD_BayesMVP",1,1,1,1,400,1.10977443609022,1.10977443609022,1,1
"HPC",500,"BayesMVP (1 chunk)","MD_BayesMVP",2,2,1,1,400,1.12230576441103,1.10977443609022,1.97766860205448,0.988834301027238
"HPC",500,"BayesMVP (1 chunk)","MD_BayesMVP",4,4,1,1,400,1.10877192982456,1.10977443609022,4.00361663652801,1.000904159132
"HPC",500,"BayesMVP (1 chunk)","MD_BayesMVP",8,8,1,1,400,1.12832080200501,1.10977443609022,7.86850288760552,0.98356286095069
"HPC",500,"BayesMVP (1 chunk)","MD_BayesMVP",16,16,1,1,400,1.12807017543859,1.10977443609022,15.7405021106421,0.983781381915131
"HPC",500,"BayesMVP (1 chunk)","MD_BayesMVP",32,32,1,1,400,1.2187969924812,1.10977443609022,29.1375694016038,0.910549043800118
"HPC",500,"BayesMVP (1 chunk)","MD_BayesMVP",64,64,1,1,400,1.52756892230576,1.10977443609022,46.4958162428218,0.726497128794091
"HPC",500,"BayesMVP (1 chunk)","MD_BayesMVP",96,96,1,1,400,1.93333333333332,1.10977443609022,55.1060409644802,0.574021260046669
"HPC",500,"BayesMVP (1 chunk)","MD_BayesMVP",180,180,1,1,400,2.80852130325814,1.10977443609022,71.1261824022843,0.395145457790468
"HPC",500,"BayesMVP + chunking","MD_BayesMVP",1,1,1,2,400,1.08822055137843,1.08822055137843,1,1
"HPC",500,"BayesMVP + chunking","MD_BayesMVP",2,2,1,2,400,1.10451127819548,1.08822055137843,1.97050147492624,0.985250737463119
"HPC",500,"BayesMVP + chunking","MD_BayesMVP",4,4,1,2,400,1.11127819548872,1.08822055137843,3.91700496165985,0.979251240414963
"HPC",500,"BayesMVP + chunking","MD_BayesMVP",8,8,1,2,400,1.11328320802005,1.08822055137843,7.81990094551993,0.977487618189991
"HPC",500,"BayesMVP + chunking","MD_BayesMVP",16,16,1,2,400,1.16315789473684,1.08822055137843,14.9691876750698,0.935574229691865
"HPC",500,"BayesMVP + chunking","MD_BayesMVP",32,32,1,2,400,1.22832080200501,1.08822055137843,28.3501326259943,0.885941644562323
"HPC",500,"BayesMVP + chunking","MD_BayesMVP",64,64,1,2,400,1.496992481203,1.08822055137843,46.524024778168,0.726937887158875
"HPC",500,"BayesMVP + chunking","MD_BayesMVP",96,96,1,2,400,1.8315789473684,1.08822055137843,57.03776683087,0.59414340448823
"HPC",500,"BayesMVP + chunking","MD_BayesMVP",180,180,1,2,400,2.66741854636591,1.08822055137843,73.4341820915146,0.407967678286192
"HPC",500,"BayesMVP + chunking + WCP","MD_BayesMVP_WCP",8,4,2,4,2000,4.72361180590284,5.44110275689216,4.60757825195771,0.575947281494714
"HPC",500,"BayesMVP + chunking + WCP","MD_BayesMVP_WCP",16,8,2,2,2000,4.68059029514725,5.44110275689216,9.29985734924656,0.58124108432791
"HPC",500,"BayesMVP + chunking + WCP","MD_BayesMVP_WCP",32,16,2,2,2000,4.78964482241127,5.44110275689216,18.1762212728013,0.568006914775042
"HPC",500,"BayesMVP + chunking + WCP","MD_BayesMVP_WCP",64,32,2,2,2000,5.42271135567784,5.44110275689216,32.1085296266492,0.501695775416394
"HPC",500,"BayesMVP + chunking + WCP","MD_BayesMVP_WCP",96,48,2,2,2000,6.85017508754378,5.44110275689216,38.1264608558306,0.397150633914902
"HPC",500,"BayesMVP + chunking + WCP","MD_BayesMVP_WCP",128,64,2,4,2000,8.09329664832418,5.44110275689216,43.0270372596813,0.33614872859126
"HPC",500,"BayesMVP + chunking + WCP","MD_BayesMVP_WCP",180,90,2,2,2000,10.1138069034517,5.44110275689216,48.4188844808937,0.268993802671632
"HPC",500,"BayesMVP + WCP","MD_BayesMVP_WCP",8,4,2,2,2000,4.82716358179092,5.44110275689216,4.50873699612514,0.563592124515642
"HPC",500,"BayesMVP + WCP","MD_BayesMVP_WCP",16,8,2,2,2000,4.68059029514725,5.44110275689216,9.29985734924656,0.58124108432791
"HPC",500,"BayesMVP + WCP","MD_BayesMVP_WCP",32,16,2,2,2000,4.78964482241127,5.44110275689216,18.1762212728013,0.568006914775042
"HPC",500,"BayesMVP + WCP","MD_BayesMVP_WCP",64,32,2,2,2000,5.42271135567784,5.44110275689216,32.1085296266492,0.501695775416394
"HPC",500,"BayesMVP + WCP","MD_BayesMVP_WCP",96,48,2,2,2000,6.85017508754378,5.44110275689216,38.1264608558306,0.397150633914902
"HPC",500,"BayesMVP + WCP","MD_BayesMVP_WCP",128,64,2,2,2000,8.11180590295148,5.44110275689216,42.9288595668191,0.335381715365774
"HPC",500,"BayesMVP + WCP","MD_BayesMVP_WCP",180,90,2,2,2000,10.1138069034517,5.44110275689216,48.4188844808937,0.268993802671632
"HPC",500,"Mplus","Mplus_standard",1,1,1,1,2000,1.65566666666667,1.65566666666667,1,1
"HPC",500,"Mplus","Mplus_standard",2,2,1,1,2000,3.40366666666667,1.65566666666667,0.972872392517873,0.486436196258937
"HPC",500,"Mplus","Mplus_standard",4,4,1,1,2000,8.45066666666666,1.65566666666667,0.783685705269802,0.19592142631745
"HPC",500,"Mplus","Mplus_standard",8,8,1,1,2000,17.3823333333333,1.65566666666667,0.76199973152818,0.0952499664410225
"HPC",500,"Mplus","Mplus_standard",16,16,1,1,2000,21.707,1.65566666666667,1.22037438000031,0.0762733987500193
"HPC",500,"Mplus","Mplus_standard",32,32,1,1,2000,23.8086666666667,1.65566666666667,2.22529611065999,0.0695405034581245
"HPC",500,"Mplus","Mplus_standard",64,64,1,1,2000,23.2516666666667,1.65566666666667,4.55720736864741,0.0712063651351158
"HPC",500,"Mplus","Mplus_standard",96,96,1,1,2000,23.2006666666667,1.65566666666667,6.85083761960863,0.0713628918709232
"HPC",500,"Mplus","Mplus_standard",180,180,1,1,2000,27.4456666666667,1.65566666666667,10.8585447611645,0.0603252486731361
"HPC",500,"Mplus + WCP","Mplus_WCP",8,4,2,1,10000,22.4676666666667,8.27833333333334,1.47382163998635,0.184227704998294
"HPC",500,"Mplus + WCP","Mplus_WCP",16,8,2,1,10000,31.3193333333333,8.27833333333334,2.1145618254965,0.132160114093531
"HPC",500,"Mplus + WCP","Mplus_WCP",32,16,2,1,10000,39.0976666666666,8.27833333333334,3.38775545002686,0.10586735781334
"HPC",500,"Mplus + WCP","Mplus_WCP",64,32,2,1,10000,39.1066666666667,8.27833333333334,6.77395158540743,0.105842993521991
"HPC",500,"Mplus + WCP","Mplus_WCP",96,48,2,1,10000,39.2466666666667,8.27833333333334,10.1246815016137,0.105465432308476
"HPC",500,"Mplus + WCP","Mplus_WCP",128,64,2,1,10000,42.1933333333334,8.27833333333334,12.5568020224364,0.0981000158002844
"HPC",500,"Mplus + WCP","Mplus_WCP",180,90,2,1,10000,53.1,8.27833333333334,14.0310734463277,0.0779504080351538
"HPC",500,"Stan model (NicoStan)","AD_Stan",1,1,1,1,200,0.488944723616658,0.488944723616658,1,1
"HPC",500,"Stan model (NicoStan)","AD_Stan",2,2,1,1,200,0.492964824120237,0.488944723616658,1.98369011212614,0.99184505606307
"HPC",500,"Stan model (NicoStan)","AD_Stan",4,4,1,1,200,0.506030150753608,0.488944723616658,3.86494538231364,0.966236345578409
"HPC",500,"Stan model (NicoStan)","AD_Stan",8,8,1,1,200,0.545477386935639,0.488944723616658,7.17088899121456,0.896361123901821
"HPC",500,"Stan model (NicoStan)","AD_Stan",16,16,1,1,200,0.613065326633334,0.488944723616658,12.760655737664,0.797540983604001
"HPC",500,"Stan model (NicoStan)","AD_Stan",32,32,1,1,200,0.785678391960274,0.488944723616658,19.9142948512248,0.622321714100774
"HPC",500,"Stan model (NicoStan)","AD_Stan",64,64,1,1,200,1.25552763819131,0.488944723616658,24.9237542524715,0.389433660194868
"HPC",500,"Stan model (NicoStan)","AD_Stan",96,96,1,1,200,2.15778894472353,0.488944723616658,21.7531439216884,0.226595249184254
"HPC",500,"Stan model (NicoStan)","AD_Stan",180,180,1,1,200,4.5580402010038,0.488944723616658,19.308748139522,0.107270822997344
"HPC",500,"Stan model (NicoStan) + tape chunking","AD_Stan_tape_chunked",1,1,1,2,200,0.671859296482412,0.671859296482412,1,1
"HPC",500,"Stan model (NicoStan) + tape chunking","AD_Stan_tape_chunked",2,2,1,2,200,0.671356783919599,0.671859296482412,2.00149700598802,1.00074850299401
"HPC",500,"Stan model (NicoStan) + tape chunking","AD_Stan_tape_chunked",4,4,1,2,200,0.68643216080402,0.671859296482412,3.91508052708638,0.978770131771595
"HPC",500,"Stan model (NicoStan) + tape chunking","AD_Stan_tape_chunked",8,8,1,2,200,0.714070351758793,0.671859296482412,7.52709359605912,0.94088669950739
"HPC",500,"Stan model (NicoStan) + tape chunking","AD_Stan_tape_chunked",16,16,1,4,200,0.797989949748742,0.671859296482412,13.471032745592,0.841939546599497
"HPC",500,"Stan model (NicoStan) + tape chunking","AD_Stan_tape_chunked",32,32,1,2,200,0.968592964824121,0.671859296482412,22.1966277561608,0.693644617380025
"HPC",500,"Stan model (NicoStan) + tape chunking","AD_Stan_tape_chunked",64,64,1,2,200,1.26030150753769,0.671859296482412,34.1180223285486,0.533094098883572
"HPC",500,"Stan model (NicoStan) + tape chunking","AD_Stan_tape_chunked",96,96,1,4,200,1.63467336683417,0.671859296482412,39.4565016907471,0.411005225945282
"HPC",500,"Stan model (NicoStan) + tape chunking","AD_Stan_tape_chunked",180,180,1,4,200,2.8035175879397,0.671859296482412,43.1367628607277,0.239648682559598
"HPC",500,"Stan model (NicoStan) + tape chunking + WCP","AD_Stan_WCP",8,4,2,4,800,1.7819774718398,2.68743718592965,6.03248296546646,0.754060370683308
"HPC",500,"Stan model (NicoStan) + tape chunking + WCP","AD_Stan_WCP",16,8,2,4,800,1.95219023779725,2.68743718592965,11.0130135225428,0.688313345158927
"HPC",500,"Stan model (NicoStan) + tape chunking + WCP","AD_Stan_WCP",32,16,2,4,800,2.22202753441802,2.68743718592965,19.3512430916552,0.604726346614225
"HPC",500,"Stan model (NicoStan) + tape chunking + WCP","AD_Stan_WCP",64,32,2,4,800,2.88621553884712,2.68743718592965,29.7961080148921,0.465564187732689
"HPC",500,"Stan model (NicoStan) + tape chunking + WCP","AD_Stan_WCP",96,48,2,4,800,3.66967418546364,2.68743718592965,35.1521629455845,0.366168364016505
"HPC",500,"Stan model (NicoStan) + tape chunking + WCP","AD_Stan_WCP",128,64,2,4,800,4.53082706766917,2.68743718592965,37.9612766787805,0.296572474052973
"HPC",500,"Stan model (NicoStan) + tape chunking + WCP","AD_Stan_WCP",180,90,2,10,800,6.13383458646618,2.68743718592965,39.4319969546186,0.219066649747881
"HPC",500,"Stan model (NicoStan) + WCP","AD_Stan_WCP",8,4,2,2,800,2.02152690863579,2.68743718592965,5.31763821584395,0.664704776980494
"HPC",500,"Stan model (NicoStan) + WCP","AD_Stan_WCP",16,8,2,2,800,2.03654568210263,2.68743718592965,10.5568451895663,0.659802824347895
"HPC",500,"Stan model (NicoStan) + WCP","AD_Stan_WCP",32,16,2,2,800,2.33917396745932,2.68743718592965,18.3821278678034,0.574441495868857
"HPC",500,"Stan model (NicoStan) + WCP","AD_Stan_WCP",64,16,4,4,800,1.61226533166458,2.68743718592965,26.6699246894306,0.416717573272353
"HPC",500,"Stan model (NicoStan) + WCP","AD_Stan_WCP",96,24,4,4,800,2.15137844611529,2.68743718592965,29.98007746093,0.312292473551355
"HPC",500,"Stan model (NicoStan) + WCP","AD_Stan_WCP",128,32,4,4,800,2.71528822055136,2.68743718592965,31.6717721893576,0.247435720229356
"HPC",500,"Stan model (NicoStan) + WCP","AD_Stan_WCP",180,45,4,4,800,3.66115288220552,2.68743718592965,33.0318556088217,0.183510308937898
"HPC",2500,"BayesMVP (1 chunk)","MD_BayesMVP",1,1,1,1,80,0.846835443037971,0.846835443037971,1,1
"HPC",2500,"BayesMVP (1 chunk)","MD_BayesMVP",2,2,1,1,80,0.852151898734174,0.846835443037971,1.98752228163993,0.993761140819964
"HPC",2500,"BayesMVP (1 chunk)","MD_BayesMVP",4,4,1,1,80,0.857215189873431,0.846835443037971,3.95156526875361,0.987891317188403
"HPC",2500,"BayesMVP (1 chunk)","MD_BayesMVP",8,8,1,1,80,0.874177215189878,0.846835443037971,7.74978279756726,0.968722849695907
"HPC",2500,"BayesMVP (1 chunk)","MD_BayesMVP",16,16,1,1,80,0.875696202531636,0.846835443037971,15.472679965308,0.96704249783175
"HPC",2500,"BayesMVP (1 chunk)","MD_BayesMVP",32,32,1,1,80,1.04936708860759,0.846835443037971,25.8238841978287,0.806996381182147
"HPC",2500,"BayesMVP (1 chunk)","MD_BayesMVP",64,64,1,1,80,1.35139240506327,0.846835443037971,40.1049082053207,0.626639190708137
"HPC",2500,"BayesMVP (1 chunk)","MD_BayesMVP",96,96,1,1,80,1.73645569620253,0.846835443037971,46.8173203090827,0.487680419886278
"HPC",2500,"BayesMVP (1 chunk)","MD_BayesMVP",180,180,1,1,80,5.16227848101267,0.846835443037971,29.5277328233042,0.164042960129468
"HPC",2500,"BayesMVP + chunking","MD_BayesMVP",1,1,1,8,80,0.733164556962026,0.733164556962026,1,1
"HPC",2500,"BayesMVP + chunking","MD_BayesMVP",2,2,1,10,80,0.771645569620257,0.733164556962026,1.90026246719159,0.950131233595796
"HPC",2500,"BayesMVP + chunking","MD_BayesMVP",4,4,1,2,80,0.814683544303795,0.733164556962026,3.5997513983841,0.899937849596026
"HPC",2500,"BayesMVP + chunking","MD_BayesMVP",8,8,1,4,80,0.784303797468343,0.733164556962026,7.47837314396396,0.934796642995494
"HPC",2500,"BayesMVP + chunking","MD_BayesMVP",16,16,1,10,80,0.873670886075948,0.733164556962026,13.4268328020864,0.839177050130399
"HPC",2500,"BayesMVP + chunking","MD_BayesMVP",32,32,1,25,80,0.807341772151897,0.733164556962026,29.0598933835059,0.908121668234559
"HPC",2500,"BayesMVP + chunking","MD_BayesMVP",64,64,1,25,80,1.10455696202531,0.733164556962026,42.480861792345,0.663763465505391
"HPC",2500,"BayesMVP + chunking","MD_BayesMVP",96,96,1,4,80,1.34632911392404,0.733164556962026,52.278300112825,0.54456562617526
"HPC",2500,"BayesMVP + chunking","MD_BayesMVP",180,180,1,10,80,1.97417721518985,0.733164556962026,66.8479097204419,0.371377276224677
"HPC",2500,"BayesMVP + chunking + WCP","MD_BayesMVP_WCP",8,4,2,4,400,2.43182957393489,3.66582278481013,6.02973633366673,0.753717041708342
"HPC",2500,"BayesMVP + chunking + WCP","MD_BayesMVP_WCP",16,8,2,10,400,2.48421052631569,3.66582278481013,11.8051920188805,0.737824501180034
"HPC",2500,"BayesMVP + chunking + WCP","MD_BayesMVP_WCP",32,16,2,4,400,2.58746867167926,3.66582278481013,22.6681641400884,0.708380129377764
"HPC",2500,"BayesMVP + chunking + WCP","MD_BayesMVP_WCP",64,32,2,4,400,2.65012531328323,3.66582278481013,44.2644461097554,0.691631970464929
"HPC",2500,"BayesMVP + chunking + WCP","MD_BayesMVP_WCP",96,48,2,10,400,3.86065162907271,3.66582278481013,45.5776668233466,0.474767362743193
"HPC",2500,"BayesMVP + chunking + WCP","MD_BayesMVP_WCP",128,64,2,4,400,4.79323308270682,3.66582278481013,48.9466408538093,0.382395631670385
"HPC",2500,"BayesMVP + chunking + WCP","MD_BayesMVP_WCP",180,90,2,10,400,5.89122807017543,3.66582278481013,56.0025934665753,0.311125519258751
"HPC",2500,"BayesMVP + WCP","MD_BayesMVP_WCP",8,4,2,2,400,2.55714285714317,3.66582278481013,5.73424793154586,0.716780991443232
"HPC",2500,"BayesMVP + WCP","MD_BayesMVP_WCP",16,8,2,2,400,2.57042606516312,3.66582278481013,11.4092300400867,0.71307687750542
"HPC",2500,"BayesMVP + WCP","MD_BayesMVP_WCP",32,16,2,2,400,2.60827067669187,3.66582278481013,22.4873764372312,0.702730513663476
"HPC",2500,"BayesMVP + WCP","MD_BayesMVP_WCP",64,32,2,2,400,2.79724310776944,3.66582278481013,41.9364083114913,0.655256379867052
"HPC",2500,"BayesMVP + WCP","MD_BayesMVP_WCP",96,48,2,2,400,4.11152882205516,3.66582278481013,42.7966095548206,0.445798016196048
"HPC",2500,"BayesMVP + WCP","MD_BayesMVP_WCP",128,64,2,2,400,5.28020050125316,3.66582278481013,44.4325283049701,0.347129127382579
"HPC",2500,"BayesMVP + WCP","MD_BayesMVP_WCP",180,90,2,2,400,6.81077694235588,3.66582278481013,48.44147054371,0.269119280798389
"HPC",2500,"Mplus","Mplus_standard",1,1,1,1,400,1.51100000000002,1.51100000000002,1,1
"HPC",2500,"Mplus","Mplus_standard",2,2,1,1,400,3.52366666666668,1.51100000000002,0.85762936335258,0.42881468167629
"HPC",2500,"Mplus","Mplus_standard",4,4,1,1,400,8.06466666666669,1.51100000000002,0.749442010415815,0.187360502603954
"HPC",2500,"Mplus","Mplus_standard",8,8,1,1,400,17.12,1.51100000000002,0.706074766355151,0.0882593457943939
"HPC",2500,"Mplus","Mplus_standard",16,16,1,1,400,20.096,1.51100000000002,1.20302547770703,0.0751890923566891
"HPC",2500,"Mplus","Mplus_standard",32,32,1,1,400,20.655,1.51100000000002,2.34093439845078,0.0731541999515868
"HPC",2500,"Mplus","Mplus_standard",64,64,1,1,400,19.7809999999999,1.51100000000002,4.8887316111421,0.0763864314240954
"HPC",2500,"Mplus","Mplus_standard",96,96,1,1,400,19.518,1.51100000000002,7.43190900707052,0.0774157188236512
"HPC",2500,"Mplus","Mplus_standard",180,180,1,1,400,23.1546666666666,1.51100000000002,11.7462282621216,0.0652568236784533
"HPC",2500,"Mplus + WCP","Mplus_WCP",8,4,2,1,2000,21.706,7.55500000000012,1.39224177646736,0.17403022205842
"HPC",2500,"Mplus + WCP","Mplus_WCP",16,8,2,1,2000,28.9283333333333,7.55500000000012,2.08930114651153,0.130581321656971
"HPC",2500,"Mplus + WCP","Mplus_WCP",32,16,2,1,2000,31.9016666666666,7.55500000000012,3.78914372289855,0.11841074134058
"HPC",2500,"Mplus + WCP","Mplus_WCP",64,32,2,1,2000,29.83,7.55500000000012,8.10459269192101,0.126634260811266
"HPC",2500,"Mplus + WCP","Mplus_WCP",96,48,2,1,2000,31.3866666666666,7.55500000000012,11.5539507221752,0.120353653355992
"HPC",2500,"Mplus + WCP","Mplus_WCP",128,64,2,1,2000,31.08,7.55500000000012,15.5572715572718,0.121541184041186
"HPC",2500,"Mplus + WCP","Mplus_WCP",180,90,2,1,2000,37.4633333333333,7.55500000000012,18.1497464187208,0.100831924548449
"HPC",2500,"Stan model (NicoStan)","AD_Stan",1,1,1,1,40,0.524102564101282,0.524102564101282,1,1
"HPC",2500,"Stan model (NicoStan)","AD_Stan",2,2,1,1,40,0.531282051281805,0.524102564101282,1.97297297296906,0.98648648648453
"HPC",2500,"Stan model (NicoStan)","AD_Stan",4,4,1,1,40,0.58076923076965,0.524102564101282,3.60971302427112,0.90242825606778
"HPC",2500,"Stan model (NicoStan)","AD_Stan",8,8,1,1,40,0.641025641025977,0.524102564101282,6.54079999998056,0.81759999999757
"HPC",2500,"Stan model (NicoStan)","AD_Stan",16,16,1,1,40,0.782051282049791,0.524102564101282,10.7226229508139,0.670163934425867
"HPC",2500,"Stan model (NicoStan)","AD_Stan",32,32,1,1,40,1.13717948717909,0.524102564101282,14.7481397970378,0.46087936865743
"HPC",2500,"Stan model (NicoStan)","AD_Stan",64,64,1,1,40,2.10487179487316,0.524102564101282,15.9356803507851,0.248995005481017
"HPC",2500,"Stan model (NicoStan)","AD_Stan",96,96,1,1,40,3.12205128205211,0.524102564101282,16.115637319273,0.16787122207576
"HPC",2500,"Stan model (NicoStan)","AD_Stan",180,180,1,1,40,6.04410256410285,0.524102564101282,15.6083488884729,0.0867130493804048
"HPC",2500,"Stan model (NicoStan) + tape chunking","AD_Stan_tape_chunked",1,1,1,2,40,0.641025641025641,0.641025641025641,1,1
"HPC",2500,"Stan model (NicoStan) + tape chunking","AD_Stan_tape_chunked",2,2,1,4,40,0.64282051282051,0.641025641025641,1.9944156362186,0.997207818109298
"HPC",2500,"Stan model (NicoStan) + tape chunking","AD_Stan_tape_chunked",4,4,1,4,40,0.656666666666672,0.641025641025641,3.90472471690743,0.976181179226856
"HPC",2500,"Stan model (NicoStan) + tape chunking","AD_Stan_tape_chunked",8,8,1,4,40,0.685897435897439,0.641025641025641,7.47663551401866,0.934579439252332
"HPC",2500,"Stan model (NicoStan) + tape chunking","AD_Stan_tape_chunked",16,16,1,10,40,0.758717948717942,0.641025641025641,13.5180804325787,0.844880027036168
"HPC",2500,"Stan model (NicoStan) + tape chunking","AD_Stan_tape_chunked",32,32,1,10,40,0.966153846153846,0.641025641025641,21.2314225053079,0.66348195329087
"HPC",2500,"Stan model (NicoStan) + tape chunking","AD_Stan_tape_chunked",64,64,1,10,40,1.2353846153846,0.641025641025641,33.2088003320883,0.51888750518888
"HPC",2500,"Stan model (NicoStan) + tape chunking","AD_Stan_tape_chunked",96,96,1,10,40,1.56538461538463,0.641025641025641,39.312039312039,0.409500409500406
"HPC",2500,"Stan model (NicoStan) + tape chunking","AD_Stan_tape_chunked",180,180,1,25,40,2.63205128205127,0.641025641025641,43.8382854359476,0.243546030199709
"HPC",2500,"Stan model (NicoStan) + tape chunking + WCP","AD_Stan_WCP",8,4,2,4,200,1.94824120603015,3.20512820512821,6.58055726407546,0.822569658009432
"HPC",2500,"Stan model (NicoStan) + tape chunking + WCP","AD_Stan_WCP",16,8,2,4,200,2.17336683417086,3.20512820512821,11.7978360752927,0.737364754705795
"HPC",2500,"Stan model (NicoStan) + tape chunking + WCP","AD_Stan_WCP",32,16,2,10,200,2.43492462311557,3.20512820512821,21.0610426274445,0.658157582107641
"HPC",2500,"Stan model (NicoStan) + tape chunking + WCP","AD_Stan_WCP",64,16,4,10,200,1.52788944723619,3.20512820512821,33.5639802832698,0.52443719192609
"HPC",2500,"Stan model (NicoStan) + tape chunking + WCP","AD_Stan_WCP",96,48,2,25,200,4.14292929292922,3.20512820512821,37.1346317951225,0.386819081199193
"HPC",2500,"Stan model (NicoStan) + tape chunking + WCP","AD_Stan_WCP",128,64,2,25,200,5.23939393939401,3.20512820512821,39.1511322685407,0.305868220847974
"HPC",2500,"Stan model (NicoStan) + tape chunking + WCP","AD_Stan_WCP",180,90,2,25,200,6.84696969696968,3.20512820512821,42.1298108839602,0.23405450491089
"HPC",2500,"Stan model (NicoStan) + WCP","AD_Stan_WCP",8,4,2,2,200,1.99170854271343,3.20512820512821,6.43694222601798,0.804617778252248
"HPC",2500,"Stan model (NicoStan) + WCP","AD_Stan_WCP",16,8,2,2,200,2.31256281407028,3.20512820512821,11.0877099143074,0.692981869644211
"HPC",2500,"Stan model (NicoStan) + WCP","AD_Stan_WCP",32,16,2,2,200,3.06231155778903,3.20512820512821,16.7461900313881,0.523318438480879
"HPC",2500,"Stan model (NicoStan) + WCP","AD_Stan_WCP",64,8,8,8,200,1.17562814070348,3.20512820512821,21.8104898592189,0.340788904050295
"HPC",2500,"Stan model (NicoStan) + WCP","AD_Stan_WCP",96,16,6,6,200,1.95603015075368,3.20512820512821,26.2174135006518,0.273098057298456
"HPC",2500,"Stan model (NicoStan) + WCP","AD_Stan_WCP",128,16,8,8,200,2.26331658291447,3.20512820512821,22.6579223026836,0.177015017989715
"HPC",2500,"Stan model (NicoStan) + WCP","AD_Stan_WCP",180,45,4,4,200,8.11616161616161,3.20512820512821,17.7708103968216,0.0987267244267867
"HPC",10000,"BayesMVP (1 chunk)","MD_BayesMVP",1,1,1,1,80,3.3486075949367,3.3486075949367,1,1
"HPC",10000,"BayesMVP (1 chunk)","MD_BayesMVP",2,2,1,1,80,3.34607594936711,3.3486075949367,2.00151320269348,1.00075660134674
"HPC",10000,"BayesMVP (1 chunk)","MD_BayesMVP",4,4,1,1,80,3.4559493670886,3.3486075949367,3.87576001758112,0.96894000439528
"HPC",10000,"BayesMVP (1 chunk)","MD_BayesMVP",8,8,1,1,80,3.47848101265824,3.3486075949367,7.70131004366807,0.962663755458509
"HPC",10000,"BayesMVP (1 chunk)","MD_BayesMVP",16,16,1,1,80,3.70506329113925,3.3486075949367,14.4606764605397,0.903792278783733
"HPC",10000,"BayesMVP (1 chunk)","MD_BayesMVP",32,32,1,1,80,5.22759493670885,3.3486075949367,20.4980386459392,0.640563707685601
"HPC",10000,"BayesMVP (1 chunk)","MD_BayesMVP",64,64,1,1,80,10.7610126582278,3.3486075949367,19.91549428316,0.311179598174375
"HPC",10000,"BayesMVP (1 chunk)","MD_BayesMVP",96,96,1,1,80,18.8141772151899,3.3486075949367,17.0863878572581,0.177983206846439
"HPC",10000,"BayesMVP (1 chunk)","MD_BayesMVP",180,180,1,1,80,46.0022784810127,3.3486075949367,13.1025981101651,0.0727922117231394
"HPC",10000,"BayesMVP + chunking","MD_BayesMVP",1,1,1,10,80,2.65721518987341,2.65721518987341,1,1
"HPC",10000,"BayesMVP + chunking","MD_BayesMVP",2,2,1,50,80,2.74582278481013,2.65721518987341,1.9354600774479,0.96773003872395
"HPC",10000,"BayesMVP + chunking","MD_BayesMVP",4,4,1,50,80,2.79468354430381,2.65721518987341,3.80324304737745,0.950810761844363
"HPC",10000,"BayesMVP + chunking","MD_BayesMVP",8,8,1,10,80,2.76455696202532,2.65721518987341,7.68937728937726,0.961172161172158
"HPC",10000,"BayesMVP + chunking","MD_BayesMVP",16,16,1,10,80,2.85037974683548,2.65721518987341,14.9157118749443,0.932231992184018
"HPC",10000,"BayesMVP + chunking","MD_BayesMVP",32,32,1,10,80,2.9612658227848,2.65721518987341,28.7143712062923,0.897324100196634
"HPC",10000,"BayesMVP + chunking","MD_BayesMVP",64,64,1,10,80,3.43898734177218,2.65721518987341,49.4511189634859,0.772673733804468
"HPC",10000,"BayesMVP + chunking","MD_BayesMVP",96,96,1,25,80,4.92936708860757,2.65721518987341,51.7495762929486,0.539058086384881
"HPC",10000,"BayesMVP + chunking","MD_BayesMVP",180,180,1,50,80,7.6774683544304,2.65721518987341,62.2990173448523,0.346105651915846
"HPC",10000,"BayesMVP + chunking + WCP","MD_BayesMVP_WCP",8,4,2,10,200,4.05804020100518,6.64303797468353,6.5480257914035,0.818503223925437
"HPC",10000,"BayesMVP + chunking + WCP","MD_BayesMVP_WCP",16,8,2,10,200,3.99447236180915,6.64303797468353,13.3044615117573,0.831528844484833
"HPC",10000,"BayesMVP + chunking + WCP","MD_BayesMVP_WCP",32,16,2,10,200,4.26633165829144,6.64303797468353,24.9133485410983,0.778542141909322
"HPC",10000,"BayesMVP + chunking + WCP","MD_BayesMVP_WCP",64,32,2,25,200,4.83434343434361,6.64303797468353,43.9723031838627,0.687067237247854
"HPC",10000,"BayesMVP + chunking + WCP","MD_BayesMVP_WCP",96,48,2,25,200,6.78838383838385,6.64303797468353,46.9722735744306,0.489294516400319
"HPC",10000,"BayesMVP + chunking + WCP","MD_BayesMVP_WCP",128,64,2,25,200,8.30757575757579,6.64303797468353,51.1767142167848,0.399818079818632
"HPC",10000,"BayesMVP + chunking + WCP","MD_BayesMVP_WCP",176,16,11,25,200,3.23944723618087,6.64303797468353,32.810723511041,0.186424565403642
"HPC",10000,"BayesMVP + chunking + WCP","MD_BayesMVP_WCP",180,90,2,50,200,10.4873737373738,6.64303797468353,57.0088787425283,0.316715993014046
"HPC",10000,"BayesMVP + WCP","MD_BayesMVP_WCP",8,4,2,2,200,4.60552763819082,6.64303797468353,5.76962163431341,0.721202704289177
"HPC",10000,"BayesMVP + WCP","MD_BayesMVP_WCP",16,8,2,2,200,4.70904522613059,6.64303797468353,11.2855793999534,0.705348712497088
"HPC",10000,"BayesMVP + WCP","MD_BayesMVP_WCP",32,16,2,2,200,5.1655778894474,6.64303797468353,20.5763246377661,0.643010144930192
"HPC",10000,"BayesMVP + WCP","MD_BayesMVP_WCP",64,16,4,4,200,3.28140703517579,6.64303797468353,32.3911683176002,0.506112004962504
"HPC",10000,"BayesMVP + WCP","MD_BayesMVP_WCP",96,16,6,6,200,3.39296482412075,6.64303797468353,31.3261743355916,0.326314315995746
"HPC",10000,"BayesMVP + WCP","MD_BayesMVP_WCP",128,16,8,8,200,3.33090452261302,6.64303797468353,31.9098331619411,0.249295571577665
"HPC",10000,"BayesMVP + WCP","MD_BayesMVP_WCP",176,16,11,11,200,3.35954773869361,6.64303797468353,31.6377726593247,0.179760071927981
"HPC",10000,"BayesMVP + WCP","MD_BayesMVP_WCP",180,45,4,4,200,12.7367346938775,6.64303797468353,23.470435401662,0.130391307787011
"HPC",10000,"Mplus","Mplus_standard",1,1,1,1,200,3.00333333333341,3.00333333333341,1,1
"HPC",10000,"Mplus","Mplus_standard",2,2,1,1,200,7.02399999999996,3.00333333333341,0.8551632498102,0.4275816249051
"HPC",10000,"Mplus","Mplus_standard",4,4,1,1,200,16.1903333333334,3.00333333333341,0.742006547116608,0.185501636779152
"HPC",10000,"Mplus","Mplus_standard",8,8,1,1,200,34.1613333333334,3.00333333333341,0.703329300183459,0.0879161625229324
"HPC",10000,"Mplus","Mplus_standard",16,16,1,1,200,39.7950000000001,3.00333333333341,1.20752188298365,0.0754701176864782
"HPC",10000,"Mplus","Mplus_standard",32,32,1,1,200,41.0373333333334,3.00333333333341,2.34193254922352,0.0731853921632351
"HPC",10000,"Mplus","Mplus_standard",64,64,1,1,200,43.1900000000001,3.00333333333341,4.45041290422175,0.0695377016284649
"HPC",10000,"Mplus","Mplus_standard",96,96,1,1,200,38.9859999999999,3.00333333333341,7.39547529882542,0.0770362010294315
"HPC",10000,"Mplus","Mplus_standard",180,180,1,1,200,44.0289999999998,3.00333333333341,12.2782711394766,0.0682126174415366
"HPC",10000,"Mplus + WCP","Mplus_WCP",8,4,2,1,500,19.595,7.50833333333352,1.53270392106834,0.191587990133543
"HPC",10000,"Mplus + WCP","Mplus_WCP",16,4,4,1,500,14.0973333333333,7.50833333333352,2.13042655821438,0.133151659888398
"HPC",10000,"Mplus + WCP","Mplus_WCP",32,16,2,1,500,29.7570000000001,7.50833333333352,4.03714532154907,0.126160791298408
"HPC",10000,"Mplus + WCP","Mplus_WCP",64,32,2,1,500,28.8833333333334,7.50833333333352,8.31852279284497,0.129976918638203
"HPC",10000,"Mplus + WCP","Mplus_WCP",96,48,2,1,500,28.13,7.50833333333352,12.8119445431926,0.133457755658256
"HPC",10000,"Mplus + WCP","Mplus_WCP",128,64,2,1,500,30.0866666666667,7.50833333333352,15.9716374916911,0.124778417903836
"HPC",10000,"Mplus + WCP","Mplus_WCP",176,8,22,1,500,5.35533333333334,7.50833333333352,11.2162330387156,0.0637285968108838
"HPC",10000,"Mplus + WCP","Mplus_WCP",180,90,2,1,500,33.2483333333334,7.50833333333352,20.324327033937,0.112912927966317
"HPC",10000,"Stan model (NicoStan)","AD_Stan",1,1,1,1,20,1.07500000000018,1.07500000000018,1,1
"HPC",10000,"Stan model (NicoStan)","AD_Stan",2,2,1,1,20,1.10236842105283,1.07500000000018,1.95034614466457,0.975173072332287
"HPC",10000,"Stan model (NicoStan)","AD_Stan",4,4,1,1,20,1.12789473684169,1.07500000000018,3.81241250583498,0.953103126458746
"HPC",10000,"Stan model (NicoStan)","AD_Stan",8,8,1,1,20,1.2344736842107,1.07500000000018,6.96653165636342,0.870816457045427
"HPC",10000,"Stan model (NicoStan)","AD_Stan",16,16,1,1,20,1.45157894736855,1.07500000000018,11.849166062365,0.740572878897811
"HPC",10000,"Stan model (NicoStan)","AD_Stan",32,32,1,1,20,2.54789473684258,1.07500000000018,13.5013426977894,0.42191695930592
"HPC",10000,"Stan model (NicoStan)","AD_Stan",64,64,1,1,20,5.07578947368442,1.07500000000018,13.5545416839503,0.211789713811723
"HPC",10000,"Stan model (NicoStan)","AD_Stan",96,96,1,1,20,7.35184210526299,1.07500000000018,14.037298206682,0.146221856319604
"HPC",10000,"Stan model (NicoStan)","AD_Stan",180,180,1,1,20,14.4500000000002,1.07500000000018,13.3910034602097,0.0743944636678317
"HPC",10000,"Stan model (NicoStan) + tape chunking","AD_Stan_tape_chunked",1,1,1,10,20,1.31342105263156,1.31342105263156,1,1
"HPC",10000,"Stan model (NicoStan) + tape chunking","AD_Stan_tape_chunked",2,2,1,10,20,1.27947368421053,1.31342105263156,2.05306458247631,1.02653229123815
"HPC",10000,"Stan model (NicoStan) + tape chunking","AD_Stan_tape_chunked",4,4,1,10,20,1.29078947368422,1.31342105263156,4.07013251783886,1.01753312945971
"HPC",10000,"Stan model (NicoStan) + tape chunking","AD_Stan_tape_chunked",8,8,1,10,20,1.35315789473684,1.31342105263156,7.76507195643708,0.970633994554635
"HPC",10000,"Stan model (NicoStan) + tape chunking","AD_Stan_tape_chunked",16,16,1,10,20,1.54421052631577,1.31342105263156,13.6087252897068,0.850545330606677
"HPC",10000,"Stan model (NicoStan) + tape chunking","AD_Stan_tape_chunked",32,32,1,25,20,1.82526315789472,1.31342105263156,23.0265282583621,0.719579008073816
"HPC",10000,"Stan model (NicoStan) + tape chunking","AD_Stan_tape_chunked",64,64,1,50,20,2.26736842105257,1.31342105263156,37.073351903436,0.579271123491187
"HPC",10000,"Stan model (NicoStan) + tape chunking","AD_Stan_tape_chunked",96,96,1,50,20,2.87973684210526,1.31342105263156,43.7847025495745,0.456090651558068
"HPC",10000,"Stan model (NicoStan) + tape chunking","AD_Stan_tape_chunked",180,180,1,100,20,4.92578947368417,1.31342105263156,47.9955123410618,0.266641735228121
"HPC",10000,"Stan model (NicoStan) + tape chunking + WCP","AD_Stan_WCP",8,4,2,10,80,2.92151898734175,5.25368421052624,7.19308583416943,0.899135729271179
"HPC",10000,"Stan model (NicoStan) + tape chunking + WCP","AD_Stan_WCP",16,4,4,25,80,1.57696202531647,5.25368421052624,13.3260893444075,0.832880584025466
"HPC",10000,"Stan model (NicoStan) + tape chunking + WCP","AD_Stan_WCP",32,16,2,25,80,3.64708860759494,5.25368421052624,23.048232826965,0.720257275842657
"HPC",10000,"Stan model (NicoStan) + tape chunking + WCP","AD_Stan_WCP",64,16,4,50,80,2.3701265822785,5.25368421052624,35.4660160334603,0.554156500522818
"HPC",10000,"Stan model (NicoStan) + tape chunking + WCP","AD_Stan_WCP",96,48,2,50,80,6.14210526315793,5.25368421052624,41.0570694087395,0.427677806341037
"HPC",10000,"Stan model (NicoStan) + tape chunking + WCP","AD_Stan_WCP",128,64,2,100,80,7.82947368421039,5.25368421052624,42.9448776552838,0.335506856681905
"HPC",10000,"Stan model (NicoStan) + tape chunking + WCP","AD_Stan_WCP",176,16,11,100,80,2.10936708860756,5.25368421052624,39.8503171033681,0.226422256269137
"HPC",10000,"Stan model (NicoStan) + tape chunking + WCP","AD_Stan_WCP",180,90,2,100,80,10.4505263157891,5.25368421052624,45.244762288478,0.251359790491544
"HPC",10000,"Stan model (NicoStan) + WCP","AD_Stan_WCP",8,4,2,2,80,3.40151898734187,5.25368421052624,6.17804484417329,0.772255605521661
"HPC",10000,"Stan model (NicoStan) + WCP","AD_Stan_WCP",16,8,2,2,80,3.97063291139257,5.25368421052624,10.5850816789481,0.661567604934257
"HPC",10000,"Stan model (NicoStan) + WCP","AD_Stan_WCP",32,16,2,2,80,5.56911392405053,5.25368421052624,15.0937740751552,0.471680439848601
"HPC",10000,"Stan model (NicoStan) + WCP","AD_Stan_WCP",64,8,8,8,80,2.5174683544306,5.25368421052624,16.6951348604802,0.260861482195002
"HPC",10000,"Stan model (NicoStan) + WCP","AD_Stan_WCP",96,8,12,12,80,2.35746835443047,5.25368421052624,17.8282239102903,0.18571066573219
"HPC",10000,"Stan model (NicoStan) + WCP","AD_Stan_WCP",128,8,16,16,80,2.39518987341767,5.25368421052624,17.5474496409083,0.137089450319596
"HPC",10000,"Stan model (NicoStan) + WCP","AD_Stan_WCP",176,4,44,44,80,1.08886075949388,5.25368421052624,19.2997466929315,0.109657651664384
"HPC",10000,"Stan model (NicoStan) + WCP","AD_Stan_WCP",180,45,4,4,80,14.5111111111108,5.25368421052624,16.2920528733781,0.0905114048521003
"HPC",50000,"BayesMVP (1 chunk)","MD_BayesMVP",1,1,1,1,50,12.1530612244898,12.1530612244898,1,1
"HPC",50000,"BayesMVP (1 chunk)","MD_BayesMVP",2,2,1,1,50,12.2224489795918,12.1530612244898,1.98864585072633,0.994322925363165
"HPC",50000,"BayesMVP (1 chunk)","MD_BayesMVP",4,4,1,1,50,12.309693877551,12.1530612244898,3.94910266506403,0.987275666266008
"HPC",50000,"BayesMVP (1 chunk)","MD_BayesMVP",8,8,1,1,50,12.9464285714287,12.1530612244898,7.50975369458121,0.938719211822652
"HPC",50000,"BayesMVP (1 chunk)","MD_BayesMVP",16,16,1,1,50,16.448469387755,12.1530612244898,11.8217066286176,0.738856664288599
"HPC",50000,"BayesMVP (1 chunk)","MD_BayesMVP",32,32,1,1,50,28.95,12.1530612244898,13.4334355503859,0.419794860949561
"HPC",50000,"BayesMVP (1 chunk)","MD_BayesMVP",64,64,1,1,50,74.208418367347,12.1530612244898,10.4812356263557,0.163769306661808
"HPC",50000,"BayesMVP (1 chunk)","MD_BayesMVP",96,96,1,1,50,137.738010204082,12.1530612244898,8.47038428842097,0.0882331696710518
"HPC",50000,"BayesMVP (1 chunk)","MD_BayesMVP",180,180,1,1,50,405.028571428571,12.1530612244898,5.4009795227346,0.03000544179297
"HPC",50000,"BayesMVP + chunking","MD_BayesMVP",1,1,1,100,50,8.06811224489806,8.06811224489806,1,1
"HPC",50000,"BayesMVP + chunking","MD_BayesMVP",2,2,1,100,50,8.31709183673517,8.06811224489806,1.94012820906043,0.970064104530214
"HPC",50000,"BayesMVP + chunking","MD_BayesMVP",4,4,1,100,50,8.35255102040833,8.06811224489806,3.86378351963836,0.96594587990959
"HPC",50000,"BayesMVP + chunking","MD_BayesMVP",8,8,1,100,50,8.18418367346901,8.06811224489806,7.88654073935587,0.985817592419484
"HPC",50000,"BayesMVP + chunking","MD_BayesMVP",16,16,1,100,50,8.28341836734729,8.06811224489806,15.5841212158537,0.974007575990856
"HPC",50000,"BayesMVP + chunking","MD_BayesMVP",32,32,1,100,50,8.67423469387713,8.06811224489806,29.7639620033545,0.930123812604828
"HPC",50000,"BayesMVP + chunking","MD_BayesMVP",64,64,1,100,50,10.1420918367345,8.06811224489806,50.9124933973909,0.795507709334233
"HPC",50000,"BayesMVP + chunking","MD_BayesMVP",96,96,1,100,50,14.7721938775513,8.06811224489806,52.4322102681884,0.546168856960295
"HPC",50000,"BayesMVP + chunking","MD_BayesMVP",180,180,1,500,50,23.1298469387752,8.06811224489806,62.7872812096763,0.348818228942646
"HPC",50000,"BayesMVP + chunking + WCP","MD_BayesMVP_WCP",8,4,2,50,100,9.71161616161615,16.1362244897961,6.64615414005853,0.830769267507316
"HPC",50000,"BayesMVP + chunking + WCP","MD_BayesMVP_WCP",16,8,2,50,100,9.69924242424228,16.1362244897961,13.3092658448996,0.831829115306225
"HPC",50000,"BayesMVP + chunking + WCP","MD_BayesMVP_WCP",32,16,2,100,100,10.5608585858586,16.1362244897961,24.4468373227201,0.763963666335005
"HPC",50000,"BayesMVP + chunking + WCP","MD_BayesMVP_WCP",64,32,2,100,100,11.8468750000005,16.1362244897961,43.5861088830137,0.68103295129709
"HPC",50000,"BayesMVP + chunking + WCP","MD_BayesMVP_WCP",96,48,2,100,100,17.4395833333335,16.1362244897961,44.4126881190895,0.462632167907183
"HPC",50000,"BayesMVP + chunking + WCP","MD_BayesMVP_WCP",128,64,2,100,100,22.6041666666674,16.1362244897961,45.6870798457622,0.356930311295018
"HPC",50000,"BayesMVP + chunking + WCP","MD_BayesMVP_WCP",176,16,11,100,100,7.03686868686834,16.1362244897961,36.6895565805474,0.208463389662201
"HPC",50000,"BayesMVP + chunking + WCP","MD_BayesMVP_WCP",180,90,2,100,100,27.2437500000005,16.1362244897961,53.3061786311219,0.296145436839566
"HPC",50000,"BayesMVP + WCP","MD_BayesMVP_WCP",8,4,2,2,100,12.9202020202021,16.1362244897961,4.99565702287484,0.624457127859355
"HPC",50000,"BayesMVP + WCP","MD_BayesMVP_WCP",16,8,2,2,100,14.7280303030303,16.1362244897961,8.7649056433438,0.547806602708988
"HPC",50000,"BayesMVP + WCP","MD_BayesMVP_WCP",32,8,4,4,100,9.25101010101004,16.1362244897961,13.9541298202966,0.436066556884268
"HPC",50000,"BayesMVP + WCP","MD_BayesMVP_WCP",64,8,8,8,100,6.72398989898989,16.1362244897961,19.1983923024277,0.299974879725433
"HPC",50000,"BayesMVP + WCP","MD_BayesMVP_WCP",96,8,12,12,100,6.62222222222226,16.1362244897961,19.4934255581429,0.203056516230655
"HPC",50000,"BayesMVP + WCP","MD_BayesMVP_WCP",128,8,16,16,100,6.31287878787897,16.1362244897961,20.4486416191338,0.159755012649483
"HPC",50000,"BayesMVP + WCP","MD_BayesMVP_WCP",176,8,22,22,100,6.49747474747475,16.1362244897961,19.8676872070245,0.112884586403548
"HPC",50000,"BayesMVP + WCP","MD_BayesMVP_WCP",180,45,4,4,100,73.2272727272743,16.1362244897961,9.91611560825439,0.0550895311569688
"HPC",50000,"Mplus","Mplus_standard",1,1,1,1,100,7.39066666666667,7.39066666666667,1,1
"HPC",50000,"Mplus","Mplus_standard",2,2,1,1,100,17.6496666666667,7.39066666666667,0.837485127197869,0.418742563598935
"HPC",50000,"Mplus","Mplus_standard",4,4,1,1,100,39.5546666666667,7.39066666666667,0.74738758174341,0.186846895435852
"HPC",50000,"Mplus","Mplus_standard",8,8,1,1,100,85.3413333333333,7.39066666666667,0.692810049057901,0.0866012561322376
"HPC",50000,"Mplus","Mplus_standard",16,16,1,1,100,99.2803333333334,7.39066666666667,1.19107846132668,0.0744424038329175
"HPC",50000,"Mplus","Mplus_standard",32,32,1,1,100,104.194666666667,7.39066666666667,2.26980267704041,0.0709313336575129
"HPC",50000,"Mplus","Mplus_standard",64,64,1,1,100,98.0403333333334,7.39066666666667,4.82457219987692,0.0753839406230769
"HPC",50000,"Mplus","Mplus_standard",96,96,1,1,100,95.452,7.39066666666667,7.43309726354608,0.0774280964952716
"HPC",50000,"Mplus","Mplus_standard",180,180,1,1,100,110.854,7.39066666666667,12.0006495029498,0.0666702750163879
"HPC",50000,"Mplus + WCP","Mplus_WCP",8,4,2,1,100,19.5836666666669,7.39066666666667,1.50955728413132,0.188694660516415
"HPC",50000,"Mplus + WCP","Mplus_WCP",16,4,4,1,100,13.6946666666665,7.39066666666667,2.15869925031646,0.134918703144779
"HPC",50000,"Mplus + WCP","Mplus_WCP",32,16,2,1,100,30.2076666666664,7.39066666666667,3.91459121856486,0.122330975580152
"HPC",50000,"Mplus + WCP","Mplus_WCP",64,32,2,1,100,32.2883333333333,7.39066666666667,7.32466835286223,0.114447943013472
"HPC",50000,"Mplus + WCP","Mplus_WCP",96,48,2,1,100,29.8303333333333,7.39066666666667,11.8923243678135,0.123878378831391
"HPC",50000,"Mplus + WCP","Mplus_WCP",128,64,2,1,100,31.215,7.39066666666667,15.1530567569011,0.11838325591329
"HPC",50000,"Mplus + WCP","Mplus_WCP",176,4,44,1,100,2.86233333333348,7.39066666666667,10.3281704902755,0.0586827868765651
"HPC",50000,"Mplus + WCP","Mplus_WCP",180,90,2,1,100,34.36,7.39066666666667,19.3585564610012,0.107547535894451
"HPC",50000,"Stan model (NicoStan)","AD_Stan",1,1,1,1,10,2.7519444444443,2.7519444444443,1,1
"HPC",50000,"Stan model (NicoStan)","AD_Stan",2,2,1,1,10,3.06722222222216,2.7519444444443,1.79442130048898,0.897210650244491
"HPC",50000,"Stan model (NicoStan)","AD_Stan",4,4,1,1,10,3.1441666666667,2.7519444444443,3.50101599081168,0.875253997702921
"HPC",50000,"Stan model (NicoStan)","AD_Stan",8,8,1,1,10,3.39666666666674,2.7519444444443,6.4815178279354,0.810189728491925
"HPC",50000,"Stan model (NicoStan)","AD_Stan",16,16,1,1,10,4.10777777777774,2.7519444444443,10.7189613199887,0.669935082499294
"HPC",50000,"Stan model (NicoStan)","AD_Stan",32,32,1,1,10,7.28055555555567,2.7519444444443,12.09553605494,0.377985501716876
"HPC",50000,"Stan model (NicoStan)","AD_Stan",64,64,1,1,10,14.7391666666668,2.7519444444443,11.9494167090699,0.186709636079218
"HPC",50000,"Stan model (NicoStan)","AD_Stan",96,96,1,1,10,22.7955555555553,2.7519444444443,11.5893936439847,0.120722850458174
"HPC",50000,"Stan model (NicoStan)","AD_Stan",180,180,1,1,10,44.5361111111108,2.7519444444443,11.1224349778576,0.0617913054325425
"HPC",50000,"Stan model (NicoStan) + tape chunking","AD_Stan_tape_chunked",1,1,1,50,10,3.21972222222213,3.21972222222213,1,1
"HPC",50000,"Stan model (NicoStan) + tape chunking","AD_Stan_tape_chunked",2,2,1,100,10,3.29333333333327,3.21972222222213,1.95529689608635,0.977648448043176
"HPC",50000,"Stan model (NicoStan) + tape chunking","AD_Stan_tape_chunked",4,4,1,50,10,3.29527777777786,3.21972222222213,3.90828626822874,0.977071567057185
"HPC",50000,"Stan model (NicoStan) + tape chunking","AD_Stan_tape_chunked",8,8,1,50,10,3.42166666666679,3.21972222222213,7.52784542945235,0.940980678681544
"HPC",50000,"Stan model (NicoStan) + tape chunking","AD_Stan_tape_chunked",16,16,1,50,10,3.83527777777791,3.21972222222213,13.4320272325623,0.839501702035147
"HPC",50000,"Stan model (NicoStan) + tape chunking","AD_Stan_tape_chunked",32,32,1,100,10,4.22972222222218,3.21972222222213,24.3588362776642,0.761213633677006
"HPC",50000,"Stan model (NicoStan) + tape chunking","AD_Stan_tape_chunked",64,64,1,250,10,5.12944444444448,3.21972222222213,40.1724249972909,0.62769414058267
"HPC",50000,"Stan model (NicoStan) + tape chunking","AD_Stan_tape_chunked",96,96,1,1000,10,6.87888888888886,3.21972222222213,44.9336133096419,0.468058471975437
"HPC",50000,"Stan model (NicoStan) + tape chunking","AD_Stan_tape_chunked",180,180,1,1000,10,11.5069444444445,3.21972222222213,50.3652383826175,0.279806879903431
"HPC",50000,"Stan model (NicoStan) + tape chunking + WCP","AD_Stan_WCP",8,4,2,50,20,3.71815789473676,6.43944444444426,6.92756426891889,0.865945533614861
"HPC",50000,"Stan model (NicoStan) + tape chunking + WCP","AD_Stan_WCP",16,4,4,100,20,1.95578947368427,6.43944444444426,13.1700155483786,0.823125971773661
"HPC",50000,"Stan model (NicoStan) + tape chunking + WCP","AD_Stan_WCP",32,16,2,250,20,4.46105263157901,6.43944444444426,23.0956950343444,0.721740469823262
"HPC",50000,"Stan model (NicoStan) + tape chunking + WCP","AD_Stan_WCP",64,32,2,250,20,4.71875000000011,6.43944444444426,43.6688153053693,0.682325239146395
"HPC",50000,"Stan model (NicoStan) + tape chunking + WCP","AD_Stan_WCP",96,24,4,500,20,3.16750000000013,6.43944444444426,48.7913706919198,0.508243444707497
"HPC",50000,"Stan model (NicoStan) + tape chunking + WCP","AD_Stan_WCP",128,64,2,1000,20,8.51249999999936,6.43944444444426,48.4140316528004,0.378234622287503
"HPC",50000,"Stan model (NicoStan) + tape chunking + WCP","AD_Stan_WCP",176,16,11,500,20,2.4876315789473,6.43944444444426,41.4173513405502,0.23532585988949
"HPC",50000,"Stan model (NicoStan) + tape chunking + WCP","AD_Stan_WCP",180,90,2,1000,20,11.3449999999995,6.43944444444426,51.0841780520063,0.283800989177813
"HPC",50000,"Stan model (NicoStan) + WCP","AD_Stan_WCP",8,4,2,2,20,4.33789473684221,6.43944444444426,5.93785219337239,0.742231524171549
"HPC",50000,"Stan model (NicoStan) + WCP","AD_Stan_WCP",16,8,2,2,20,5.13473684210531,6.43944444444426,10.0327547719918,0.627047173249487
"HPC",50000,"Stan model (NicoStan) + WCP","AD_Stan_WCP",32,8,4,4,20,3.8786842105262,6.43944444444426,13.2817091465575,0.415053410829922
"HPC",50000,"Stan model (NicoStan) + WCP","AD_Stan_WCP",64,8,8,8,20,3.47684210526316,6.43944444444426,14.8167659030507,0.231511967235167
"HPC",50000,"Stan model (NicoStan) + WCP","AD_Stan_WCP",96,8,12,12,20,3.35289473684198,6.43944444444426,15.3645013037527,0.160046888580757
"HPC",50000,"Stan model (NicoStan) + WCP","AD_Stan_WCP",128,8,16,16,20,3.27447368421058,6.43944444444426,15.7324689472878,0.122909913650686
"HPC",50000,"Stan model (NicoStan) + WCP","AD_Stan_WCP",176,8,22,22,20,3.24500000000015,6.43944444444426,15.875363807566,0.0902009307248067
"HPC",50000,"Stan model (NicoStan) + WCP","AD_Stan_WCP",180,90,2,2,20,41.7825000000001,6.43944444444426,13.8706396218508,0.0770591090102824
"Laptop",500,"BayesMVP (1 chunk)","MD_BayesMVP",1,1,1,1,400,1.95087719298246,1.95087719298246,1,1
"Laptop",500,"BayesMVP (1 chunk)","MD_BayesMVP",2,2,1,1,400,1.99498746867168,1.95087719298246,1.95577889447236,0.977889447236181
"Laptop",500,"BayesMVP (1 chunk)","MD_BayesMVP",4,4,1,1,400,2.06190476190478,1.95087719298246,3.78461164458488,0.94615291114622
"Laptop",500,"BayesMVP (1 chunk)","MD_BayesMVP",8,8,1,1,400,2.23182957393484,1.95087719298246,6.99292532285232,0.87411566535654
"Laptop",500,"BayesMVP (1 chunk)","MD_BayesMVP",16,16,1,1,400,3.77017543859649,1.95087719298246,8.27919962773384,0.517449976733365
"Laptop",500,"BayesMVP + chunking","MD_BayesMVP",1,1,1,2,400,2.08671679197996,2.08671679197996,1,1
"Laptop",500,"BayesMVP + chunking","MD_BayesMVP",2,2,1,2,400,2.09874686716792,2.08671679197996,1.98853594459041,0.994267972295203
"Laptop",500,"BayesMVP + chunking","MD_BayesMVP",4,4,1,2,400,2.13308270676693,2.08671679197996,3.91305369521795,0.978263423804487
"Laptop",500,"BayesMVP + chunking","MD_BayesMVP",8,8,1,2,400,2.31328320802004,2.08671679197996,7.21646803900331,0.902058504875414
"Laptop",500,"BayesMVP + chunking","MD_BayesMVP",16,16,1,2,400,3.79924812030076,2.08671679197996,8.78791477010357,0.549244673131473
"Laptop",500,"BayesMVP + chunking + WCP","MD_BayesMVP_WCP",4,2,2,2,2000,7.72236118059007,10.4335839598998,2.70217455928487,0.675543639821218
"Laptop",500,"BayesMVP + chunking + WCP","MD_BayesMVP_WCP",8,4,2,2,2000,8.20035017508731,10.4335839598998,5.08933581475437,0.636166976844297
"Laptop",500,"BayesMVP + chunking + WCP","MD_BayesMVP_WCP",16,8,2,2,2000,13.7943971985995,10.4335839598998,6.05091114004408,0.378181946252755
"Laptop",500,"BayesMVP + WCP","MD_BayesMVP_WCP",4,2,2,2,2000,7.72236118059007,10.4335839598998,2.70217455928487,0.675543639821218
"Laptop",500,"BayesMVP + WCP","MD_BayesMVP_WCP",8,4,2,2,2000,8.20035017508731,10.4335839598998,5.08933581475437,0.636166976844297
"Laptop",500,"BayesMVP + WCP","MD_BayesMVP_WCP",16,8,2,2,2000,13.7943971985995,10.4335839598998,6.05091114004408,0.378181946252755
"Laptop",500,"Mplus","Mplus_standard",1,1,1,1,2000,2.752,2.752,1,1
"Laptop",500,"Mplus","Mplus_standard",2,2,1,1,2000,3.34066666666666,2.752,1.64757533426462,0.82378766713231
"Laptop",500,"Mplus","Mplus_standard",4,4,1,1,2000,4.95666666666667,2.752,2.22084734364492,0.555211835911231
"Laptop",500,"Mplus","Mplus_standard",8,8,1,1,2000,9.153,2.752,2.40533158527259,0.300666448159073
"Laptop",500,"Mplus","Mplus_standard",16,16,1,1,2000,13.6256666666667,2.752,3.23154830344693,0.201971768965433
"Laptop",500,"Mplus + WCP","Mplus_WCP",4,2,2,1,10000,7.34766666666666,13.76,3.74540670507644,0.936351676269111
"Laptop",500,"Mplus + WCP","Mplus_WCP",8,4,2,1,10000,13.1983333333333,13.76,4.17022351306983,0.521277939133728
"Laptop",500,"Mplus + WCP","Mplus_WCP",16,8,2,1,10000,32.9286666666667,13.76,3.34298382361873,0.208936488976171
"Laptop",500,"Stan model (NicoStan)","AD_Stan",1,1,1,1,200,1.19899497487423,1.19899497487423,1,1
"Laptop",500,"Stan model (NicoStan)","AD_Stan",2,2,1,1,200,1.27185929648314,1.19899497487423,1.88542078229817,0.942710391149086
"Laptop",500,"Stan model (NicoStan)","AD_Stan",4,4,1,1,200,1.41281407035275,1.19899497487423,3.39462920149106,0.848657300372765
"Laptop",500,"Stan model (NicoStan)","AD_Stan",8,8,1,1,200,2.47261306532046,1.19899497487423,3.87928056092781,0.484910070115977
"Laptop",500,"Stan model (NicoStan)","AD_Stan",16,16,1,1,200,5.49195979899901,1.19899497487423,3.4930917741758,0.218318235885987
"Laptop",500,"Stan model (NicoStan) + tape chunking","AD_Stan_tape_chunked",1,1,1,2,200,1.49472361808993,1.49472361808993,1,1
"Laptop",500,"Stan model (NicoStan) + tape chunking","AD_Stan_tape_chunked",2,2,1,2,200,1.52035175879821,1.49472361808993,1.96628656419809,0.983143282099043
"Laptop",500,"Stan model (NicoStan) + tape chunking","AD_Stan_tape_chunked",4,4,1,4,200,1.57738693467114,1.49472361808993,3.79037910162873,0.947594775407182
"Laptop",500,"Stan model (NicoStan) + tape chunking","AD_Stan_tape_chunked",8,8,1,4,200,1.86005025125628,1.49472361808993,6.42874510333422,0.803593137916777
"Laptop",500,"Stan model (NicoStan) + tape chunking","AD_Stan_tape_chunked",16,16,1,10,200,2.9444723618072,1.49472361808993,8.12219472651472,0.50763717040717
"Laptop",500,"Stan model (NicoStan) + tape chunking + WCP","AD_Stan_WCP",4,2,2,4,800,3.38723404255289,5.9788944723597,3.53025176131823,0.882562940329557
"Laptop",500,"Stan model (NicoStan) + tape chunking + WCP","AD_Stan_WCP",8,4,2,10,800,3.78498122653331,5.9788944723597,6.31854597369912,0.78981824671239
"Laptop",500,"Stan model (NicoStan) + tape chunking + WCP","AD_Stan_WCP",16,8,2,10,800,6.07008760951193,5.9788944723597,7.87981308604597,0.492488317877873
"Laptop",500,"Stan model (NicoStan) + WCP","AD_Stan_WCP",4,2,2,2,800,3.68710888610747,5.9788944723597,3.24313420462703,0.810783551156758
"Laptop",500,"Stan model (NicoStan) + WCP","AD_Stan_WCP",8,4,2,2,800,5.57496871088818,5.9788944723597,4.28981383209031,0.536226729011289
"Laptop",500,"Stan model (NicoStan) + WCP","AD_Stan_WCP",16,2,8,8,800,2.28160200250444,5.9788944723597,5.24096180297603,0.327560112686002
"Laptop",2500,"BayesMVP (1 chunk)","MD_BayesMVP",1,1,1,1,80,1.55569620253163,1.55569620253163,1,1
"Laptop",2500,"BayesMVP (1 chunk)","MD_BayesMVP",2,2,1,1,80,1.58658227848102,1.55569620253163,1.96106590074993,0.980532950374964
"Laptop",2500,"BayesMVP (1 chunk)","MD_BayesMVP",4,4,1,1,80,1.82354430379746,1.55569620253163,3.41246702762736,0.853116756906839
"Laptop",2500,"BayesMVP (1 chunk)","MD_BayesMVP",8,8,1,1,80,2.95797468354432,1.55569620253163,4.20746319753503,0.525932899691879
"Laptop",2500,"BayesMVP (1 chunk)","MD_BayesMVP",16,16,1,1,80,7.25189873417721,1.55569620253163,3.43236166870306,0.214522604293941
"Laptop",2500,"BayesMVP + chunking","MD_BayesMVP",1,1,1,4,80,1.44379746835443,1.44379746835443,1,1
"Laptop",2500,"BayesMVP + chunking","MD_BayesMVP",2,2,1,4,80,1.43240506329113,1.44379746835443,2.01590668080595,1.00795334040297
"Laptop",2500,"BayesMVP + chunking","MD_BayesMVP",4,4,1,4,80,1.46253164556961,1.44379746835443,3.94876233339107,0.987190583347769
"Laptop",2500,"BayesMVP + chunking","MD_BayesMVP",8,8,1,4,80,1.64556962025316,1.44379746835443,7.01907692307694,0.877384615384618
"Laptop",2500,"BayesMVP + chunking","MD_BayesMVP",16,16,1,10,80,2.77974683544302,1.44379746835443,8.31038251366125,0.519398907103828
"Laptop",2500,"BayesMVP + chunking + WCP","MD_BayesMVP_WCP",4,2,2,4,400,4.27218045112788,7.21898734177216,3.379532968869,0.844883242217251
"Laptop",2500,"BayesMVP + chunking + WCP","MD_BayesMVP_WCP",8,4,2,10,400,4.65538847117765,7.21898734177216,6.20269383443827,0.775336729304784
"Laptop",2500,"BayesMVP + chunking + WCP","MD_BayesMVP_WCP",16,8,2,10,400,8.1706766917293,7.21898734177216,7.06819042205355,0.441761901378347
"Laptop",2500,"BayesMVP + WCP","MD_BayesMVP_WCP",4,2,2,2,400,4.53533834586441,7.21898734177216,3.18343937816893,0.795859844542233
"Laptop",2500,"BayesMVP + WCP","MD_BayesMVP_WCP",8,4,2,2,400,5.58947368421094,7.21898734177216,5.1661303010795,0.645766287634937
"Laptop",2500,"BayesMVP + WCP","MD_BayesMVP_WCP",16,4,4,4,400,6.04085213032583,7.21898734177216,4.78011193522314,0.298756995951446
"Laptop",2500,"Mplus","Mplus_standard",1,1,1,1,400,2.52333333333335,2.52333333333335,1,1
"Laptop",2500,"Mplus","Mplus_standard",2,2,1,1,400,3.10833333333333,2.52333333333335,1.6235924932976,0.8117962466488
"Laptop",2500,"Mplus","Mplus_standard",4,4,1,1,400,4.54433333333333,2.52333333333335,2.22108120002936,0.55527030000734
"Laptop",2500,"Mplus","Mplus_standard",8,8,1,1,400,8.51433333333333,2.52333333333335,2.3709039658615,0.296362995732688
"Laptop",2500,"Mplus","Mplus_standard",16,16,1,1,400,12.0313333333334,2.52333333333335,3.35568238488393,0.209730149055246
"Laptop",2500,"Mplus + WCP","Mplus_WCP",4,2,2,1,2000,6.27633333333332,12.6166666666667,4.02039407297258,1.00509851824314
"Laptop",2500,"Mplus + WCP","Mplus_WCP",8,4,2,1,2000,11.2336666666667,12.6166666666667,4.49244829530283,0.561556036912854
"Laptop",2500,"Mplus + WCP","Mplus_WCP",16,8,2,1,2000,23.6416666666667,12.6166666666667,4.26929855481144,0.266831159675715
"Laptop",2500,"Stan model (NicoStan)","AD_Stan",1,1,1,1,40,1.17871794871657,1.17871794871657,1,1
"Laptop",2500,"Stan model (NicoStan)","AD_Stan",2,2,1,1,40,1.24051282051223,1.17871794871657,1.9003720545667,0.95018602728335
"Laptop",2500,"Stan model (NicoStan)","AD_Stan",4,4,1,1,40,1.48666666666974,1.17871794871657,3.17143842703355,0.792859606758387
"Laptop",2500,"Stan model (NicoStan)","AD_Stan",8,8,1,1,40,2.80692307692496,1.17871794871657,3.35945921256348,0.419932401570435
"Laptop",2500,"Stan model (NicoStan)","AD_Stan",16,16,1,1,40,5.89948717948783,1.17871794871657,3.19680111265239,0.199800069540774
"Laptop",2500,"Stan model (NicoStan) + tape chunking","AD_Stan_tape_chunked",1,1,1,4,40,1.44743589743635,1.44743589743635,1,1
"Laptop",2500,"Stan model (NicoStan) + tape chunking","AD_Stan_tape_chunked",2,2,1,10,40,1.52923076922984,1.44743589743635,1.89302481556176,0.946512407780882
"Laptop",2500,"Stan model (NicoStan) + tape chunking","AD_Stan_tape_chunked",4,4,1,10,40,1.57000000000206,1.44743589743635,3.68773477053363,0.921933692633408
"Laptop",2500,"Stan model (NicoStan) + tape chunking","AD_Stan_tape_chunked",8,8,1,25,40,1.70025641025588,1.44743589743635,6.81043583170384,0.85130447896298
"Laptop",2500,"Stan model (NicoStan) + tape chunking","AD_Stan_tape_chunked",16,16,1,50,40,2.807692307693,1.44743589743635,8.24840182648455,0.515525114155284
"Laptop",2500,"Stan model (NicoStan) + tape chunking + WCP","AD_Stan_WCP",4,2,2,10,200,3.92738693467379,7.23717948718173,3.6854934884499,0.921373372112475
"Laptop",2500,"Stan model (NicoStan) + tape chunking + WCP","AD_Stan_WCP",8,4,2,25,200,4.24145728643265,7.23717948718173,6.82518200556365,0.853147750695456
"Laptop",2500,"Stan model (NicoStan) + tape chunking + WCP","AD_Stan_WCP",16,8,2,50,200,7.07839195979875,7.23717948718173,8.17946169501186,0.511216355938242
"Laptop",2500,"Stan model (NicoStan) + WCP","AD_Stan_WCP",4,2,2,2,200,4.53542713567883,7.23717948718173,3.19139929743288,0.797849824358221
"Laptop",2500,"Stan model (NicoStan) + WCP","AD_Stan_WCP",8,4,2,2,200,7.40502512562808,7.23717948718173,3.90933419638756,0.488666774548445
"Laptop",2500,"Stan model (NicoStan) + WCP","AD_Stan_WCP",16,4,4,4,200,7.43190954773868,7.23717948718173,3.89519244855922,0.243449528034952
"Laptop",10000,"BayesMVP (1 chunk)","MD_BayesMVP",1,1,1,1,80,6.37215189873417,6.37215189873417,1,1
"Laptop",10000,"BayesMVP (1 chunk)","MD_BayesMVP",2,2,1,1,80,7.15164556962027,6.37215189873417,1.78200998265425,0.891004991327125
"Laptop",10000,"BayesMVP (1 chunk)","MD_BayesMVP",4,4,1,1,80,9.9372151898734,6.37215189873417,2.5649648425558,0.641241210638949
"Laptop",10000,"BayesMVP (1 chunk)","MD_BayesMVP",8,8,1,1,80,22.4870886075949,6.37215189873417,2.26695487706025,0.283369359632532
"Laptop",10000,"BayesMVP (1 chunk)","MD_BayesMVP",16,16,1,1,80,63.7324050632912,6.37215189873417,1.59972670540988,0.0999829190881176
"Laptop",10000,"BayesMVP + chunking","MD_BayesMVP",1,1,1,10,80,5.13772151898734,5.13772151898734,1,1
"Laptop",10000,"BayesMVP + chunking","MD_BayesMVP",2,2,1,10,80,5.19721518987343,5.13772151898734,1.97710555799113,0.988552778995564
"Laptop",10000,"BayesMVP + chunking","MD_BayesMVP",4,4,1,10,80,5.37670886075954,5.13772151898734,3.82220548074203,0.955551370185508
"Laptop",10000,"BayesMVP + chunking","MD_BayesMVP",8,8,1,50,80,5.71139240506333,5.13772151898734,7.19645390070916,0.899556737588645
"Laptop",10000,"BayesMVP + chunking","MD_BayesMVP",16,16,1,50,80,10.3458227848101,5.13772151898734,7.94557823129252,0.496598639455783
"Laptop",10000,"BayesMVP + chunking + WCP","MD_BayesMVP_WCP",4,2,2,10,200,7.27386934673372,12.8443037974683,3.53162895432978,0.882907238582446
"Laptop",10000,"BayesMVP + chunking + WCP","MD_BayesMVP_WCP",8,4,2,50,200,7.99095477386931,12.8443037974683,6.42942134497852,0.803677668122315
"Laptop",10000,"BayesMVP + chunking + WCP","MD_BayesMVP_WCP",16,8,2,50,200,14.6258793969848,12.8443037974683,7.02552151502972,0.439095094689358
"Laptop",10000,"BayesMVP + WCP","MD_BayesMVP_WCP",4,2,2,2,200,10.9032663316586,12.8443037974683,2.35604696918642,0.589011742296606
"Laptop",10000,"BayesMVP + WCP","MD_BayesMVP_WCP",8,2,4,4,200,8.04673366834148,12.8443037974683,3.19242672290798,0.399053340363497
"Laptop",10000,"BayesMVP + WCP","MD_BayesMVP_WCP",16,4,4,4,200,17.9321608040203,12.8443037974683,2.86508780237766,0.179067987648604
"Laptop",10000,"Mplus","Mplus_standard",1,1,1,1,200,4.91633333333334,4.91633333333334,1,1
"Laptop",10000,"Mplus","Mplus_standard",2,2,1,1,200,6.00666666666664,4.91633333333334,1.63695893451721,0.818479467258606
"Laptop",10000,"Mplus","Mplus_standard",4,4,1,1,200,8.74266666666663,4.91633333333334,2.24935183773068,0.562337959432671
"Laptop",10000,"Mplus","Mplus_standard",8,8,1,1,200,16.7096666666667,4.91633333333334,2.35376728041653,0.294220910052066
"Laptop",10000,"Mplus","Mplus_standard",16,16,1,1,200,23.1636666666667,4.91633333333334,3.39589299333727,0.212243312083579
"Laptop",10000,"Mplus + WCP","Mplus_WCP",4,2,2,1,500,5.91100000000006,12.2908333333334,4.15863080133082,1.0396577003327
"Laptop",10000,"Mplus + WCP","Mplus_WCP",8,2,4,1,500,5.65333333333335,12.2908333333334,4.34817216981132,0.543521521226415
"Laptop",10000,"Mplus + WCP","Mplus_WCP",16,8,2,1,500,19.94,12.2908333333334,4.93112671347376,0.30819541959211
"Laptop",10000,"Stan model (NicoStan)","AD_Stan",1,1,1,1,20,2.36052631578968,2.36052631578968,1,1
"Laptop",10000,"Stan model (NicoStan)","AD_Stan",2,2,1,1,20,2.5126315789469,2.36052631578968,1.87892752408933,0.939463762044663
"Laptop",10000,"Stan model (NicoStan)","AD_Stan",4,4,1,1,20,3.22763157894691,2.36052631578968,2.92539747248334,0.731349368120835
"Laptop",10000,"Stan model (NicoStan)","AD_Stan",8,8,1,1,20,6.52868421052587,2.36052631578968,2.89249868999198,0.361562336248998
"Laptop",10000,"Stan model (NicoStan)","AD_Stan",16,16,1,1,20,14.1634210526319,2.36052631578968,2.66661711971181,0.166663569981988
"Laptop",10000,"Stan model (NicoStan) + tape chunking","AD_Stan_tape_chunked",1,1,1,4,20,2.83605263157927,2.83605263157927,1,1
"Laptop",10000,"Stan model (NicoStan) + tape chunking","AD_Stan_tape_chunked",2,2,1,4,20,2.93210526315707,2.83605263157927,1.93448213965253,0.967241069826267
"Laptop",10000,"Stan model (NicoStan) + tape chunking","AD_Stan_tape_chunked",4,4,1,50,20,3.0560526315786,2.83605263157927,3.71204684405492,0.92801171101373
"Laptop",10000,"Stan model (NicoStan) + tape chunking","AD_Stan_tape_chunked",8,8,1,100,20,3.32000000000042,2.83605263157927,6.83386176284077,0.854232720355096
"Laptop",10000,"Stan model (NicoStan) + tape chunking","AD_Stan_tape_chunked",16,16,1,250,20,5.37947368421051,2.83605263157927,8.43518246746993,0.52719890421687
"Laptop",10000,"Stan model (NicoStan) + tape chunking + WCP","AD_Stan_WCP",4,2,2,50,80,6.15518987341884,11.3442105263171,3.68606355274498,0.921515888186245
"Laptop",10000,"Stan model (NicoStan) + tape chunking + WCP","AD_Stan_WCP",8,4,2,100,80,6.65848101265766,11.3442105263171,6.81489397041273,0.851861746301591
"Laptop",10000,"Stan model (NicoStan) + tape chunking + WCP","AD_Stan_WCP",16,8,2,250,80,10.766582278481,11.3442105263171,8.42920082373074,0.526825051483171
"Laptop",10000,"Stan model (NicoStan) + WCP","AD_Stan_WCP",4,2,2,2,80,7.67620253164474,11.3442105263171,2.95568296421341,0.738920741053352
"Laptop",10000,"Stan model (NicoStan) + WCP","AD_Stan_WCP",8,2,4,4,80,6.54708860759496,11.3442105263171,3.46542141285738,0.433177676607172
"Laptop",10000,"Stan model (NicoStan) + WCP","AD_Stan_WCP",16,2,8,8,80,6.38430379746901,11.3442105263171,3.55378155118946,0.222111346949341
"Laptop",50000,"BayesMVP (1 chunk)","MD_BayesMVP",1,1,1,1,50,23.681887755102,23.681887755102,1,1
"Laptop",50000,"BayesMVP (1 chunk)","MD_BayesMVP",2,2,1,1,50,30.7168367346938,23.681887755102,1.54194834316086,0.770974171580432
"Laptop",50000,"BayesMVP (1 chunk)","MD_BayesMVP",4,4,1,1,50,64.1176020408163,23.681887755102,1.47740320918592,0.369350802296481
"Laptop",50000,"BayesMVP (1 chunk)","MD_BayesMVP",8,8,1,1,50,161.507397959184,23.681887755102,1.17304287255433,0.146630359069291
"Laptop",50000,"BayesMVP (1 chunk)","MD_BayesMVP",16,16,1,1,50,378.158163265306,23.681887755102,1.00198869385717,0.0626242933660733
"Laptop",50000,"BayesMVP + chunking","MD_BayesMVP",1,1,1,50,50,15.8854591836736,15.8854591836736,1,1
"Laptop",50000,"BayesMVP + chunking","MD_BayesMVP",2,2,1,50,50,16.0369897959188,15.8854591836736,1.98110236220469,0.990551181102347
"Laptop",50000,"BayesMVP + chunking","MD_BayesMVP",4,4,1,50,50,16.5579081632652,15.8854591836736,3.8375521900566,0.95938804751415
"Laptop",50000,"BayesMVP + chunking","MD_BayesMVP",8,8,1,100,50,17.2979591836735,15.8854591836736,7.34674374705057,0.918342968381321
"Laptop",50000,"BayesMVP + chunking","MD_BayesMVP",16,16,1,250,50,31.8191326530609,15.8854591836736,7.98787791326951,0.499242369579344
"Laptop",50000,"BayesMVP + chunking + WCP","MD_BayesMVP_WCP",4,2,2,50,100,17.8075757575758,31.7709183673473,3.56824744702615,0.892061861756538
"Laptop",50000,"BayesMVP + chunking + WCP","MD_BayesMVP_WCP",8,4,2,100,100,19.2469696969699,31.7709183673473,6.60278867116397,0.825348583895497
"Laptop",50000,"BayesMVP + chunking + WCP","MD_BayesMVP_WCP",16,8,2,250,100,35.7383838383836,31.7709183673473,7.11188698650101,0.444492936656313
"Laptop",50000,"BayesMVP + WCP","MD_BayesMVP_WCP",4,2,2,2,100,45.209090909091,31.7709183673473,1.40551016304371,0.351377540760928
"Laptop",50000,"BayesMVP + WCP","MD_BayesMVP_WCP",8,2,4,4,100,39.9398989898991,31.7709183673473,1.59093634039396,0.198867042549245
"Laptop",50000,"BayesMVP + WCP","MD_BayesMVP_WCP",16,2,8,8,100,35.3255050505046,31.7709183673473,1.79875239274992,0.11242202454687
"Laptop",50000,"Mplus","Mplus_standard",1,1,1,1,100,12.4596666666667,12.4596666666667,1,1
"Laptop",50000,"Mplus","Mplus_standard",2,2,1,1,100,14.6846666666667,12.4596666666667,1.69696281835928,0.848481409179642
"Laptop",50000,"Mplus","Mplus_standard",4,4,1,1,100,21.656,12.4596666666667,2.30137914049995,0.575344785124987
"Laptop",50000,"Mplus","Mplus_standard",8,8,1,1,100,41.4786666666666,12.4596666666667,2.40309878170306,0.300387347712882
"Laptop",50000,"Mplus","Mplus_standard",16,16,1,1,100,56.9140000000001,12.4596666666667,3.50273512082558,0.218920945051599
"Laptop",50000,"Mplus + WCP","Mplus_WCP",4,2,2,1,100,5.7946666666666,12.4596666666667,4.30039116428907,1.07509779107227
"Laptop",50000,"Mplus + WCP","Mplus_WCP",8,4,2,1,100,10.7040000000001,12.4596666666667,4.65607872446436,0.582009840558045
"Laptop",50000,"Mplus + WCP","Mplus_WCP",16,8,2,1,100,17.637,12.4596666666667,5.65160363629494,0.353225227268434
"Laptop",50000,"Stan model (NicoStan)","AD_Stan",1,1,1,1,10,5.97666666666689,5.97666666666689,1,1
"Laptop",50000,"Stan model (NicoStan)","AD_Stan",2,2,1,1,10,6.52388888888921,5.97666666666689,1.83224048369239,0.916120241846196
"Laptop",50000,"Stan model (NicoStan)","AD_Stan",4,4,1,1,10,9.57833333333363,5.97666666666689,2.49591091004004,0.623977727510009
"Laptop",50000,"Stan model (NicoStan)","AD_Stan",8,8,1,1,10,20.4241666666669,5.97666666666689,2.34101758537686,0.292627198172107
"Laptop",50000,"Stan model (NicoStan)","AD_Stan",16,16,1,1,10,41.1647222222222,5.97666666666689,2.32302470427087,0.14518904401693
"Laptop",50000,"Stan model (NicoStan) + tape chunking","AD_Stan_tape_chunked",1,1,1,10,10,7.01638888888908,7.01638888888908,1,1
"Laptop",50000,"Stan model (NicoStan) + tape chunking","AD_Stan_tape_chunked",2,2,1,250,10,7.2513888888894,7.01638888888908,1.93518483049216,0.96759241524608
"Laptop",50000,"Stan model (NicoStan) + tape chunking","AD_Stan_tape_chunked",4,4,1,250,10,7.67749999999953,7.01638888888908,3.65555917363179,0.913889793407947
"Laptop",50000,"Stan model (NicoStan) + tape chunking","AD_Stan_tape_chunked",8,8,1,1000,10,8.32250000000004,7.01638888888908,6.74450118487383,0.843062648109228
"Laptop",50000,"Stan model (NicoStan) + tape chunking","AD_Stan_tape_chunked",16,16,1,1000,10,13.1680555555556,7.01638888888908,8.5253454276977,0.532834089231106
"Laptop",50000,"Stan model (NicoStan) + tape chunking + WCP","AD_Stan_WCP",4,2,2,500,20,7.79868421052601,14.0327777777782,3.5987552256156,0.899688806403899
"Laptop",50000,"Stan model (NicoStan) + tape chunking + WCP","AD_Stan_WCP",8,2,4,1000,20,4.05394736842099,14.0327777777782,6.92301922175371,0.865377402719213
"Laptop",50000,"Stan model (NicoStan) + tape chunking + WCP","AD_Stan_WCP",16,2,8,1000,20,3.3244736842106,14.0327777777782,8.44210489282924,0.527631555801828
"Laptop",50000,"Stan model (NicoStan) + WCP","AD_Stan_WCP",4,2,2,2,20,10.9510526315785,14.0327777777782,2.56281806870569,0.640704517176423
"Laptop",50000,"Stan model (NicoStan) + WCP","AD_Stan_WCP",8,2,4,4,20,9.93605263157884,14.0327777777782,2.82461824591771,0.353077280739714
"Laptop",50000,"Stan model (NicoStan) + WCP","AD_Stan_WCP",16,2,8,8,20,9.44368421052643,14.0327777777782,2.97188628186794,0.185742892616746
