"N","device","n_chains","threads_per_chain","n_threads_total","SMT","level","cache_bytes_per_thread","c_star","label","label_row"
50000,"HPC",4,"2/4/8/16","8/16/32/64","FALSE","L3",4194304,19.1688537597656,"L3 (WCP ≤ 16)",0
50000,"HPC",4,"2/4/8/16/24","8/16/32/64/96","FALSE","L2",1048576,76.6754150390625,"L2 (WCP ≤ 24)",1
50000,"HPC",4,"32/44","128/176","TRUE","L2",524288,153.350830078125,"L2 (WCP ≥ 32)",0
50000,"HPC",8,"2/4/8/12","16/32/64/96","FALSE","L3",4194304,19.1688537597656,"L3 (WCP ≤ 12)",0
50000,"HPC",8,"16","128","TRUE","L3",3050402.90909091,26.3571739196777,"L3 (WCP 16)",1
50000,"HPC",8,"22","176","TRUE","L3",2236962.13333333,35.9416007995605,"L3 (WCP 22)",2
50000,"HPC",8,"2/4/8/12","16/32/64/96","FALSE","L2",1048576,76.6754150390625,"L2 (WCP ≤ 12)",3
50000,"HPC",8,"16/22","128/176","TRUE","L2",524288,153.350830078125,"L2 (WCP ≥ 16)",0
50000,"HPC",16,"2/4/6","32/64/96","FALSE","L3",4194304,19.1688537597656,"L3 (WCP ≤ 6)",0
50000,"HPC",16,"8","128","TRUE","L3",3050402.90909091,26.3571739196777,"L3 (WCP 8)",1
50000,"HPC",16,"11","176","TRUE","L3",2236962.13333333,35.9416007995605,"L3 (WCP 11)",2
50000,"HPC",16,"2/4/6","32/64/96","FALSE","L2",1048576,76.6754150390625,"L2 (WCP ≤ 6)",3
50000,"HPC",16,"8/11","128/176","TRUE","L2",524288,153.350830078125,"L2 (WCP ≥ 8)",0
