"device","algorithm","execution_backend","N","num_chunks","n_threads","n_chains","threads_per_chain","n_iter","dataset_md5","timing_scope","timing_estimator","benchmark_role","timing_method","stan_chunk_size","n_repeats","time_mean","time_median","time_sd","time_short_run_mean","time_long_run_mean","fixed_cost_mean","seconds_per_iteration_mean","time_short_run_median","time_long_run_median","fixed_cost_median","seconds_per_iteration_median","n_repeats_two_run_flagged","time_mean_not_positive","time_median_not_positive","chain_rate","total_iter_per_sec","max_divergences","case_ids","configuration_id","N_num","N_label","N_chunks_num","N_chunks","N_threads","N_iter","N_chains","time_avg","time_SD","Efficiency","Algorithm_label","Stan_variant_label","selected_best_chunks","relative_chunk_throughput"
"Laptop","MD_BayesMVP_WCP","BayesMVP_NicoStan",500,2,4,2,2,2000,"257aba3ac8b8727679d269bf8597bb85","state_allocation_thread_setup_sampling_divergence_check","iteration_difference","main_scaling","two_run_difference",NA,4,7.72236118059007,7.7208604302147,0.193848483375029,0.005250000000105,7.72374999999988,0.00138881940980997,0.00386118059029503,0.00500000000005407,7.72249999999975,0.00121710855427614,0.00386043021510735,0,FALSE,FALSE,0.25898814536504,517.976290730079,0,"6553;6556;6559;6562",1673,500,"N = 500",2,"2","4",2000,2,7.72236118059007,0.193848483375029,0.25898814536504,"BayesMVP + chunking + WCP","BayesMVP + chunking + WCP",TRUE,1
"Laptop","MD_BayesMVP_WCP","BayesMVP_NicoStan",500,4,4,2,2,2000,"257aba3ac8b8727679d269bf8597bb85","state_allocation_thread_setup_sampling_divergence_check","iteration_difference","main_scaling","two_run_difference",NA,4,8.04502251125577,7.92496248124062,0.387075087030622,0.00524999999987763,8.04625000000002,0.00122748874424975,0.00402251125562788,0.00500000000005585,7.92600000000005,0.00109904952481468,0.00396248124062031,0,FALSE,FALSE,0.248600920283542,497.201840567085,0,"6565;6570;6575;6580",1676,500,"N = 500",4,"4","4",2000,2,8.04502251125577,0.387075087030622,0.248600920283542,"BayesMVP + chunking + WCP","BayesMVP + chunking + WCP",FALSE,0.959893048128297
"Laptop","MD_BayesMVP_WCP","BayesMVP_NicoStan",500,10,4,2,2,2000,"257aba3ac8b8727679d269bf8597bb85","state_allocation_thread_setup_sampling_divergence_check","iteration_difference","main_scaling","two_run_difference",NA,4,9.14357178589308,9.05752876438206,0.243592533728677,0.00649999999980366,9.14549999999994,0.00192821410685712,0.00457178589294654,0.00649999999980366,9.05949999999967,0.00188519259610161,0.00452876438219103,0,FALSE,FALSE,0.218732902943426,437.465805886852,0,"6585;6591;6597;6603",1681,500,"N = 500",10,"10","4",2000,2,9.14357178589308,0.243592533728677,0.218732902943426,"BayesMVP + chunking + WCP","BayesMVP + chunking + WCP",FALSE,0.844567239304044
"Laptop","MD_BayesMVP_WCP","BayesMVP_NicoStan",500,4,8,2,4,2000,"257aba3ac8b8727679d269bf8597bb85","state_allocation_thread_setup_sampling_divergence_check","iteration_difference","main_scaling","two_run_difference",NA,4,6.7388694347173,6.70585292646278,0.177733643459824,0.00599999999992917,6.74149999999987,0.00263056528257052,0.00336943471735865,0.00600000000000023,6.70849999999971,0.00264707353692515,0.00335292646323139,0,FALSE,FALSE,0.296785687773739,593.571375547477,0,"6566;6571;6576;6581",1677,500,"N = 500",4,"4","8",2000,2,6.7388694347173,0.177733643459824,0.296785687773739,"BayesMVP + chunking + WCP","BayesMVP + chunking + WCP",TRUE,1
"Laptop","MD_BayesMVP_WCP","BayesMVP_NicoStan",500,10,8,2,4,2000,"257aba3ac8b8727679d269bf8597bb85","state_allocation_thread_setup_sampling_divergence_check","iteration_difference","main_scaling","two_run_difference",NA,4,7.80190095047543,7.79889944972486,0.181041711327798,0.00674999999998249,7.80475000000018,0.00284904952474478,0.00390095047523772,0.00699999999980605,7.80200000000001,0.00310055027514257,0.00389944972486243,0,FALSE,FALSE,0.256347781482425,512.69556296485,0,"6586;6592;6598;6604",1682,500,"N = 500",10,"10","8",2000,2,7.80190095047543,0.181041711327798,0.256347781482425,"BayesMVP + chunking + WCP","BayesMVP + chunking + WCP",FALSE,0.863747114644752
"Laptop","MD_BayesMVP_WCP","BayesMVP_NicoStan",500,8,16,2,8,2000,"257aba3ac8b8727679d269bf8597bb85","state_allocation_thread_setup_sampling_divergence_check","iteration_difference","main_scaling","two_run_difference",NA,4,11.911205602802,11.8704352176098,0.426035653047451,0.0237499999992679,11.9289999999999,0.0177943971978669,0.005955602801401,0.0244999999986248,11.8860000000002,0.0184102051011757,0.00593521760880492,0,FALSE,FALSE,0.167909115726247,335.818231452494,0,"6969;6970;6971;6972",1777,500,"N = 500",8,"8","16",2000,2,11.911205602802,0.426035653047451,0.167909115726247,"BayesMVP + chunking + WCP","BayesMVP + chunking + WCP",TRUE,1
"Laptop","MD_BayesMVP_WCP","BayesMVP_NicoStan",500,10,16,2,8,2000,"257aba3ac8b8727679d269bf8597bb85","state_allocation_thread_setup_sampling_divergence_check","iteration_difference","main_scaling","two_run_difference",NA,4,13.3806903451729,13.3746873436723,0.323536679756003,0.026999999999763,13.401,0.0203096548271766,0.00669034517258643,0.0249999999998209,13.3880000000002,0.0182323661829125,0.00668734367183617,0,FALSE,FALSE,0.149469119186478,298.938238372957,0,"6587;6593;6599;6605",1683,500,"N = 500",10,"10","16",2000,2,13.3806903451729,0.323536679756003,0.149469119186478,"BayesMVP + chunking + WCP","BayesMVP + chunking + WCP",FALSE,0.890178704949929
"Laptop","MD_BayesMVP_WCP","BayesMVP_NicoStan",500,2,8,4,2,2000,"257aba3ac8b8727679d269bf8597bb85","state_allocation_thread_setup_sampling_divergence_check","iteration_difference","main_scaling","two_run_difference",NA,4,8.20035017508731,8.15407703851907,0.345927573300143,0.00850000000030882,8.20475000000008,0.00439982491276516,0.00410017508754365,0.00800000000035972,8.15750000000007,0.00380815407739838,0.00407703851925953,0,FALSE,FALSE,0.48778404758275,975.5680951655,0,"6554;6557;6560;6563",1674,500,"N = 500",2,"2","8",2000,4,8.20035017508731,0.345927573300143,0.48778404758275,"BayesMVP + chunking + WCP","BayesMVP + chunking + WCP",TRUE,1
"Laptop","MD_BayesMVP_WCP","BayesMVP_NicoStan",500,4,8,4,2,2000,"257aba3ac8b8727679d269bf8597bb85","state_allocation_thread_setup_sampling_divergence_check","iteration_difference","main_scaling","two_run_difference",NA,4,8.53651825912904,8.50725362681381,0.38247156485919,0.00824999999932352,8.5404999999988,0.003981740869759,0.00426825912956452,0.00749999999999673,8.51250000000016,0.00326438219109228,0.0042536268134069,0,FALSE,FALSE,0.468575112074804,937.150224149608,0,"6567;6572;6577;6582",1678,500,"N = 500",4,"4","8",2000,4,8.53651825912904,0.38247156485919,0.468575112074804,"BayesMVP + chunking + WCP","BayesMVP + chunking + WCP",FALSE,0.960620000586044
"Laptop","MD_BayesMVP_WCP","BayesMVP_NicoStan",500,10,8,4,2,2000,"257aba3ac8b8727679d269bf8597bb85","state_allocation_thread_setup_sampling_divergence_check","iteration_difference","main_scaling","two_run_difference",NA,4,9.82516258129088,9.87143571785938,0.377887567027226,0.0104999999998832,9.83075000000012,0.00558741870923772,0.00491258129064544,0.00999999999976353,9.87650000000021,0.00506428214082674,0.00493571785892969,0,FALSE,FALSE,0.407117945062489,814.235890124977,0,"6588;6594;6600;6606",1684,500,"N = 500",10,"10","8",2000,4,9.82516258129088,0.377887567027226,0.407117945062489,"BayesMVP + chunking + WCP","BayesMVP + chunking + WCP",FALSE,0.834627428018591
"Laptop","MD_BayesMVP_WCP","BayesMVP_NicoStan",500,4,16,4,4,2000,"257aba3ac8b8727679d269bf8597bb85","state_allocation_thread_setup_sampling_divergence_check","iteration_difference","main_scaling","two_run_difference",NA,4,11.9039519759882,11.9244622311155,0.135741498744588,0.0172499999998585,11.91525,0.0112980240118645,0.00595197598799408,0.0164999999997235,11.9374999999999,0.0104917458726598,0.00596223111555775,0,FALSE,FALSE,0.336022860985035,672.04572197007,0,"6568;6573;6578;6583",1679,500,"N = 500",4,"4","16",2000,4,11.9039519759882,0.135741498744588,0.336022860985035,"BayesMVP + chunking + WCP","BayesMVP + chunking + WCP",TRUE,1
"Laptop","MD_BayesMVP_WCP","BayesMVP_NicoStan",500,10,16,4,4,2000,"257aba3ac8b8727679d269bf8597bb85","state_allocation_thread_setup_sampling_divergence_check","iteration_difference","main_scaling","two_run_difference",NA,4,13.5472736368187,13.4677338669337,0.369101433858526,0.0244999999999536,13.5650000000002,0.0177263631815442,0.00677363681840934,0.0205000000000126,13.4800000000002,0.0138671835918085,0.00673386693346685,0,FALSE,FALSE,0.295262361064947,590.524722129894,0,"6589;6595;6601;6607",1685,500,"N = 500",10,"10","16",2000,4,13.5472736368187,0.369101433858526,0.295262361064947,"BayesMVP + chunking + WCP","BayesMVP + chunking + WCP",FALSE,0.878697241608502
"Laptop","MD_BayesMVP_WCP","BayesMVP_NicoStan",500,2,16,8,2,2000,"257aba3ac8b8727679d269bf8597bb85","state_allocation_thread_setup_sampling_divergence_check","iteration_difference","main_scaling","two_run_difference",NA,4,13.7943971985995,13.7813906953477,0.362118899416952,0.0212499999999869,13.8087500000001,0.0143528014006872,0.00689719859929973,0.0210000000001163,13.7955000000001,0.0141093046524424,0.00689069534767383,0,FALSE,FALSE,0.579945602901172,1159.89120580234,0,"6555;6558;6561;6564",1675,500,"N = 500",2,"2","16",2000,8,13.7943971985995,0.362118899416952,0.579945602901172,"BayesMVP + chunking + WCP","BayesMVP + chunking + WCP",TRUE,1
"Laptop","MD_BayesMVP_WCP","BayesMVP_NicoStan",500,4,16,8,2,2000,"257aba3ac8b8727679d269bf8597bb85","state_allocation_thread_setup_sampling_divergence_check","iteration_difference","main_scaling","two_run_difference",NA,4,13.9267133566783,13.8654327163579,0.256167631542471,0.0329999999999622,13.9527499999999,0.026036643321623,0.00696335667833916,0.0285000000000295,13.8854999999998,0.0215875437719156,0.00693271635817896,0,FALSE,FALSE,0.574435604087718,1148.87120817544,0,"6569;6574;6579;6584",1680,500,"N = 500",4,"4","16",2000,8,13.9267133566783,0.256167631542471,0.574435604087718,"BayesMVP + chunking + WCP","BayesMVP + chunking + WCP",FALSE,0.990499110975425
"Laptop","MD_BayesMVP_WCP","BayesMVP_NicoStan",500,10,16,8,2,2000,"257aba3ac8b8727679d269bf8597bb85","state_allocation_thread_setup_sampling_divergence_check","iteration_difference","main_scaling","two_run_difference",NA,4,15.895447723862,15.9129564782393,0.145485947326002,0.0279999999997642,15.9154999999999,0.0200522761378332,0.00794772386193102,0.0279999999996647,15.9294999999997,0.0201050525259279,0.00795647823911966,0,FALSE,FALSE,0.503288749016519,1006.57749803304,0,"6590;6596;6602;6608",1686,500,"N = 500",10,"10","16",2000,8,15.895447723862,0.145485947326002,0.503288749016519,"BayesMVP + chunking + WCP","BayesMVP + chunking + WCP",FALSE,0.867820613690012
