"device","algorithm","execution_backend","N","num_chunks","n_threads","n_chains","threads_per_chain","n_iter","dataset_md5","timing_scope","timing_estimator","benchmark_role","timing_method","stan_chunk_size","n_repeats","time_mean","time_median","time_sd","time_short_run_mean","time_long_run_mean","fixed_cost_mean","seconds_per_iteration_mean","time_short_run_median","time_long_run_median","fixed_cost_median","seconds_per_iteration_median","n_repeats_two_run_flagged","time_mean_not_positive","time_median_not_positive","chain_rate","total_iter_per_sec","max_divergences","case_ids","configuration_id","N_num","N_label","N_chunks_num","N_chunks","N_threads","N_iter","N_chains","time_avg","time_SD","Efficiency","Algorithm_label","Stan_variant_label","adjusted_scaling","normalisation_seconds","normalisation_configuration_id"
"Laptop","MD_BayesMVP","BayesMVP_NicoStan",10000,1,1,1,1,80,"b352a26c8e9b174599c6b645056fb577","state_allocation_thread_setup_sampling_divergence_check","iteration_difference","main_scaling","two_run_difference",NA,4,6.37215189873417,6.3746835443038,0.0426640494843928,0.0949999999999989,6.3875,0.0153481012658217,0.0796518987341772,0.0924999999999869,6.39250000000001,0.0128797468354301,0.0796835443037975,0,FALSE,FALSE,0.156932856575288,12.5546285260231,0,"6253;6258;6263;6268",1598,10000,"N = 10,000",1,"1","1",80,1,6.37215189873417,0.0426640494843928,0.156932856575288,"BayesMVP (1 chunk)","BayesMVP + chunking",1,6.37215189873417,1598
"Laptop","MD_BayesMVP","BayesMVP_NicoStan",10000,1,2,2,1,80,"b352a26c8e9b174599c6b645056fb577","state_allocation_thread_setup_sampling_divergence_check","iteration_difference","main_scaling","two_run_difference",NA,4,7.15164556962027,7.14379746835445,0.0498256319724486,0.109749999999984,7.172,0.0203544303797307,0.0893955696202533,0.108499999999964,7.16699999999999,0.0186962025316089,0.0892974683544306,0,FALSE,FALSE,0.279655917023611,22.3724733618889,0,"6254;6259;6264;6269",1599,10000,"N = 10,000",1,"1","2",80,2,7.15164556962027,0.0498256319724486,0.279655917023611,"BayesMVP (1 chunk)","BayesMVP + chunking",1.78200998265425,6.37215189873417,1598
"Laptop","MD_BayesMVP","BayesMVP_NicoStan",10000,1,4,4,1,80,"b352a26c8e9b174599c6b645056fb577","state_allocation_thread_setup_sampling_divergence_check","iteration_difference","main_scaling","two_run_difference",NA,4,9.9372151898734,9.90531645569621,0.0935197777637372,0.16350000000002,9.9765,0.0392848101266029,0.124215189873417,0.158500000000032,9.94800000000001,0.0335000000000324,0.123816455696203,0,FALSE,FALSE,0.402527259757465,32.2021807805972,0,"6255;6260;6265;6270",1600,10000,"N = 10,000",1,"1","4",80,4,9.9372151898734,0.0935197777637372,0.402527259757465,"BayesMVP (1 chunk)","BayesMVP + chunking",2.5649648425558,6.37215189873417,1598
"Laptop","MD_BayesMVP","BayesMVP_NicoStan",10000,1,8,8,1,80,"b352a26c8e9b174599c6b645056fb577","state_allocation_thread_setup_sampling_divergence_check","iteration_difference","main_scaling","two_run_difference",NA,4,22.4870886075949,22.4450632911392,0.0908499863703981,0.344000000000008,22.55,0.0629113924050717,0.281088607594937,0.343000000000018,22.507,0.0624430379747015,0.280563291139241,0,FALSE,FALSE,0.355759704584347,28.4607763667477,0,"6256;6261;6266;6271",1601,10000,"N = 10,000",1,"1","8",80,8,22.4870886075949,0.0908499863703981,0.355759704584347,"BayesMVP (1 chunk)","BayesMVP + chunking",2.26695487706025,6.37215189873417,1598
"Laptop","MD_BayesMVP","BayesMVP_NicoStan",10000,1,16,16,1,80,"b352a26c8e9b174599c6b645056fb577","state_allocation_thread_setup_sampling_divergence_check","iteration_difference","main_scaling","two_run_difference",NA,4,63.7324050632912,63.8298734177216,0.515068792207506,0.786249999999995,63.722,-0.010405063291144,0.796655063291139,0.783500000000004,63.821,-0.0119367088607558,0.797873417721519,0,FALSE,FALSE,0.251049681619747,20.0839745295798,0,"6257;6262;6267;6272",1602,10000,"N = 10,000",1,"1","16",80,16,63.7324050632912,0.515068792207506,0.251049681619747,"BayesMVP (1 chunk)","BayesMVP + chunking",1.59972670540988,6.37215189873417,1598
"Laptop","MD_BayesMVP","BayesMVP_NicoStan",10000,10,1,1,1,80,"b352a26c8e9b174599c6b645056fb577","state_allocation_thread_setup_sampling_divergence_check","iteration_difference","main_scaling","two_run_difference",NA,4,5.13772151898734,5.08151898734174,0.125780413787914,0.073750000000004,5.14725,0.00952848101266226,0.0642215189873417,0.0740000000000123,5.0925,0.00889873417722746,0.0635189873417718,0,FALSE,FALSE,0.194638809500345,15.5711047600276,0,"6293;6298;6303;6308",1608,10000,"N = 10,000",10,"10","1",80,1,5.13772151898734,0.125780413787914,0.194638809500345,"BayesMVP + chunking","BayesMVP + chunking",1,5.13772151898734,1608
"Laptop","MD_BayesMVP","BayesMVP_NicoStan",10000,10,2,2,1,80,"b352a26c8e9b174599c6b645056fb577","state_allocation_thread_setup_sampling_divergence_check","iteration_difference","main_scaling","two_run_difference",NA,4,5.19721518987343,5.19594936708861,0.0236678397823292,0.0787499999999852,5.211,0.0137848101265673,0.0649651898734179,0.074499999999972,5.214,0.00970253164554129,0.0649493670886076,0,FALSE,FALSE,0.384821472063909,30.7857177651127,0,"6294;6299;6304;6309",1609,10000,"N = 10,000",10,"10","2",80,2,5.19721518987343,0.0236678397823292,0.384821472063909,"BayesMVP + chunking","BayesMVP + chunking",1.97710555799113,5.13772151898734,1608
"Laptop","MD_BayesMVP","BayesMVP_NicoStan",10000,10,4,4,1,80,"b352a26c8e9b174599c6b645056fb577","state_allocation_thread_setup_sampling_divergence_check","iteration_difference","main_scaling","two_run_difference",NA,4,5.37670886075954,5.37164556962033,0.106851839484143,0.0880000000000081,5.39750000000005,0.0207911392405139,0.0672088607594942,0.0860000000000412,5.39600000000004,0.0198924050633323,0.0671455696202541,0,FALSE,FALSE,0.743949524437323,59.5159619549859,0,"6295;6300;6305;6310",1610,10000,"N = 10,000",10,"10","4",80,4,5.37670886075954,0.106851839484143,0.743949524437323,"BayesMVP + chunking","BayesMVP + chunking",3.82220548074203,5.13772151898734,1608
"Laptop","MD_BayesMVP","BayesMVP_NicoStan",10000,50,8,8,1,80,"b352a26c8e9b174599c6b645056fb577","state_allocation_thread_setup_sampling_divergence_check","iteration_difference","main_scaling","two_run_difference",NA,4,5.71139240506333,5.70835443037978,0.0860183475669554,0.133999999999972,5.77400000000002,0.0626075949366802,0.0713924050632917,0.134499999999974,5.7705,0.0630696202531381,0.0713544303797472,0,FALSE,FALSE,1.40070921985815,112.056737588652,0,"6336;6341;6346;6351",1621,10000,"N = 10,000",50,"50","8",80,8,5.71139240506333,0.0860183475669554,1.40070921985815,"BayesMVP + chunking","BayesMVP + chunking",7.19645390070916,5.13772151898734,1608
"Laptop","MD_BayesMVP","BayesMVP_NicoStan",10000,50,16,16,1,80,"b352a26c8e9b174599c6b645056fb577","state_allocation_thread_setup_sampling_divergence_check","iteration_difference","main_scaling","two_run_difference",NA,4,10.3458227848101,10.3645569620253,0.121646908759454,0.19850000000001,10.415,0.0691772151898835,0.129322784810126,0.196499999999986,10.443,0.0661708860759352,0.129556962025316,0,FALSE,FALSE,1.54651788773063,123.721431018451,0,"6337;6342;6347;6352",1622,10000,"N = 10,000",50,"50","16",80,16,10.3458227848101,0.121646908759454,1.54651788773063,"BayesMVP + chunking","BayesMVP + chunking",7.94557823129252,5.13772151898734,1608
"Laptop","MD_BayesMVP_WCP","BayesMVP_NicoStan",10000,10,4,2,2,200,"b352a26c8e9b174599c6b645056fb577","state_allocation_thread_setup_sampling_divergence_check","iteration_difference","main_scaling","two_run_difference",NA,4,7.27386934673372,7.28492462311541,0.110846267921517,0.0567499999999512,7.29425000000001,0.0203806532662826,0.0363693467336686,0.0519999999998504,7.30999999999989,0.0156859296480902,0.0364246231155771,0,FALSE,FALSE,0.274956822107079,54.9913644214158,0,"6689;6695;6701;6707",1707,10000,"N = 10,000",10,"10","4",200,2,7.27386934673372,0.110846267921517,0.274956822107079,"BayesMVP + chunking + WCP","BayesMVP + chunking + WCP",2,7.27386934673372,1707
"Laptop","MD_BayesMVP_WCP","BayesMVP_NicoStan",10000,50,8,4,2,200,"b352a26c8e9b174599c6b645056fb577","state_allocation_thread_setup_sampling_divergence_check","iteration_difference","main_scaling","two_run_difference",NA,4,7.99095477386931,7.99145728643194,0.225333416908532,0.0912499999999454,8.04224999999991,0.0512952261305989,0.0399547738693466,0.0889999999999418,8.02749999999963,0.0480954773868771,0.0399572864321597,0,FALSE,FALSE,0.500565966545091,100.113193309018,0,"6740;6746;6752;6758",1722,10000,"N = 10,000",50,"50","8",200,4,7.99095477386931,0.225333416908532,0.500565966545091,"BayesMVP + chunking + WCP","BayesMVP + chunking + WCP",3.64105144007047,7.27386934673372,1707
"Laptop","MD_BayesMVP_WCP","BayesMVP_NicoStan",10000,50,16,8,2,200,"b352a26c8e9b174599c6b645056fb577","state_allocation_thread_setup_sampling_divergence_check","iteration_difference","main_scaling","two_run_difference",NA,4,14.6258793969848,14.5914572864322,0.216360497827487,0.138000000000119,14.69075,0.0648706030151948,0.0731293969849241,0.135000000000332,14.6594999999999,0.0616984924626447,0.0729572864321609,0,FALSE,FALSE,0.546975657521778,109.395131504356,0,"6742;6748;6754;6760",1724,10000,"N = 10,000",50,"50","16",200,8,14.6258793969848,0.216360497827487,0.546975657521778,"BayesMVP + chunking + WCP","BayesMVP + chunking + WCP",3.97862946865719,7.27386934673372,1707
"Laptop","Mplus_standard","mplus",10000,1,1,1,1,200,"b352a26c8e9b174599c6b645056fb577","Mplus_input_write_engine_run_output_validation_BITERATIONS","overhead_subtraction","main_scaling","two_run_difference",NA,3,4.91633333333334,4.91899999999998,0.00737111479582992,0.537999999999992,5.45433333333333,0.537999999999992,0.0245816666666667,0.533999999999992,5.45600000000002,0.533999999999992,0.0245949999999999,0,FALSE,FALSE,0.203403620584446,40.6807241168892,NA,"6043;6044;6045",1543,10000,"N = 10,000",1,"1","1",200,1,4.91633333333334,0.00737111479582992,0.203403620584446,"Mplus","Mplus",1,4.91633333333334,1543
"Laptop","Mplus_standard","mplus",10000,1,2,2,1,200,"b352a26c8e9b174599c6b645056fb577","Mplus_input_write_engine_run_output_validation_BITERATIONS","overhead_subtraction","main_scaling","two_run_difference",NA,3,6.00666666666664,5.98299999999995,0.133087690390006,1.70000000000003,7.70666666666667,1.70000000000003,0.0300333333333332,1.69200000000001,7.65899999999999,1.69200000000001,0.0299149999999997,0,FALSE,FALSE,0.332963374028858,66.5926748057716,NA,"6046;6047;6048",1544,10000,"N = 10,000",1,"1","2",200,2,6.00666666666664,0.133087690390006,0.332963374028858,"Mplus","Mplus",1.63695893451721,4.91633333333334,1543
"Laptop","Mplus_standard","mplus",10000,1,4,4,1,200,"b352a26c8e9b174599c6b645056fb577","Mplus_input_write_engine_run_output_validation_BITERATIONS","overhead_subtraction","main_scaling","two_run_difference",NA,3,8.74266666666663,8.68999999999994,0.100897637897702,1.71066666666669,10.4533333333333,1.71066666666669,0.0437133333333332,1.71600000000001,10.414,1.71600000000001,0.0434499999999997,0,FALSE,FALSE,0.457526307762698,91.5052615525397,NA,"6049;6050;6051",1545,10000,"N = 10,000",1,"1","4",200,4,8.74266666666663,0.100897637897702,0.457526307762698,"Mplus","Mplus",2.24935183773068,4.91633333333334,1543
"Laptop","Mplus_standard","mplus",10000,1,8,8,1,200,"b352a26c8e9b174599c6b645056fb577","Mplus_input_write_engine_run_output_validation_BITERATIONS","overhead_subtraction","main_scaling","two_run_difference",NA,3,16.7096666666667,16.684,0.053351038727792,1.76933333333333,18.479,1.76933333333333,0.0835483333333334,1.76600000000002,18.45,1.76600000000002,0.0834200000000001,0,FALSE,FALSE,0.478764786849927,95.7529573699854,NA,"6052;6053;6054",1546,10000,"N = 10,000",1,"1","8",200,8,16.7096666666667,0.053351038727792,0.478764786849927,"Mplus","Mplus",2.35376728041653,4.91633333333334,1543
"Laptop","Mplus_standard","mplus",10000,1,16,16,1,200,"b352a26c8e9b174599c6b645056fb577","Mplus_input_write_engine_run_output_validation_BITERATIONS","overhead_subtraction","main_scaling","two_run_difference",NA,3,23.1636666666667,23.1920000000001,0.0822455672564157,1.89966666666667,25.0633333333334,1.89966666666667,0.115818333333333,1.89499999999998,25.087,1.89499999999998,0.11596,0,FALSE,FALSE,0.690736929962153,138.147385992431,NA,"6055;6056;6057",1547,10000,"N = 10,000",1,"1","16",200,16,23.1636666666667,0.0822455672564157,0.690736929962153,"Mplus","Mplus",3.39589299333727,4.91633333333334,1543
"Laptop","Mplus_WCP","mplus",10000,1,4,2,2,500,"b352a26c8e9b174599c6b645056fb577","Mplus_input_write_engine_run_output_validation_BITERATIONS","overhead_subtraction","main_scaling","two_run_difference",NA,3,5.91100000000006,5.928,0.0622655603042106,0.891666666666652,6.80266666666671,0.891666666666652,0.0118220000000001,0.88900000000001,6.81700000000001,0.88900000000001,0.011856,0,FALSE,FALSE,0.338352224665874,169.176112332937,NA,"5977;5980;5983",1521,10000,"N = 10,000",1,"1","4",500,2,5.91100000000006,0.0622655603042106,0.338352224665874,"Mplus + WCP","Mplus + WCP",1.91281791011108,5.65333333333335,1522
"Laptop","Mplus_WCP","mplus",10000,1,8,2,4,500,"b352a26c8e9b174599c6b645056fb577","Mplus_input_write_engine_run_output_validation_BITERATIONS","overhead_subtraction","main_scaling","two_run_difference",NA,3,5.65333333333335,5.65300000000002,0.00750555349951486,0.790666666666652,6.444,0.790666666666652,0.0113066666666667,0.793000000000006,6.44600000000003,0.793000000000006,0.011306,0,FALSE,FALSE,0.35377358490566,176.88679245283,NA,"5978;5981;5984",1522,10000,"N = 10,000",1,"1","8",500,2,5.65333333333335,0.00750555349951486,0.35377358490566,"Mplus + WCP","Mplus + WCP",2,5.65333333333335,1522
"Laptop","Mplus_WCP","mplus",10000,1,16,8,2,500,"b352a26c8e9b174599c6b645056fb577","Mplus_input_write_engine_run_output_validation_BITERATIONS","overhead_subtraction","main_scaling","two_run_difference",NA,3,19.94,19.999,0.141077992613927,0.933333333333356,20.8733333333334,0.933333333333356,0.03988,0.92999999999995,20.9250000000001,0.92999999999995,0.039998,0,FALSE,FALSE,0.401203610832497,200.601805416249,NA,"5992;5993;5994",1526,10000,"N = 10,000",1,"1","16",500,8,19.94,0.141077992613927,0.401203610832497,"Mplus + WCP","Mplus + WCP",2.26813774657306,5.65333333333335,1522
"Laptop","AD_Stan","NicoStan_BridgeStan",10000,1,1,1,1,20,"b352a26c8e9b174599c6b645056fb577","NicoStan_BridgeStan_state_allocation_thread_setup_sampling_model_load_divergence_check","iteration_difference","main_scaling","two_run_difference",NA,4,2.36052631578968,2.36684210526284,0.0152419695634141,0.269499999999685,2.51199999999988,0.151473684210201,0.118026315789484,0.24799999999999,2.49749999999968,0.129605263157901,0.118342105263142,0,FALSE,FALSE,0.423634336677779,8.47268673355557,0,"4713;4714;4715;4716",1202,10000,"N = 10,000",1,"1","1",20,1,2.36052631578968,0.0152419695634141,0.423634336677779,"Stan model (NicoStan)","Stan model (NicoStan)",1,2.36052631578968,1202
"Laptop","AD_Stan","NicoStan_BridgeStan",10000,1,2,2,1,20,"b352a26c8e9b174599c6b645056fb577","NicoStan_BridgeStan_state_allocation_thread_setup_sampling_model_load_divergence_check","iteration_difference","main_scaling","two_run_difference",NA,4,2.5126315789469,2.50947368420958,0.0319163264314635,0.289999999999761,2.67699999999931,0.164368421052416,0.125631578947345,0.273999999999717,2.64949999999862,0.149710526315517,0.125473684210479,0,FALSE,FALSE,0.795978215333203,15.9195643066641,0,"4717;4718;4719;4720",1203,10000,"N = 10,000",1,"1","2",20,2,2.5126315789469,0.0319163264314635,0.795978215333203,"Stan model (NicoStan)","Stan model (NicoStan)",1.87892752408933,2.36052631578968,1202
"Laptop","AD_Stan","NicoStan_BridgeStan",10000,1,4,4,1,20,"b352a26c8e9b174599c6b645056fb577","NicoStan_BridgeStan_state_allocation_thread_setup_sampling_model_load_divergence_check","iteration_difference","main_scaling","two_run_difference",NA,4,3.22763157894691,3.2284210526311,0.0477092997777797,0.324500000000196,3.39074999999976,0.16311842105285,0.161381578947345,0.301000000000386,3.39099999999959,0.138157894737273,0.161421052631555,0,FALSE,FALSE,1.23929881777433,24.7859763554866,0,"4721;4722;4723;4724",1204,10000,"N = 10,000",1,"1","4",20,4,3.22763157894691,0.0477092997777797,1.23929881777433,"Stan model (NicoStan)","Stan model (NicoStan)",2.92539747248334,2.36052631578968,1202
"Laptop","AD_Stan","NicoStan_BridgeStan",10000,1,8,8,1,20,"b352a26c8e9b174599c6b645056fb577","NicoStan_BridgeStan_state_allocation_thread_setup_sampling_model_load_divergence_check","iteration_difference","main_scaling","two_run_difference",NA,4,6.52868421052587,6.51684210526247,0.0333688637967825,0.533750000000232,6.73599999999981,0.207315789473939,0.326434210526293,0.533500000000458,6.74349999999978,0.205947368421556,0.325842105263124,0,FALSE,FALSE,1.2253617638761,24.5072352775219,0,"4725;4726;4727;4728",1205,10000,"N = 10,000",1,"1","8",20,8,6.52868421052587,0.0333688637967825,1.2253617638761,"Stan model (NicoStan)","Stan model (NicoStan)",2.89249868999198,2.36052631578968,1202
"Laptop","AD_Stan","NicoStan_BridgeStan",10000,1,16,16,1,20,"b352a26c8e9b174599c6b645056fb577","NicoStan_BridgeStan_state_allocation_thread_setup_sampling_model_load_divergence_check","iteration_difference","main_scaling","two_run_difference",NA,4,14.1634210526319,14.1910526315786,0.135968534189707,0.980999999999618,14.4362499999999,0.272828947368025,0.708171052631593,0.967499999999873,14.4829999999996,0.260447368420261,0.709552631578931,0,FALSE,FALSE,1.12967057468272,22.5934114936545,0,"4729;4730;4731;4732",1206,10000,"N = 10,000",1,"1","16",20,16,14.1634210526319,0.135968534189707,1.12967057468272,"Stan model (NicoStan)","Stan model (NicoStan)",2.66661711971181,2.36052631578968,1202
"Laptop","AD_Stan_tape_chunked","NicoStan_BridgeStan",10000,4,1,1,1,20,"b352a26c8e9b174599c6b645056fb577","NicoStan_BridgeStan_state_allocation_thread_setup_sampling_model_load_divergence_check","iteration_difference","main_scaling","two_run_difference",2500,4,2.83605263157927,2.83368421052694,0.0281583046373366,0.27300000000016,2.96725000000047,0.131197368421196,0.141802631578964,0.263000000000204,2.95500000000079,0.121894736842205,0.141684210526347,0,FALSE,FALSE,0.35260276514796,7.0520553029592,0,"5253;5254;5255;5256",1337,10000,"N = 10,000",4,"4","1",20,1,2.83605263157927,0.0281583046373366,0.35260276514796,"Stan model (NicoStan) + tape chunking","Stan model (NicoStan) + tape chunking",1,2.83605263157927,1337
"Laptop","AD_Stan_tape_chunked","NicoStan_BridgeStan",10000,4,2,2,1,20,"b352a26c8e9b174599c6b645056fb577","NicoStan_BridgeStan_state_allocation_thread_setup_sampling_model_load_divergence_check","iteration_difference","main_scaling","two_run_difference",2500,4,2.93210526315707,2.93368421052468,0.00466811743669891,0.292000000000222,3.07749999999944,0.145394736842368,0.146605263157854,0.286000000000328,3.07399999999954,0.139263157895106,0.146684210526234,0,FALSE,FALSE,0.682103751570825,13.6420750314165,0,"5257;5258;5259;5260",1338,10000,"N = 10,000",4,"4","2",20,2,2.93210526315707,0.00466811743669891,0.682103751570825,"Stan model (NicoStan) + tape chunking","Stan model (NicoStan) + tape chunking",1.93448213965253,2.83605263157927,1337
"Laptop","AD_Stan_tape_chunked","NicoStan_BridgeStan",10000,50,4,4,1,20,"b352a26c8e9b174599c6b645056fb577","NicoStan_BridgeStan_state_allocation_thread_setup_sampling_model_load_divergence_check","iteration_difference","main_scaling","two_run_difference",200,4,3.0560526315786,3.05105263157824,0.0413115988487598,0.290750000000116,3.19399999999979,0.137947368421186,0.15280263157893,0.289499999999919,3.18549999999959,0.138289473684134,0.152552631578912,0,FALSE,FALSE,1.30887798157252,26.1775596314505,0,"5321;5322;5323;5324",1354,10000,"N = 10,000",50,"50","4",20,4,3.0560526315786,0.0413115988487598,1.30887798157252,"Stan model (NicoStan) + tape chunking","Stan model (NicoStan) + tape chunking",3.71204684405492,2.83605263157927,1337
"Laptop","AD_Stan_tape_chunked","NicoStan_BridgeStan",10000,100,8,8,1,20,"b352a26c8e9b174599c6b645056fb577","NicoStan_BridgeStan_state_allocation_thread_setup_sampling_model_load_divergence_check","iteration_difference","main_scaling","two_run_difference",100,4,3.32000000000042,3.33526315789584,0.0500931726531448,0.338500000000025,3.49250000000042,0.172500000000004,0.166000000000021,0.339500000000044,3.51950000000062,0.172000000000002,0.166763157894792,0,FALSE,FALSE,2.40963855421657,48.1927710843313,0,"5345;5346;5347;5348",1360,10000,"N = 10,000",100,"100","8",20,8,3.32000000000042,0.0500931726531448,2.40963855421657,"Stan model (NicoStan) + tape chunking","Stan model (NicoStan) + tape chunking",6.83386176284077,2.83605263157927,1337
"Laptop","AD_Stan_tape_chunked","NicoStan_BridgeStan",10000,100,16,16,1,20,"b352a26c8e9b174599c6b645056fb577","NicoStan_BridgeStan_state_allocation_thread_setup_sampling_model_load_divergence_check","iteration_difference","main_scaling","two_run_difference",100,4,6.8015789473682,6.79842105263162,0.0525929682932579,0.609999999999886,7.07149999999967,0.269921052631476,0.34007894736841,0.609499999999997,7.07749999999984,0.270394736842102,0.339921052631581,0,FALSE,FALSE,2.35239495473195,47.047899094639,0,"5349;5350;5351;5352",1361,10000,"N = 10,000",100,"100","16",20,16,6.8015789473682,0.0525929682932579,2.35239495473195,"Stan model (NicoStan) + tape chunking","Stan model (NicoStan) + tape chunking",6.67151590188135,2.83605263157927,1337
"Laptop","AD_Stan_WCP","NicoStan_BridgeStan",10000,50,4,2,2,80,"b352a26c8e9b174599c6b645056fb577","NicoStan_BridgeStan_state_allocation_thread_setup_sampling_model_load_divergence_check","iteration_difference","main_scaling","two_run_difference",200,4,6.15518987341884,6.08708860759721,0.188387774372087,0.212249999999329,6.29050000000043,0.135310126581594,0.0769398734177355,0.207499999998618,6.21850000000086,0.131411392403652,0.0760886075949651,0,FALSE,FALSE,0.324929050302248,25.9943240241799,0,"5689;5692;5695;5698",1446,10000,"N = 10,000",50,"50","4",80,2,6.15518987341884,0.188387774372087,0.324929050302248,"Stan model (NicoStan) + tape chunking + WCP","Stan model (NicoStan) + tape chunking + WCP",2,6.15518987341884,1446
"Laptop","AD_Stan_WCP","NicoStan_BridgeStan",10000,100,8,4,2,80,"b352a26c8e9b174599c6b645056fb577","NicoStan_BridgeStan_state_allocation_thread_setup_sampling_model_load_divergence_check","iteration_difference","main_scaling","two_run_difference",100,4,6.65848101265766,6.63999999999887,0.176946631952346,0.230500000000063,6.80574999999951,0.147268987341842,0.0832310126582208,0.230499999999381,6.78999999999905,0.145803797467729,0.0829999999999858,0,FALSE,FALSE,0.600737614539422,48.0590091631538,0,"5725;5727;5729;5731",1455,10000,"N = 10,000",100,"100","8",80,4,6.65848101265766,0.176946631952346,0.600737614539422,"Stan model (NicoStan) + tape chunking + WCP","Stan model (NicoStan) + tape chunking + WCP",3.69765408159484,6.15518987341884,1446
"Laptop","AD_Stan_WCP","NicoStan_BridgeStan",10000,100,16,8,2,80,"b352a26c8e9b174599c6b645056fb577","NicoStan_BridgeStan_state_allocation_thread_setup_sampling_model_load_divergence_check","iteration_difference","main_scaling","two_run_difference",100,4,13.430886075949,13.44253164557,0.138915154986756,0.339249999999936,13.6022499999996,0.171363924050573,0.167886075949363,0.336999999999819,13.6115000000002,0.168968354430193,0.168031645569625,0,FALSE,FALSE,0.595642011611265,47.6513609289012,0,"5733;5734;5735;5736",1457,10000,"N = 10,000",100,"100","16",80,8,13.430886075949,0.138915154986756,0.595642011611265,"Stan model (NicoStan) + tape chunking + WCP","Stan model (NicoStan) + tape chunking + WCP",3.66628967805248,6.15518987341884,1446
