"device","algorithm","N","n_chains","n_threads","n_iter","seconds_per_iteration_mean_BITERATIONS","seconds_per_iteration_mean_FBITERATIONS","ratio_FBITERATIONS_over_BITERATIONS"
"HPC","Mplus_standard",10000,1,1,200,0.015016666666667,0.0149233333333351,0.993784683684891
"HPC","Mplus_standard",10000,16,16,200,0.198975,0.201843333333334,1.01441554634167
"HPC","Mplus_standard",10000,180,180,200,0.220144999999999,0.262128333333333,1.19070763966174
"HPC","Mplus_standard",10000,2,2,200,0.0351199999999998,0.0345633333333323,0.984149582384182
"HPC","Mplus_standard",10000,32,32,200,0.205186666666667,0.198953333333332,0.969621157969971
"HPC","Mplus_standard",10000,4,4,200,0.0809516666666669,0.082195,1.01535895904964
"HPC","Mplus_standard",10000,64,64,200,0.215950000000001,0.206613333333333,0.956764683182831
"HPC","Mplus_standard",10000,8,8,200,0.170806666666667,0.170025000000001,0.995423675890872
"HPC","Mplus_standard",10000,96,96,200,0.194929999999999,0.202756666666667,1.04015116537561
"HPC","Mplus_standard",2500,1,1,400,0.00377750000000006,0.00384750000000016,1.01853077432167
"HPC","Mplus_standard",2500,16,16,400,0.05024,0.0524391666666672,1.04377322186837
"HPC","Mplus_standard",2500,180,180,400,0.0578866666666666,0.0756224999999995,1.30638892087987
"HPC","Mplus_standard",2500,2,2,400,0.00880916666666669,0.00875333333333439,0.993661905212491
"HPC","Mplus_standard",2500,32,32,400,0.0516374999999999,0.0512024999999998,0.991575889615103
"HPC","Mplus_standard",2500,4,4,400,0.0201616666666667,0.0206958333333334,1.02649417210879
"HPC","Mplus_standard",2500,64,64,400,0.0494524999999998,0.0513933333333334,1.03924641490994
"HPC","Mplus_standard",2500,8,8,400,0.0428,0.0424258333333334,0.991257788161995
"HPC","Mplus_standard",2500,96,96,400,0.048795,0.0528891666666668,1.08390545479387
"HPC","Mplus_standard",500,1,1,2000,0.000827833333333334,0.000826833333333298,0.998792027380669
"HPC","Mplus_standard",500,16,16,2000,0.0108535,0.0110273333333334,1.01601633881545
"HPC","Mplus_standard",500,180,180,2000,0.0137228333333333,0.0184675,1.34574978442255
"HPC","Mplus_standard",500,2,2,2000,0.00170183333333333,0.00174800000000012,1.0271276074822
"HPC","Mplus_standard",500,32,32,2000,0.0119043333333333,0.0112621666666666,0.94605605801808
"HPC","Mplus_standard",500,4,4,2000,0.00422533333333333,0.00418066666666649,0.989428841905922
"HPC","Mplus_standard",500,64,64,2000,0.0116258333333333,0.0124443333333334,1.0704035553007
"HPC","Mplus_standard",500,8,8,2000,0.00869116666666667,0.00922666666666684,1.06161428270085
"HPC","Mplus_standard",500,96,96,2000,0.0116003333333333,0.0128631666666667,1.10886181431568
"HPC","Mplus_standard",50000,1,1,100,0.0739066666666667,0.0749316666666634,1.01386884358646
"HPC","Mplus_standard",50000,16,16,100,0.992803333333334,0.96961333333332,0.976641899536987
"HPC","Mplus_standard",50000,180,180,100,1.10854,1.14743,1.0350821801649
"HPC","Mplus_standard",50000,2,2,100,0.176496666666667,0.168836666666649,0.95659974692619
"HPC","Mplus_standard",50000,32,32,100,1.04194666666667,1.17491333333336,1.12761369743815
"HPC","Mplus_standard",50000,4,4,100,0.395546666666667,0.397786666666672,1.00566304860785
"HPC","Mplus_standard",50000,64,64,100,0.980403333333334,1.00864666666667,1.02880787159027
"HPC","Mplus_standard",50000,8,8,100,0.853413333333333,0.851526666666662,0.997789269755955
"HPC","Mplus_standard",50000,96,96,100,0.95452,0.974660000000011,1.02109961027533
"HPC","Mplus_WCP",10000,16,128,500,0.0238613333333334,0.0253840000000034,1.06381314260184
"HPC","Mplus_WCP",10000,16,176,500,0.023066,0.0215333333333331,0.933552992861056
"HPC","Mplus_WCP",10000,16,32,500,0.0595140000000003,0.061805333333336,1.0385007449228
"HPC","Mplus_WCP",10000,16,64,500,0.0365193333333335,0.0349746666666687,0.957702769309459
"HPC","Mplus_WCP",10000,16,96,500,0.0306340000000003,0.0272926666666666,0.890927292115504
"HPC","Mplus_WCP",10000,4,128,500,0.00491999999999992,0.00578466666666653,1.17574525745257
"HPC","Mplus_WCP",10000,4,16,500,0.0281946666666666,0.0275513333333315,0.977182445852581
"HPC","Mplus_WCP",10000,4,176,500,0.00554399999999987,0.00605466666666841,1.09211159211193
"HPC","Mplus_WCP",10000,4,32,500,0.0158659999999998,0.0173286666666677,1.09218874742644
"HPC","Mplus_WCP",10000,4,64,500,0.00914733333333318,0.0106420000000005,1.16339916915684
"HPC","Mplus_WCP",10000,4,8,500,0.0391899999999999,0.0408366666666658,1.04201752147655
"HPC","Mplus_WCP",10000,4,96,500,0.00748800000000013,0.00735333333333422,0.982015669515771
"HPC","Mplus_WCP",10000,8,128,500,0.0130699999999999,0.0147960000000032,1.13205814843178
"HPC","Mplus_WCP",10000,8,16,500,0.0568459999999999,0.0580139999999988,1.02054674031592
"HPC","Mplus_WCP",10000,8,176,500,0.0107106666666667,0.0121586666666687,1.1351923316322
"HPC","Mplus_WCP",10000,8,32,500,0.0333940000000001,0.0356966666666672,1.06895450280491
"HPC","Mplus_WCP",10000,8,64,500,0.0221173333333331,0.0203713333333328,0.921057390884962
"HPC","Mplus_WCP",10000,8,96,500,0.0153826666666666,0.0166659999999995,1.0834272341163
"HPC","Mplus_WCP",2500,16,128,2000,0.00665550000000004,0.0070756666666669,1.06313074399622
"HPC","Mplus_WCP",2500,16,32,2000,0.0159508333333333,0.0177671666666666,1.11387074865471
"HPC","Mplus_WCP",2500,16,64,2000,0.00903700000000003,0.0097011666666672,1.07349415366462
"HPC","Mplus_WCP",2500,16,96,2000,0.00753966666666671,0.00760983333333301,1.00930633538171
"HPC","Mplus_WCP",2500,4,16,2000,0.00737433333333333,0.00706049999999999,0.957442480676218
"HPC","Mplus_WCP",2500,4,32,2000,0.00415200000000002,0.00459583333333369,1.10689627488768
"HPC","Mplus_WCP",2500,4,8,2000,0.010853,0.0106414999999998,0.980512300746316
"HPC","Mplus_WCP",2500,8,16,2000,0.0144641666666667,0.0146993333333337,1.01625857002941
"HPC","Mplus_WCP",2500,8,32,2000,0.00845750000000004,0.00914733333333344,1.08156468617599
"HPC","Mplus_WCP",2500,8,64,2000,0.0050251666666667,0.00542049999999978,1.07867069085597
"HPC","Mplus_WCP",500,16,128,10000,0.00179623333333334,0.00195736666666659,1.08970623712579
"HPC","Mplus_WCP",500,16,32,10000,0.00390976666666666,0.0040656,1.03985745099878
"HPC","Mplus_WCP",500,16,64,10000,0.00230016666666667,0.00250960000000012,1.09105137308896
"HPC","Mplus_WCP",500,16,96,10000,0.00199553333333333,0.00210276666666666,1.05373667858217
"HPC","Mplus_WCP",500,4,16,10000,0.00159263333333333,0.00163556666666663,1.02695744992568
"HPC","Mplus_WCP",500,4,32,10000,0.0010076,0.00105343333333341,1.04548762736544
"HPC","Mplus_WCP",500,4,8,10000,0.00224676666666667,0.00228526666666669,1.01713573579812
"HPC","Mplus_WCP",500,8,16,10000,0.00313193333333333,0.00342920000000007,1.09491474914326
"HPC","Mplus_WCP",500,8,32,10000,0.002078,0.00218746666666679,1.05267885787622
"HPC","Mplus_WCP",500,8,64,10000,0.00135496666666667,0.00147716666666675,1.09018672046059
"HPC","Mplus_WCP",50000,16,128,100,0.12799,0.124033333333324,0.969086126520227
"HPC","Mplus_WCP",50000,16,176,100,0.122023333333336,0.11474333333334,0.940339279372831
"HPC","Mplus_WCP",50000,16,32,100,0.302076666666664,0.328446666666665,1.08729571962968
"HPC","Mplus_WCP",50000,16,64,100,0.181213333333332,0.169990000000006,0.938065631668056
"HPC","Mplus_WCP",50000,16,96,100,0.136206666666667,0.137833333333342,1.01194263619017
"HPC","Mplus_WCP",50000,4,128,100,0.0302533333333349,0.0324366666666564,1.07216835610362
"HPC","Mplus_WCP",50000,4,16,100,0.136946666666665,0.142630000000014,1.04150034076538
"HPC","Mplus_WCP",50000,4,176,100,0.0286233333333348,0.0217733333333426,0.760684756026835
"HPC","Mplus_WCP",50000,4,32,100,0.082180000000003,0.081263333333347,0.988845623428377
"HPC","Mplus_WCP",50000,4,64,100,0.0465433333333355,0.0487866666666484,1.0481988111433
"HPC","Mplus_WCP",50000,4,8,100,0.195836666666669,0.226606666666675,1.15712072985995
"HPC","Mplus_WCP",50000,4,96,100,0.0336566666666643,0.0349666666666481,1.03892245221305
"HPC","Mplus_WCP",50000,8,128,100,0.0698866666666678,0.07422333333334,1.06205284746741
"HPC","Mplus_WCP",50000,8,16,100,0.277670000000001,0.283343333333335,1.0204319275879
"HPC","Mplus_WCP",50000,8,176,100,0.0621133333333334,0.0648333333333202,1.04379091982377
"HPC","Mplus_WCP",50000,8,32,100,0.158903333333333,0.165093333333344,1.03895450063987
"HPC","Mplus_WCP",50000,8,64,100,0.107036666666668,0.101133333333351,0.944847560026313
"HPC","Mplus_WCP",50000,8,96,100,0.0813333333333306,0.0821766666666698,1.01036885245909
"Laptop","Mplus_standard",10000,1,1,200,0.0245816666666667,0.0248699999999999,1.01172960878703
"Laptop","Mplus_standard",10000,16,16,200,0.115818333333333,0.116375,1.00480637780432
"Laptop","Mplus_standard",10000,2,2,200,0.0300333333333332,0.0301516666666667,1.00394006659268
"Laptop","Mplus_standard",10000,4,4,200,0.0437133333333332,0.0443333333333333,1.01418331554065
"Laptop","Mplus_standard",10000,8,8,200,0.0835483333333334,0.0838683333333335,1.0038301182948
"Laptop","Mplus_standard",2500,1,1,400,0.00630833333333337,0.00628416666666664,0.996169088507255
"Laptop","Mplus_standard",2500,16,16,400,0.0300783333333334,0.0305908333333333,1.017038843021
"Laptop","Mplus_standard",2500,2,2,400,0.00777083333333332,0.00768250000000002,0.988632707774802
"Laptop","Mplus_standard",2500,4,4,400,0.0113608333333333,0.0112458333333333,0.989877503117435
"Laptop","Mplus_standard",2500,8,8,400,0.0212858333333333,0.0213666666666667,1.00379751791097
"Laptop","Mplus_standard",500,1,1,2000,0.001376,0.00136766666666667,0.993943798449612
"Laptop","Mplus_standard",500,16,16,2000,0.00681283333333333,0.0069565,1.02108765320351
"Laptop","Mplus_standard",500,2,2,2000,0.00167033333333333,0.00167733333333333,1.00419078028338
"Laptop","Mplus_standard",500,4,4,2000,0.00247833333333333,0.00242016666666666,0.976529926025554
"Laptop","Mplus_standard",500,8,8,2000,0.0045765,0.004623,1.01016060308096
"Laptop","Mplus_standard",50000,1,1,100,0.124596666666667,0.122546666666689,0.983546911367523
"Laptop","Mplus_standard",50000,16,16,100,0.569140000000001,0.569409999999984,1.00047439997186
"Laptop","Mplus_standard",50000,2,2,100,0.146846666666667,0.147886666666673,1.00708221727883
"Laptop","Mplus_standard",50000,4,4,100,0.21656,0.213826666666657,0.987378401674628
"Laptop","Mplus_standard",50000,8,8,100,0.414786666666666,0.41486333333337,1.00018483397097
"Laptop","Mplus_WCP",10000,2,16,500,0.012184,0.0124846666666646,1.02467717224758
"Laptop","Mplus_WCP",10000,2,4,500,0.0118220000000001,0.0119446666666646,1.01037613488957
"Laptop","Mplus_WCP",10000,2,8,500,0.0113066666666667,0.0112906666666644,0.998584905660176
"Laptop","Mplus_WCP",10000,4,16,500,0.0218126666666668,0.0219773333333158,1.00754913047384
"Laptop","Mplus_WCP",10000,4,8,500,0.0230406666666666,0.0215193333333204,0.933971817944525
"Laptop","Mplus_WCP",10000,8,16,500,0.03988,0.0402646666666664,1.00964560347709
"Laptop","Mplus_WCP",2500,2,16,2000,0.003948,0.0038779999999991,0.982269503545872
"Laptop","Mplus_WCP",2500,2,4,2000,0.00313816666666666,0.00317249999999789,1.01094057039606
"Laptop","Mplus_WCP",2500,2,8,2000,0.00292416666666668,0.00293466666666347,1.00359076659907
"Laptop","Mplus_WCP",2500,4,16,2000,0.00676650000000001,0.00730050000000118,1.07891819995584
"Laptop","Mplus_WCP",2500,4,8,2000,0.00561683333333335,0.00564583333333422,1.00516305154165
"Laptop","Mplus_WCP",2500,8,16,2000,0.0118208333333333,0.0119496666666665,1.01089883679942
"Laptop","Mplus_WCP",500,2,16,10000,0.00114766666666667,0.00108653333333385,0.946732500726557
"Laptop","Mplus_WCP",500,2,4,10000,0.000734766666666666,0.000731900000000128,0.996098534682387
"Laptop","Mplus_WCP",500,2,8,10000,0.000713866666666666,0.000715299999999864,1.00200784460198
"Laptop","Mplus_WCP",500,4,16,10000,0.0018892,0.0019173999999997,1.01492695320755
"Laptop","Mplus_WCP",500,4,8,10000,0.00131983333333333,0.00133709999999979,1.01308245990639
"Laptop","Mplus_WCP",500,8,16,10000,0.00329286666666667,0.00331013333333331,1.00524365800821
"Laptop","Mplus_WCP",50000,2,16,100,0.0506299999999999,0.0521500000000187,1.03002172624963
"Laptop","Mplus_WCP",50000,2,4,100,0.057946666666666,0.0613366666666822,1.05850207087005
"Laptop","Mplus_WCP",50000,2,8,100,0.05487,0.0550033333333725,1.00242998602829
"Laptop","Mplus_WCP",50000,4,16,100,0.0946766666666671,0.0943799999999802,0.996866528183428
"Laptop","Mplus_WCP",50000,4,8,100,0.107040000000001,0.105709999999974,0.987574738415298
"Laptop","Mplus_WCP",50000,8,16,100,0.17637,0.176630000000009,1.00147417361235
