"device","algorithm","N","n_iter","n_configurations","median_ratio","min_ratio","max_ratio"
"HPC","Mplus_standard",500,2000,9,1.0271276074822,0.94605605801808,1.34574978442255
"HPC","Mplus_standard",2500,400,9,1.02649417210879,0.991257788161995,1.30638892087987
"HPC","Mplus_standard",10000,200,9,0.995423675890872,0.956764683182831,1.19070763966174
"HPC","Mplus_standard",50000,100,9,1.01386884358646,0.95659974692619,1.12761369743815
"HPC","Mplus_WCP",500,10000,10,1.05320776822919,1.01713573579812,1.09491474914326
"HPC","Mplus_WCP",2500,2000,10,1.06831244883042,0.957442480676218,1.11387074865471
"HPC","Mplus_WCP",10000,500,18,1.05291533203919,0.890927292115504,1.17574525745257
"HPC","Mplus_WCP",50000,100,18,1.02967718990048,0.760684756026835,1.15712072985995
"Laptop","Mplus_standard",500,2000,5,1.00419078028338,0.976529926025554,1.02108765320351
"Laptop","Mplus_standard",2500,400,5,0.996169088507255,0.988632707774802,1.017038843021
"Laptop","Mplus_standard",10000,200,5,1.00480637780432,1.0038301182948,1.01418331554065
"Laptop","Mplus_standard",50000,100,5,1.00018483397097,0.983546911367523,1.00708221727883
"Laptop","Mplus_WCP",500,10000,6,1.0036257513051,0.946732500726557,1.01492695320755
"Laptop","Mplus_WCP",2500,2000,6,1.00803094417054,0.982269503545872,1.07891819995584
"Laptop","Mplus_WCP",10000,500,6,1.00859736697547,0.933971817944525,1.02467717224758
"Laptop","Mplus_WCP",50000,100,6,1.00195207982032,0.987574738415298,1.05850207087005
