"device","algorithm","execution_backend","N","num_chunks","n_threads","n_chains","threads_per_chain","n_iter","dataset_md5","timing_scope","timing_estimator","benchmark_role","timing_method","stan_chunk_size","n_repeats","time_mean","time_median","time_sd","time_short_run_mean","time_long_run_mean","fixed_cost_mean","seconds_per_iteration_mean","time_short_run_median","time_long_run_median","fixed_cost_median","seconds_per_iteration_median","n_repeats_two_run_flagged","time_mean_not_positive","time_median_not_positive","chain_rate","total_iter_per_sec","max_divergences","case_ids","configuration_id","selected_best_chunks","relative_chunk_throughput"
"HPC","AD_Stan_WCP","NicoStan_BridgeStan",500,4,8,4,2,800,"5fff1836d43ae39c037ca22d13a50ed5","NicoStan_BridgeStan_state_allocation_thread_setup_sampling_model_load_divergence_check","iteration_difference","main_scaling","two_run_difference",125,4,1.7819774718398,1.78222778473092,0.0012598805899498,0.0147499999999994,1.7945,0.0125225281601996,0.00222747183979975,0.0145,1.7935,0.0122734668335419,0.00222778473091365,0,FALSE,FALSE,2.24469728894508,1795.75783115606,0,"1473;1475;1477;1479",369,TRUE,1
"HPC","AD_Stan_WCP","NicoStan_BridgeStan",500,4,16,8,2,800,"5fff1836d43ae39c037ca22d13a50ed5","NicoStan_BridgeStan_state_allocation_thread_setup_sampling_model_load_divergence_check","iteration_difference","main_scaling","two_run_difference",125,4,1.95219023779725,1.95193992490613,0.00250312891113769,0.0177500000000004,1.9675,0.0153097622027538,0.00244023779724656,0.017000000000003,1.967,0.0145600750938704,0.00243992490613266,0,FALSE,FALSE,4.09796127708681,3278.36902166945,0,"1481;1483;1485;1487",371,TRUE,1
"HPC","AD_Stan_WCP","NicoStan_BridgeStan",500,4,32,16,2,800,"5fff1836d43ae39c037ca22d13a50ed5","NicoStan_BridgeStan_state_allocation_thread_setup_sampling_model_load_divergence_check","iteration_difference","main_scaling","two_run_difference",125,4,2.22202753441802,2.21476846057572,0.0989851664736413,0.0200000000000031,2.23925,0.0172224655819806,0.00277753441802252,0.0200000000000031,2.2325,0.0172102628285388,0.00276846057571965,0,FALSE,FALSE,7.20063084375353,5760.50467500282,0,"1489;1491;1493;1495",373,TRUE,1
"HPC","AD_Stan_WCP","NicoStan_BridgeStan",500,10,16,4,4,800,"5fff1836d43ae39c037ca22d13a50ed5","NicoStan_BridgeStan_state_allocation_thread_setup_sampling_model_load_divergence_check","iteration_difference","main_scaling","two_run_difference",50,4,1.1712140175219,1.17396745932416,0.019179042758346,0.0105000000000004,1.18025,0.00903598247809802,0.00146401752190238,0.0114999999999981,1.184,0.0100325406758429,0.0014674593241552,0,FALSE,FALSE,3.41525967086984,2732.20773669587,0,"1498;1501;1504;1507",376,TRUE,1
"HPC","AD_Stan_WCP","NicoStan_BridgeStan",500,10,32,4,8,800,"5fff1836d43ae39c037ca22d13a50ed5","NicoStan_BridgeStan_state_allocation_thread_setup_sampling_model_load_divergence_check","iteration_difference","main_scaling","two_run_difference",50,4,0.874092615769713,0.87459324155194,0.00970749408243779,0.00900000000000034,0.882000000000001,0.0079073842302882,0.00109261576971214,0.00850000000000151,0.882000000000001,0.00740675844806158,0.00109324155193992,0,FALSE,FALSE,4.57617411225658,3660.93928980526,0,"1499;1502;1505;1508",377,TRUE,1
"HPC","AD_Stan_WCP","NicoStan_BridgeStan",500,10,32,8,4,800,"5fff1836d43ae39c037ca22d13a50ed5","NicoStan_BridgeStan_state_allocation_thread_setup_sampling_model_load_divergence_check","iteration_difference","main_scaling","two_run_difference",50,4,1.26107634543179,1.26057571964957,0.00580956034560649,0.0129999999999999,1.2725,0.0114236545682102,0.00157634543178974,0.0124999999999993,1.2715,0.0109242803504373,0.00157571964956196,0,FALSE,FALSE,6.34378721714966,5075.02977371973,0,"1510;1513;1516;1519",379,TRUE,1
"HPC","AD_Stan_WCP","NicoStan_BridgeStan",500,10,64,16,4,800,"5fff1836d43ae39c037ca22d13a50ed5","NicoStan_BridgeStan_state_allocation_thread_setup_sampling_model_load_divergence_check","iteration_difference","main_scaling","two_run_difference",50,4,1.56595744680851,1.56996245306633,0.0276026007551226,0.0167499999999983,1.58075,0.0147925531914876,0.00195744680851064,0.0165000000000006,1.5845,0.0145375469336677,0.00196245306633291,0,FALSE,FALSE,10.2173913043478,8173.91304347824,0,"1522;1526;1530;1534",382,TRUE,1
"HPC","AD_Stan_WCP","NicoStan_BridgeStan",2500,4,8,4,2,200,"229e14792b0f4550a6f1e0887b422826","NicoStan_BridgeStan_state_allocation_thread_setup_sampling_model_load_divergence_check","iteration_difference","main_scaling","two_run_difference",625,4,1.94824120603015,1.94371859296483,0.0224205465752182,0.0470000000000006,1.9855,0.0372587939698499,0.00974120603015074,0.0489999999999924,1.978,0.0392185929648165,0.00971859296482414,0,FALSE,FALSE,2.05313386639154,410.626773278308,0,"1537;1539;1541;1543",385,TRUE,1
"HPC","AD_Stan_WCP","NicoStan_BridgeStan",2500,4,16,8,2,200,"229e14792b0f4550a6f1e0887b422826","NicoStan_BridgeStan_state_allocation_thread_setup_sampling_model_load_divergence_check","iteration_difference","main_scaling","two_run_difference",625,4,2.17336683417086,2.17738693467336,0.103520840397099,0.0554999999999986,2.218,0.0446331658291443,0.0108668341708543,0.0574999999999974,2.21849999999999,0.0466105527638165,0.0108869346733668,0,FALSE,FALSE,3.68092485549133,736.184971098265,0,"1545;1547;1549;1551",387,TRUE,1
"HPC","AD_Stan_WCP","NicoStan_BridgeStan",2500,10,16,4,4,200,"229e14792b0f4550a6f1e0887b422826","NicoStan_BridgeStan_state_allocation_thread_setup_sampling_model_load_divergence_check","iteration_difference","main_scaling","two_run_difference",250,4,1.09623115577889,1.0934673366834,0.0131392061433983,0.043250000000004,1.134,0.0377688442211095,0.00548115577889447,0.0474999999999994,1.137,0.0420552763819089,0.00546733668341702,0,FALSE,FALSE,3.64886545954618,729.773091909237,0,"1562;1565;1568;1571",392,TRUE,1
"HPC","AD_Stan_WCP","NicoStan_BridgeStan",2500,10,32,4,8,200,"229e14792b0f4550a6f1e0887b422826","NicoStan_BridgeStan_state_allocation_thread_setup_sampling_model_load_divergence_check","iteration_difference","main_scaling","two_run_difference",250,4,0.787688442211057,0.786432160804019,0.00958293784950924,0.0382499999999979,0.821999999999999,0.0343115577889426,0.00393844221105528,0.0380000000000038,0.822500000000005,0.0340804020100541,0.00393216080402009,0,FALSE,FALSE,5.07814992025517,1015.62998405103,0,"1563;1566;1569;1572",393,TRUE,1
"HPC","AD_Stan_WCP","NicoStan_BridgeStan",2500,10,32,8,4,200,"229e14792b0f4550a6f1e0887b422826","NicoStan_BridgeStan_state_allocation_thread_setup_sampling_model_load_divergence_check","iteration_difference","main_scaling","two_run_difference",250,4,1.28341708542713,1.28844221105527,0.0121714587099239,0.0495000000000019,1.3265,0.0430829145728662,0.00641708542713565,0.0480000000000018,1.32799999999999,0.0415577889447254,0.00644221105527636,0,FALSE,FALSE,6.23335943617857,1246.67188723571,0,"1574;1577;1580;1583",395,TRUE,1
"HPC","AD_Stan_WCP","NicoStan_BridgeStan",2500,10,32,16,2,200,"229e14792b0f4550a6f1e0887b422826","NicoStan_BridgeStan_state_allocation_thread_setup_sampling_model_load_divergence_check","iteration_difference","main_scaling","two_run_difference",250,4,2.43492462311557,2.44120603015074,0.105533620313809,0.058250000000001,2.48099999999999,0.0460753768844232,0.0121746231155779,0.0579999999999927,2.48699999999998,0.045793969849239,0.0122060301507537,0,FALSE,FALSE,6.57104529976268,1314.20905995254,0,"1585;1589;1593;1597",397,TRUE,1
"HPC","AD_Stan_WCP","NicoStan_BridgeStan",2500,10,64,16,4,200,"229e14792b0f4550a6f1e0887b422826","NicoStan_BridgeStan_state_allocation_thread_setup_sampling_model_load_divergence_check","iteration_difference","main_scaling","two_run_difference",250,4,1.52788944723619,1.5246231155779,0.0177024270892368,0.0589999999999975,1.57925,0.0513605527638166,0.00763944723618093,0.0589999999999975,1.57650000000001,0.0512914572864297,0.0076231155778895,0,FALSE,FALSE,10.4719618483802,2094.39236967603,0,"1586;1590;1594;1598",398,TRUE,1
"HPC","AD_Stan_WCP","NicoStan_BridgeStan",2500,25,64,8,8,200,"229e14792b0f4550a6f1e0887b422826","NicoStan_BridgeStan_state_allocation_thread_setup_sampling_model_load_divergence_check","iteration_difference","main_scaling","two_run_difference",100,4,0.838442211055274,0.824623115577885,0.0403963011708699,0.046999999999997,0.881249999999994,0.0428077889447207,0.00419221105527637,0.0444999999999993,0.864499999999992,0.0402060301507531,0.00412311557788943,0,FALSE,FALSE,9.54150434522029,1908.30086904406,0,"1615;1618;1621;1624",406,TRUE,1
"HPC","AD_Stan_WCP","NicoStan_BridgeStan",2500,25,96,16,6,200,"229e14792b0f4550a6f1e0887b422826","NicoStan_BridgeStan_state_allocation_thread_setup_sampling_model_load_divergence_check","iteration_difference","main_scaling","two_run_difference",100,4,1.42914572864321,1.4321608040201,0.0266915702338871,0.0692500000000038,1.49125,0.0621042713567877,0.00714572864321607,0.0674999999999955,1.491,0.0604648241205984,0.00716080402010049,0,FALSE,FALSE,11.1954992967651,2239.09985935303,0,"1627;1631;1635;1639",409,TRUE,1
"HPC","AD_Stan_WCP","NicoStan_BridgeStan",2500,25,128,16,8,200,"229e14792b0f4550a6f1e0887b422826","NicoStan_BridgeStan_state_allocation_thread_setup_sampling_model_load_divergence_check","iteration_difference","main_scaling","two_run_difference",100,4,1.41633165829145,1.41758793969849,0.00552763819095169,0.065250000000006,1.4745,0.0581683417085488,0.00708165829145725,0.0655000000000001,1.476,0.0584271356784064,0.00708793969849246,0,FALSE,FALSE,11.2967890722016,2259.35781444032,0,"1628;1632;1636;1640",410,TRUE,1
"HPC","AD_Stan_WCP","NicoStan_BridgeStan",10000,10,8,4,2,80,"b97502ef4c1796520d0acd01a82ea24d","NicoStan_BridgeStan_state_allocation_thread_setup_sampling_model_load_divergence_check","iteration_difference","main_scaling","two_run_difference",1000,4,2.92151898734175,2.91898734177212,0.0336369233238536,0.113,2.99799999999998,0.0764810126582277,0.0365189873417719,0.111500000000007,2.99849999999995,0.0750126582278551,0.0364873417721515,0,FALSE,FALSE,1.36915077989602,109.532062391682,0,"1705;1708;1711;1714",427,TRUE,1
"HPC","AD_Stan_WCP","NicoStan_BridgeStan",10000,10,16,8,2,80,"b97502ef4c1796520d0acd01a82ea24d","NicoStan_BridgeStan_state_allocation_thread_setup_sampling_model_load_divergence_check","iteration_difference","main_scaling","two_run_difference",1000,4,3.20025316455694,3.20202531645564,0.0717506051196805,0.122500000000016,3.28274999999999,0.0824968354430548,0.0400031645569617,0.120000000000005,3.28199999999998,0.0799556962025362,0.0400253164556956,0,FALSE,FALSE,2.49980223083619,199.984178466895,0,"1717;1720;1723;1726",430,TRUE,1
"HPC","AD_Stan_WCP","NicoStan_BridgeStan",10000,25,16,4,4,80,"b97502ef4c1796520d0acd01a82ea24d","NicoStan_BridgeStan_state_allocation_thread_setup_sampling_model_load_divergence_check","iteration_difference","main_scaling","two_run_difference",400,4,1.57696202531647,1.57873417721522,0.013135313185867,0.112499999999997,1.66975000000001,0.0927879746835413,0.0197120253164558,0.114499999999992,1.66550000000001,0.0947531645569545,0.0197341772151902,0,FALSE,FALSE,2.53652271632684,202.921817306147,0,"1746;1751;1756;1761",438,TRUE,1
"HPC","AD_Stan_WCP","NicoStan_BridgeStan",10000,25,32,8,4,80,"b97502ef4c1796520d0acd01a82ea24d","NicoStan_BridgeStan_state_allocation_thread_setup_sampling_model_load_divergence_check","iteration_difference","main_scaling","two_run_difference",400,4,1.83544303797467,1.84050632911392,0.0192582640683254,0.121000000000009,1.9335,0.098056962025326,0.0229430379746834,0.115999999999985,1.93349999999998,0.0929936708860614,0.023006329113924,0,FALSE,FALSE,4.35862068965521,348.689655172417,0,"1766;1772;1778;1784",443,TRUE,1
"HPC","AD_Stan_WCP","NicoStan_BridgeStan",10000,25,32,16,2,80,"b97502ef4c1796520d0acd01a82ea24d","NicoStan_BridgeStan_state_allocation_thread_setup_sampling_model_load_divergence_check","iteration_difference","main_scaling","two_run_difference",400,4,3.64708860759494,3.64506329113925,0.0930195165248642,0.140500000000003,3.742,0.0949113924050662,0.0455886075949367,0.138499999999993,3.74250000000001,0.0927151898734109,0.0455632911392406,0,FALSE,FALSE,4.38706094682771,350.964875746217,0,"1789;1794;1799;1804",448,TRUE,1
"HPC","AD_Stan_WCP","NicoStan_BridgeStan",10000,50,32,4,8,80,"b97502ef4c1796520d0acd01a82ea24d","NicoStan_BridgeStan_state_allocation_thread_setup_sampling_model_load_divergence_check","iteration_difference","main_scaling","two_run_difference",200,4,1.07822784810126,1.09367088607593,0.05861985090245,0.104500000000044,1.16925000000003,0.0910221518987785,0.0134778481012657,0.105500000000063,1.18100000000001,0.0914746835443677,0.0136708860759492,0,FALSE,FALSE,3.70979103075843,296.783282460674,0,"1811;1818;1825;1832",455,TRUE,1
"HPC","AD_Stan_WCP","NicoStan_BridgeStan",10000,50,96,8,12,80,"b97502ef4c1796520d0acd01a82ea24d","NicoStan_BridgeStan_state_allocation_thread_setup_sampling_model_load_divergence_check","iteration_difference","main_scaling","two_run_difference",200,4,1.27721518987346,1.26582278481018,0.0346024491589134,0.127749999999992,1.38900000000004,0.111784810126574,0.0159651898734183,0.127999999999986,1.37850000000003,0.112253164556948,0.0158227848101273,0,FALSE,FALSE,6.26362735381543,501.090188305234,0,"1840;1846;1852;1858",463,TRUE,1
"HPC","AD_Stan_WCP","NicoStan_BridgeStan",10000,50,128,8,16,80,"b97502ef4c1796520d0acd01a82ea24d","NicoStan_BridgeStan_state_allocation_thread_setup_sampling_model_load_divergence_check","iteration_difference","main_scaling","two_run_difference",200,4,1.3372151898734,1.30835443037972,0.0804558927009236,0.120249999999999,1.44074999999998,0.103534810126581,0.0167151898734175,0.121500000000026,1.40949999999998,0.104291139240533,0.0163544303797465,0,FALSE,FALSE,5.98258235516858,478.606588413487,0,"1841;1847;1853;1859",464,TRUE,1
"HPC","AD_Stan_WCP","NicoStan_BridgeStan",10000,50,64,16,4,80,"b97502ef4c1796520d0acd01a82ea24d","NicoStan_BridgeStan_state_allocation_thread_setup_sampling_model_load_divergence_check","iteration_difference","main_scaling","two_run_difference",200,4,2.3701265822785,2.37265822784812,0.0315986149540892,0.136999999999972,2.47749999999999,0.107373417721491,0.0296265822784813,0.137499999999989,2.48149999999998,0.108126582278469,0.0296582278481015,0,FALSE,FALSE,6.75069429609052,540.055543687242,0,"1862;1867;1872;1877",467,TRUE,1
"HPC","AD_Stan_WCP","NicoStan_BridgeStan",10000,50,96,16,6,80,"b97502ef4c1796520d0acd01a82ea24d","NicoStan_BridgeStan_state_allocation_thread_setup_sampling_model_load_divergence_check","iteration_difference","main_scaling","two_run_difference",200,4,2.17949367088611,2.18177215189872,0.0383687013039706,0.143749999999983,2.29600000000002,0.116506329113907,0.0272436708860764,0.14749999999998,2.29199999999997,0.120132911392384,0.027272151898734,0,FALSE,FALSE,7.34115460564513,587.29236845161,0,"1863;1868;1873;1878",468,TRUE,1
"HPC","AD_Stan_WCP","NicoStan_BridgeStan",10000,100,64,4,16,80,"b97502ef4c1796520d0acd01a82ea24d","NicoStan_BridgeStan_state_allocation_thread_setup_sampling_model_load_divergence_check","iteration_difference","main_scaling","two_run_difference",100,4,0.970886075949348,0.959999999999979,0.0536573504148031,0.108250000000027,1.06700000000001,0.0961139240506598,0.0121360759493668,0.107000000000028,1.05349999999999,0.0950253164557243,0.0119999999999997,0,FALSE,FALSE,4.11994784876149,329.595827900919,0,"1884;1891;1898;1905",474,TRUE,1
"HPC","AD_Stan_WCP","NicoStan_BridgeStan",10000,100,96,4,24,80,"b97502ef4c1796520d0acd01a82ea24d","NicoStan_BridgeStan_state_allocation_thread_setup_sampling_model_load_divergence_check","iteration_difference","main_scaling","two_run_difference",100,4,1.02860759493673,1.03493670886081,0.0794850703509301,0.104749999999967,1.12049999999999,0.0918924050632581,0.0128575949367092,0.10549999999995,1.1275,0.0923354430379693,0.0129367088607601,0,FALSE,FALSE,3.888752153581,311.10017228648,0,"1885;1892;1899;1906",475,TRUE,1
"HPC","AD_Stan_WCP","NicoStan_BridgeStan",10000,100,128,4,32,80,"b97502ef4c1796520d0acd01a82ea24d","NicoStan_BridgeStan_state_allocation_thread_setup_sampling_model_load_divergence_check","iteration_difference","main_scaling","two_run_difference",100,4,1.07772151898733,1.08354430379746,0.0660761110300676,0.110750000000024,1.17500000000001,0.0972784810126827,0.0134715189873416,0.109500000000025,1.17650000000003,0.0967215189873672,0.0135443037974683,0,FALSE,FALSE,3.71153394409213,296.92271552737,0,"1886;1893;1900;1907",476,TRUE,1
"HPC","AD_Stan_WCP","NicoStan_BridgeStan",10000,100,64,8,8,80,"b97502ef4c1796520d0acd01a82ea24d","NicoStan_BridgeStan_state_allocation_thread_setup_sampling_model_load_divergence_check","iteration_difference","main_scaling","two_run_difference",100,4,1.32582278481015,1.3225316455696,0.0335593469971233,0.124249999999961,1.43349999999998,0.107677215189834,0.0165727848101268,0.124499999999955,1.42899999999997,0.108094936708816,0.01653164556962,0,FALSE,FALSE,6.03398892495694,482.719113996556,0,"1911;1917;1923;1929",480,TRUE,1
"HPC","AD_Stan_WCP","NicoStan_BridgeStan",10000,100,176,8,22,80,"b97502ef4c1796520d0acd01a82ea24d","NicoStan_BridgeStan_state_allocation_thread_setup_sampling_model_load_divergence_check","iteration_difference","main_scaling","two_run_difference",100,4,1.41265822784808,1.41265822784814,0.00584658500445989,0.121999999999986,1.51699999999997,0.104341772151885,0.017658227848101,0.122500000000002,1.51349999999996,0.104892405063294,0.0176582278481018,0,FALSE,FALSE,5.66308243727606,453.046594982085,0,"1914;1920;1926;1932",483,TRUE,1
"HPC","AD_Stan_WCP","NicoStan_BridgeStan",10000,100,128,16,8,80,"b97502ef4c1796520d0acd01a82ea24d","NicoStan_BridgeStan_state_allocation_thread_setup_sampling_model_load_divergence_check","iteration_difference","main_scaling","two_run_difference",100,4,2.11949367088607,2.11696202531648,0.0293845430451802,0.150999999999982,2.24399999999997,0.124506329113906,0.0264936708860758,0.148500000000013,2.2475,0.122069620253178,0.026462025316456,0,FALSE,FALSE,7.54897276636411,603.917821309129,0,"1936;1941;1946;1951",487,TRUE,1
"HPC","AD_Stan_WCP","NicoStan_BridgeStan",10000,100,176,16,11,80,"b97502ef4c1796520d0acd01a82ea24d","NicoStan_BridgeStan_state_allocation_thread_setup_sampling_model_load_divergence_check","iteration_difference","main_scaling","two_run_difference",100,4,2.10936708860756,2.10177215189877,0.0266003555170669,0.14425,2.22724999999997,0.117882911392405,0.0263670886075946,0.143000000000029,2.21850000000001,0.116746835443068,0.0262721518987346,0,FALSE,FALSE,7.58521363418158,606.817090734526,0,"1937;1942;1947;1952",488,TRUE,1
"HPC","AD_Stan_WCP","NicoStan_BridgeStan",50000,50,8,4,2,20,"3f8ed78629bdab9b833b52bd1450ea30","NicoStan_BridgeStan_state_allocation_thread_setup_sampling_model_load_divergence_check","iteration_difference","main_scaling","two_run_difference",1000,4,3.71815789473676,3.70473684210514,0.216742227040338,0.523000000000025,4.05524999999994,0.337092105263187,0.185907894736838,0.524499999999989,4.04999999999995,0.336263157894803,0.185236842105257,0,FALSE,FALSE,1.07580154292592,21.5160308585184,0,"2057;2064;2071;2078",515,TRUE,1
"HPC","AD_Stan_WCP","NicoStan_BridgeStan",50000,50,16,8,2,20,"3f8ed78629bdab9b833b52bd1450ea30","NicoStan_BridgeStan_state_allocation_thread_setup_sampling_model_load_divergence_check","iteration_difference","main_scaling","two_run_difference",1000,4,3.94578947368425,3.94842105263155,0.115740021337555,0.59499999999997,4.34350000000001,0.397710526315758,0.197289473684212,0.591499999999996,4.34299999999996,0.394078947368419,0.197421052631578,0,FALSE,FALSE,2.02747765772974,40.5495531545948,0,"2085;2091;2097;2103",522,TRUE,1
"HPC","AD_Stan_WCP","NicoStan_BridgeStan",50000,100,16,4,4,20,"3f8ed78629bdab9b833b52bd1450ea30","NicoStan_BridgeStan_state_allocation_thread_setup_sampling_model_load_divergence_check","iteration_difference","main_scaling","two_run_difference",500,4,1.95578947368427,1.96157894736847,0.0340874980807602,0.429499999999905,2.28749999999997,0.331710526315691,0.0977894736842137,0.429499999999848,2.29299999999989,0.33155263157876,0.0980789473684234,0,FALSE,FALSE,2.04520990312157,40.9041980624314,0,"2130;2137;2144;2151",534,TRUE,1
"HPC","AD_Stan_WCP","NicoStan_BridgeStan",50000,250,32,4,8,20,"3f8ed78629bdab9b833b52bd1450ea30","NicoStan_BridgeStan_state_allocation_thread_setup_sampling_model_load_divergence_check","iteration_difference","main_scaling","two_run_difference",200,4,1.17368421052621,1.17263157894716,0.130067103925327,0.407500000000027,1.52249999999992,0.348815789473717,0.0586842105263103,0.408000000000129,1.51499999999987,0.345894736842249,0.0586315789473582,0,FALSE,FALSE,3.40807174887924,68.1614349775849,0,"2203;2210;2217;2224",553,TRUE,1
"HPC","AD_Stan_WCP","NicoStan_BridgeStan",50000,250,64,4,16,20,"3f8ed78629bdab9b833b52bd1450ea30","NicoStan_BridgeStan_state_allocation_thread_setup_sampling_model_load_divergence_check","iteration_difference","main_scaling","two_run_difference",200,4,0.95736842105267,0.952631578947459,0.0809933709085124,0.417249999999967,1.32675,0.369381578947334,0.0478684210526335,0.414499999999975,1.31700000000001,0.364368421052548,0.047631578947373,0,FALSE,FALSE,4.1781198460691,83.562396921382,0,"2204;2211;2218;2225",554,TRUE,1
"HPC","AD_Stan_WCP","NicoStan_BridgeStan",50000,250,96,4,24,20,"3f8ed78629bdab9b833b52bd1450ea30","NicoStan_BridgeStan_state_allocation_thread_setup_sampling_model_load_divergence_check","iteration_difference","main_scaling","two_run_difference",200,4,0.913947368421041,0.926315789473679,0.103134171994941,0.412000000000035,1.28025000000002,0.366302631578982,0.0456973684210521,0.415000000000077,1.28899999999999,0.369921052631657,0.046315789473684,0,FALSE,FALSE,4.37661963720132,87.5323927440264,0,"2205;2212;2219;2226",555,TRUE,1
"HPC","AD_Stan_WCP","NicoStan_BridgeStan",50000,250,128,4,32,20,"3f8ed78629bdab9b833b52bd1450ea30","NicoStan_BridgeStan_state_allocation_thread_setup_sampling_model_load_divergence_check","iteration_difference","main_scaling","two_run_difference",200,4,0.928947368421105,0.959473684210575,0.0838346876158016,0.413249999999948,1.29575,0.366802631578893,0.0464473684210553,0.414999999999964,1.32050000000004,0.366210526315752,0.0479736842105288,0,FALSE,FALSE,4.30594900849834,86.1189801699668,0,"2206;2213;2220;2227",556,TRUE,1
"HPC","AD_Stan_WCP","NicoStan_BridgeStan",50000,250,32,8,4,20,"3f8ed78629bdab9b833b52bd1450ea30","NicoStan_BridgeStan_state_allocation_thread_setup_sampling_model_load_divergence_check","iteration_difference","main_scaling","two_run_difference",200,4,2.27500000000006,2.28947368421048,0.0289473684210064,0.478499999999997,2.63975000000005,0.364749999999994,0.113750000000003,0.476999999999975,2.64999999999998,0.3639736842105,0.114473684210524,0,FALSE,FALSE,3.51648351648343,70.3296703296686,0,"2230;2236;2242;2248",559,TRUE,1
"HPC","AD_Stan_WCP","NicoStan_BridgeStan",50000,250,64,8,8,20,"3f8ed78629bdab9b833b52bd1450ea30","NicoStan_BridgeStan_state_allocation_thread_setup_sampling_model_load_divergence_check","iteration_difference","main_scaling","two_run_difference",200,4,1.49473684210534,1.49210526315803,0.0351122721112631,0.458249999999964,1.87825000000004,0.383513157894697,0.074736842105267,0.460500000000025,1.87850000000003,0.385552631578973,0.0746052631579017,0,FALSE,FALSE,5.35211267605606,107.042253521121,0,"2231;2237;2243;2249",560,TRUE,1
"HPC","AD_Stan_WCP","NicoStan_BridgeStan",50000,250,96,8,12,20,"3f8ed78629bdab9b833b52bd1450ea30","NicoStan_BridgeStan_state_allocation_thread_setup_sampling_model_load_divergence_check","iteration_difference","main_scaling","two_run_difference",200,4,1.45078947368425,1.44894736842102,0.0280136492257901,0.461250000000007,1.83950000000004,0.388710526315794,0.0725394736842125,0.458999999999946,1.84700000000009,0.385263157894674,0.0724473684210508,0,FALSE,FALSE,5.5142390712859,110.284781425718,0,"2232;2238;2244;2250",561,TRUE,1
"HPC","AD_Stan_WCP","NicoStan_BridgeStan",50000,250,32,16,2,20,"3f8ed78629bdab9b833b52bd1450ea30","NicoStan_BridgeStan_state_allocation_thread_setup_sampling_model_load_divergence_check","iteration_difference","main_scaling","two_run_difference",200,4,4.46105263157901,4.4684210526317,0.103665061906062,0.661499999999933,4.89949999999999,0.438447368420982,0.22305263157895,0.658999999999878,4.89499999999998,0.435578947368293,0.223421052631585,0,FALSE,FALSE,3.58659745162808,71.7319490325616,0,"2253;2258;2263;2268",564,TRUE,1
"HPC","AD_Stan_WCP","NicoStan_BridgeStan",50000,250,64,16,4,20,"3f8ed78629bdab9b833b52bd1450ea30","NicoStan_BridgeStan_state_allocation_thread_setup_sampling_model_load_divergence_check","iteration_difference","main_scaling","two_run_difference",200,4,2.81710526315794,2.82789473684213,0.0353154887952917,0.598749999999995,3.27500000000003,0.457894736842099,0.140855263157897,0.601499999999987,3.25900000000001,0.461947368421037,0.141394736842107,0,FALSE,FALSE,5.67958897711342,113.591779542268,0,"2254;2259;2264;2269",565,TRUE,1
"HPC","AD_Stan_WCP","NicoStan_BridgeStan",50000,250,96,16,6,20,"3f8ed78629bdab9b833b52bd1450ea30","NicoStan_BridgeStan_state_allocation_thread_setup_sampling_model_load_divergence_check","iteration_difference","main_scaling","two_run_difference",200,4,2.58157894736847,2.59105263157895,0.0708659014802771,0.59174999999999,3.04425000000003,0.462671052631567,0.129078947368423,0.593999999999937,3.04750000000001,0.46421052631572,0.129552631578947,0,FALSE,FALSE,6.19775739041783,123.955147808357,0,"2255;2260;2265;2270",566,TRUE,1
"HPC","AD_Stan_WCP","NicoStan_BridgeStan",50000,500,176,4,44,20,"3f8ed78629bdab9b833b52bd1450ea30","NicoStan_BridgeStan_state_allocation_thread_setup_sampling_model_load_divergence_check","iteration_difference","main_scaling","two_run_difference",100,4,1.02868421052628,1.01263157894724,0.137376486958097,0.409999999999968,1.38724999999994,0.358565789473654,0.0514342105263142,0.40949999999998,1.37349999999992,0.360868421052685,0.0506315789473619,0,FALSE,FALSE,3.88846252238436,77.7692504476873,0,"2279;2286;2293;2300",575,TRUE,1
"HPC","AD_Stan_WCP","NicoStan_BridgeStan",50000,500,128,8,16,20,"3f8ed78629bdab9b833b52bd1450ea30","NicoStan_BridgeStan_state_allocation_thread_setup_sampling_model_load_divergence_check","iteration_difference","main_scaling","two_run_difference",100,4,1.47210526315791,1.47473684210521,0.0613934828906887,0.473750000000052,1.87225000000007,0.400144736842157,0.0736052631578954,0.475999999999999,1.87150000000008,0.403026315789463,0.0737368421052607,0,FALSE,FALSE,5.43439399356448,108.68787987129,0,"2305;2311;2317;2323",580,TRUE,1
"HPC","AD_Stan_WCP","NicoStan_BridgeStan",50000,500,176,8,22,20,"3f8ed78629bdab9b833b52bd1450ea30","NicoStan_BridgeStan_state_allocation_thread_setup_sampling_model_load_divergence_check","iteration_difference","main_scaling","two_run_difference",100,4,1.51421052631582,1.51210526315804,0.0366712831811291,0.46225000000004,1.90075000000007,0.386539473684249,0.0757105263157912,0.462999999999965,1.8995000000001,0.387394736842063,0.075605263157902,0,FALSE,FALSE,5.28328119568983,105.665623913797,0,"2306;2312;2318;2324",581,TRUE,1
"HPC","AD_Stan_WCP","NicoStan_BridgeStan",50000,500,128,16,8,20,"3f8ed78629bdab9b833b52bd1450ea30","NicoStan_BridgeStan_state_allocation_thread_setup_sampling_model_load_divergence_check","iteration_difference","main_scaling","two_run_difference",100,4,2.54368421052636,2.56052631578948,0.0554508092254881,0.58824999999996,3.00475,0.461065789473642,0.127184210526318,0.58949999999993,2.99000000000001,0.463157894736768,0.128026315789474,0,FALSE,FALSE,6.29008897165311,125.801779433062,0,"2328;2333;2338;2343",585,TRUE,1
"HPC","AD_Stan_WCP","NicoStan_BridgeStan",50000,500,176,16,11,20,"3f8ed78629bdab9b833b52bd1450ea30","NicoStan_BridgeStan_state_allocation_thread_setup_sampling_model_load_divergence_check","iteration_difference","main_scaling","two_run_difference",100,4,2.4876315789473,2.48157894736838,0.0479409840337483,0.59925000000004,2.96249999999998,0.474868421052675,0.124381578947365,0.601999999999975,2.96550000000002,0.477921052631557,0.124078947368419,0,FALSE,FALSE,6.43182058605751,128.63641172115,0,"2329;2334;2339;2344",586,TRUE,1
"HPC","AD_Stan_WCP","NicoStan_BridgeStan",500,8,64,8,8,800,"5fff1836d43ae39c037ca22d13a50ed5","NicoStan_BridgeStan_state_allocation_thread_setup_sampling_model_load_divergence_check","iteration_difference","main_scaling","two_run_difference",63,4,0.997496871088836,1.00325406758432,0.0746917337288237,0.0147500000000491,1.01100000000002,0.0135031289111881,0.00124687108886104,0.0145000000001119,1.01649999999995,0.0132459324156315,0.0012540675844804,0,FALSE,FALSE,8.02007528230886,6416.06022584709,0,"2349;2350;2351;2352",588,TRUE,1
"HPC","AD_Stan_WCP","NicoStan_BridgeStan",500,6,96,16,6,800,"5fff1836d43ae39c037ca22d13a50ed5","NicoStan_BridgeStan_state_allocation_thread_setup_sampling_model_load_divergence_check","iteration_difference","main_scaling","two_run_difference",84,4,1.45782227784738,1.47784730913642,0.107232126041479,0.0249999999999773,1.48100000000005,0.023177722152668,0.00182227784730923,0.0254999999999654,1.50149999999996,0.0236526908635449,0.00184730913642052,0,FALSE,FALSE,10.9752747252742,8780.21978021933,0,"2353;2355;2357;2359",589,TRUE,1
"HPC","AD_Stan_WCP","NicoStan_BridgeStan",500,8,128,16,8,800,"5fff1836d43ae39c037ca22d13a50ed5","NicoStan_BridgeStan_state_allocation_thread_setup_sampling_model_load_divergence_check","iteration_difference","main_scaling","two_run_difference",63,4,1.49536921151421,1.49586983729642,0.0856855309857919,0.0285000000001219,1.52199999999993,0.0266307884857291,0.00186921151439276,0.0280000000001337,1.52299999999991,0.0262040050063917,0.00186983729662053,0,FALSE,FALSE,10.6996986943435,8559.75895547479,0,"2354;2356;2358;2360",590,TRUE,1
"HPC","AD_Stan_WCP","NicoStan_BridgeStan",10000,44,176,4,44,80,"b97502ef4c1796520d0acd01a82ea24d","NicoStan_BridgeStan_state_allocation_thread_setup_sampling_model_load_divergence_check","iteration_difference","main_scaling","two_run_difference",228,4,1.08886075949388,1.09316455696208,0.0164822894497496,0.101499999999874,1.17675000000008,0.0878892405062,0.0136107594936735,0.107499999999845,1.17900000000009,0.0940126582276886,0.013664556962026,0,FALSE,FALSE,3.67356428737431,293.885142989945,0,"2442;2444;2446;2448",612,TRUE,1
"HPC","MD_BayesMVP_WCP","BayesMVP_NicoStan",500,2,16,8,2,2000,"5fff1836d43ae39c037ca22d13a50ed5","state_allocation_thread_setup_sampling_divergence_check","iteration_difference","main_scaling","two_run_difference",NA,4,4.68059029514725,4.66433216608264,0.0638461064299758,0.00750000000013262,4.68574999999981,0.005159704852559,0.00234029514757362,0.00799999999990497,4.66999999999996,0.0056678339173184,0.00233216608304132,0,FALSE,FALSE,1.70918612729131,3418.37225458261,0,"3642;3645;3648;3651",935,TRUE,1
"HPC","MD_BayesMVP_WCP","BayesMVP_NicoStan",500,2,32,16,2,2000,"5fff1836d43ae39c037ca22d13a50ed5","state_allocation_thread_setup_sampling_divergence_check","iteration_difference","main_scaling","two_run_difference",NA,4,4.78964482241127,4.78539269634806,0.219071290296367,0.00950000000010931,4.79675000000017,0.00710517758890367,0.00239482241120564,0.00900000000000745,4.7930000000001,0.00663881940971218,0.00239269634817403,0,FALSE,FALSE,3.34053997597781,6681.07995195563,0,"3643;3646;3649;3652",936,TRUE,1
"HPC","MD_BayesMVP_WCP","BayesMVP_NicoStan",500,4,8,4,2,2000,"5fff1836d43ae39c037ca22d13a50ed5","state_allocation_thread_setup_sampling_divergence_check","iteration_difference","main_scaling","two_run_difference",NA,4,4.72361180590284,4.67383691845885,0.177690224611554,0.00425000000000342,4.7254999999999,0.001888194097052,0.00236180590295142,0.00449999999995221,4.67599999999957,0.00216308154072278,0.00233691845922942,0,FALSE,FALSE,0.846809637278282,1693.61927455656,0,"3653;3659;3665;3671",937,TRUE,1
"HPC","MD_BayesMVP_WCP","BayesMVP_NicoStan",500,4,16,4,4,2000,"5fff1836d43ae39c037ca22d13a50ed5","state_allocation_thread_setup_sampling_divergence_check","iteration_difference","main_scaling","two_run_difference",NA,4,4.07503751875897,4.11405702851425,0.200935391617397,0.00450000000023199,4.07749999999983,0.0024624812408525,0.00203751875937949,0.00450000000000195,4.1165,0.00244297148574482,0.00205702851425713,0,FALSE,FALSE,0.981586054505376,1963.17210901075,0,"3654;3660;3666;3672",938,TRUE,1
"HPC","MD_BayesMVP_WCP","BayesMVP_NicoStan",500,4,32,8,4,2000,"5fff1836d43ae39c037ca22d13a50ed5","state_allocation_thread_setup_sampling_divergence_check","iteration_difference","main_scaling","two_run_difference",NA,4,4.07328664332206,4.10255127563816,0.179714233710152,0.00749999999980311,4.07875000000021,0.00546335667814208,0.00203664332166103,0.0069999999996071,4.10900000000014,0.0050160080036087,0.00205127563781908,0,FALSE,FALSE,1.96401596561233,3928.03193122467,0,"3656;3662;3668;3674",940,TRUE,1
"HPC","MD_BayesMVP_WCP","BayesMVP_NicoStan",500,4,64,16,4,2000,"5fff1836d43ae39c037ca22d13a50ed5","state_allocation_thread_setup_sampling_divergence_check","iteration_difference","main_scaling","two_run_difference",NA,4,4.30165082541262,4.30265132566273,0.229337267868911,0.00950000000005957,4.30899999999997,0.00734917458735326,0.00215082541270631,0.00950000000000983,4.3094999999999,0.00731515757879928,0.00215132566283136,0,FALSE,FALSE,3.71950226770562,7439.00453541124,0,"3658;3664;3670;3676",942,TRUE,1
"HPC","MD_BayesMVP_WCP","BayesMVP_NicoStan",2500,4,8,4,2,400,"229e14792b0f4550a6f1e0887b422826","state_allocation_thread_setup_sampling_divergence_check","iteration_difference","main_scaling","two_run_difference",NA,4,2.43182957393489,2.43759398496254,0.0376207089642977,0.0115000000000336,2.43725000000009,0.00542042606519637,0.00607957393483723,0.0115000000000691,2.4445000000001,0.00546240601503566,0.00609398496240635,0,FALSE,FALSE,1.64485210759555,657.940843038221,0,"3729;3735;3741;3747",956,TRUE,1
"HPC","MD_BayesMVP_WCP","BayesMVP_NicoStan",2500,4,16,4,4,400,"229e14792b0f4550a6f1e0887b422826","state_allocation_thread_setup_sampling_divergence_check","iteration_difference","main_scaling","two_run_difference",NA,4,1.72280701754355,1.72380952380909,0.0170622521790345,0.0102500000002621,1.72874999999995,0.00594298245640324,0.00430701754385886,0.0100000000002112,1.72999999999988,0.00570426065184073,0.00430952380952271,0,FALSE,FALSE,2.32179226069289,928.716904277155,0,"3730;3736;3742;3748",957,TRUE,1
"HPC","MD_BayesMVP_WCP","BayesMVP_NicoStan",2500,4,32,8,4,400,"229e14792b0f4550a6f1e0887b422826","state_allocation_thread_setup_sampling_divergence_check","iteration_difference","main_scaling","two_run_difference",NA,4,1.7245614035088,1.74235588972419,0.0422115458533047,0.0200000000000884,1.74025000000012,0.0156885964913164,0.00431140350877201,0.0165000000001783,1.75450000000015,0.0122531328322583,0.00435588972431047,0,FALSE,FALSE,4.63886063072219,1855.54425228888,0,"3732;3738;3744;3750",959,TRUE,1
"HPC","MD_BayesMVP_WCP","BayesMVP_NicoStan",2500,4,32,16,2,400,"229e14792b0f4550a6f1e0887b422826","state_allocation_thread_setup_sampling_divergence_check","iteration_difference","main_scaling","two_run_difference",NA,4,2.58746867167926,2.58796992481198,0.122045273635143,0.0272499999999667,2.60825000000003,0.0207813283207685,0.00646867167919815,0.0235000000000696,2.61350000000002,0.0170075187970622,0.00646992481202995,0,FALSE,FALSE,6.18364974815948,2473.45989926379,0,"3733;3739;3745;3751",960,TRUE,1
"HPC","MD_BayesMVP_WCP","BayesMVP_NicoStan",2500,4,64,16,4,400,"229e14792b0f4550a6f1e0887b422826","state_allocation_thread_setup_sampling_divergence_check","iteration_difference","main_scaling","two_run_difference",NA,4,1.90075187969936,1.91528822055139,0.117599867666583,0.0332499999998959,1.92925000000001,0.0284981203006475,0.00475187969924841,0.0250000000001762,1.93550000000019,0.0202117794487977,0.00478822055137848,0,FALSE,FALSE,8.41772151898683,3367.08860759473,0,"3734;3740;3746;3752",961,TRUE,1
"HPC","MD_BayesMVP_WCP","BayesMVP_NicoStan",2500,10,16,8,2,400,"229e14792b0f4550a6f1e0887b422826","state_allocation_thread_setup_sampling_divergence_check","iteration_difference","main_scaling","two_run_difference",NA,4,2.48421052631569,2.47167919799498,0.0374298841155802,0.0175000000000125,2.49549999999991,0.0112894736842233,0.00621052631578923,0.0175000000000125,2.483,0.0113208020050251,0.00617919799498745,0,FALSE,FALSE,3.22033898305097,1288.13559322039,0,"3756;3766;3776;3786",965,TRUE,1
"HPC","MD_BayesMVP_WCP","BayesMVP_NicoStan",10000,10,8,4,2,200,"b97502ef4c1796520d0acd01a82ea24d","state_allocation_thread_setup_sampling_divergence_check","iteration_difference","main_scaling","two_run_difference",NA,4,4.05804020100518,4.0874371859301,0.0994632193159779,0.0295000000000059,4.06725000000016,0.00920979899497997,0.0202902010050259,0.0289999999999964,4.09750000000022,0.00903768844220586,0.0204371859296505,0,FALSE,FALSE,0.985697480032159,197.139496006432,0,"3857;3867;3877;3887",988,TRUE,1
"HPC","MD_BayesMVP_WCP","BayesMVP_NicoStan",10000,10,16,8,2,200,"b97502ef4c1796520d0acd01a82ea24d","state_allocation_thread_setup_sampling_divergence_check","iteration_difference","main_scaling","two_run_difference",NA,4,3.99447236180915,3.96381909547758,0.0877139960749082,0.0515000000000256,4.02600000000013,0.0315276381909799,0.0199723618090458,0.0515000000000327,3.99300000000024,0.0318316582914889,0.0198190954773879,0,FALSE,FALSE,2.00276764372872,400.553528745744,0,"3860;3870;3880;3890",991,TRUE,1
"HPC","MD_BayesMVP_WCP","BayesMVP_NicoStan",10000,10,32,16,2,200,"b97502ef4c1796520d0acd01a82ea24d","state_allocation_thread_setup_sampling_divergence_check","iteration_difference","main_scaling","two_run_difference",NA,4,4.26633165829144,4.17989949748746,0.283690187626983,0.0615000000001729,4.30650000000016,0.0401683417087157,0.0213316582914572,0.062500000000199,4.22150000000022,0.0407185929650254,0.0208994974874373,0,FALSE,FALSE,3.7502944640754,750.05889281508,0,"3863;3873;3883;3893",994,TRUE,1
"HPC","MD_BayesMVP_WCP","BayesMVP_NicoStan",10000,25,176,8,22,200,"b97502ef4c1796520d0acd01a82ea24d","state_allocation_thread_setup_sampling_divergence_check","iteration_difference","main_scaling","two_run_difference",NA,4,2.695477386935,2.68793969849269,0.206890388624197,0.0849999999998516,2.76700000000018,0.0715226130651766,0.013477386934675,0.0845000000000198,2.76050000000021,0.0717964824120803,0.0134396984924634,0,FALSE,FALSE,2.96793437732999,593.586875465997,0,"3907;3923;3939;3955",1008,TRUE,1
"HPC","MD_BayesMVP_WCP","BayesMVP_NicoStan",10000,25,64,16,4,200,"b97502ef4c1796520d0acd01a82ea24d","state_allocation_thread_setup_sampling_divergence_check","iteration_difference","main_scaling","two_run_difference",NA,4,2.96984924623111,3.00100502512542,0.115103534623711,0.047499999999971,3.00249999999993,0.0326507537688155,0.0148492462311556,0.0464999999999236,3.03700000000003,0.0320653266330897,0.0150050251256271,0,FALSE,FALSE,5.38747884940786,1077.49576988157,0,"3909;3925;3941;3957",1010,TRUE,1
"HPC","MD_BayesMVP_WCP","BayesMVP_NicoStan",10000,25,128,16,8,200,"b97502ef4c1796520d0acd01a82ea24d","state_allocation_thread_setup_sampling_divergence_check","iteration_difference","main_scaling","two_run_difference",NA,4,3.1517587939698,3.22412060301507,0.176899649108673,0.0482499999999106,3.18424999999986,0.0324912060300616,0.015758793969849,0.0459999999999923,3.25249999999994,0.0297688442210978,0.0161206030150754,0,FALSE,FALSE,5.07653061224497,1015.30612244899,0,"3911;3927;3943;3959",1012,TRUE,1
"HPC","MD_BayesMVP_WCP","BayesMVP_NicoStan",10000,25,176,16,11,200,"b97502ef4c1796520d0acd01a82ea24d","state_allocation_thread_setup_sampling_divergence_check","iteration_difference","main_scaling","two_run_difference",NA,4,3.23944723618087,3.25979899497463,0.109823619545439,0.0652499999999776,3.28849999999994,0.0490527638190733,0.0161972361809043,0.0655000000000996,3.30899999999986,0.0492010050252264,0.0162989949748731,0,FALSE,FALSE,4.93911424804163,987.822849608325,0,"3912;3928;3944;3960",1013,TRUE,1
"HPC","MD_BayesMVP_WCP","BayesMVP_NicoStan",10000,50,16,4,4,200,"b97502ef4c1796520d0acd01a82ea24d","state_allocation_thread_setup_sampling_divergence_check","iteration_difference","main_scaling","two_run_difference",NA,4,2.70150753768832,2.70301507537689,0.0703469727974037,0.0254999999999654,2.71349999999984,0.0119924623115239,0.0135075376884416,0.0249999999999488,2.71899999999997,0.0117939698491963,0.0135150753768845,0,FALSE,FALSE,1.48065476190483,296.130952380966,0,"3962;3980;3998;4016",1015,TRUE,1
"HPC","MD_BayesMVP_WCP","BayesMVP_NicoStan",10000,50,64,4,16,200,"b97502ef4c1796520d0acd01a82ea24d","state_allocation_thread_setup_sampling_divergence_check","iteration_difference","main_scaling","two_run_difference",NA,4,1.5994974874372,1.59698492462294,0.0128836747224618,0.0219999999999061,1.61349999999992,0.0140025125627201,0.00799748743718598,0.0194999999998799,1.61199999999971,0.0115150753767652,0.00798492462311471,0,FALSE,FALSE,2.50078542255732,500.157084511464,0,"3964;3982;4000;4018",1017,TRUE,1
"HPC","MD_BayesMVP_WCP","BayesMVP_NicoStan",10000,50,128,4,32,200,"b97502ef4c1796520d0acd01a82ea24d","state_allocation_thread_setup_sampling_divergence_check","iteration_difference","main_scaling","two_run_difference",NA,4,2.0243718592965,1.98643216080424,0.108543876784971,0.0372499999998439,2.05149999999986,0.0271281407033614,0.0101218592964825,0.0324999999996294,2.00899999999984,0.0225678391956082,0.00993216080402118,0,FALSE,FALSE,1.97592155889287,395.184311778574,0,"3966;3984;4002;4020",1019,TRUE,1
"HPC","MD_BayesMVP_WCP","BayesMVP_NicoStan",10000,50,32,8,4,200,"b97502ef4c1796520d0acd01a82ea24d","state_allocation_thread_setup_sampling_divergence_check","iteration_difference","main_scaling","two_run_difference",NA,4,2.82437185929668,2.82914572864321,0.0465676704618916,0.0375000000000227,2.84775000000022,0.0233781407035393,0.0141218592964834,0.0395000000002312,2.85849999999999,0.025188442211287,0.0141457286432161,0,FALSE,FALSE,2.83248821279226,566.497642558452,0,"3969;3987;4005;4023",1022,TRUE,1
"HPC","MD_BayesMVP_WCP","BayesMVP_NicoStan",10000,50,96,8,12,200,"b97502ef4c1796520d0acd01a82ea24d","state_allocation_thread_setup_sampling_divergence_check","iteration_difference","main_scaling","two_run_difference",NA,4,2.14673366834178,2.13115577889444,0.0400079114756327,0.0247499999999405,2.16075000000001,0.0140163316582317,0.0107336683417089,0.0245000000001596,2.14500000000012,0.0138492462308596,0.0106557788944722,0,FALSE,FALSE,3.72659176029951,745.318352059902,0,"3971;3989;4007;4025",1024,TRUE,1
"HPC","MD_BayesMVP_WCP","BayesMVP_NicoStan",10000,50,96,16,6,200,"b97502ef4c1796520d0acd01a82ea24d","state_allocation_thread_setup_sampling_divergence_check","iteration_difference","main_scaling","two_run_difference",NA,4,3.20804020100494,3.13869346733653,0.196387498656107,0.0397499999999074,3.23174999999983,0.0237097989948826,0.0160402010050247,0.0374999999999837,3.16499999999968,0.0216256281405115,0.0156934673366827,0,FALSE,FALSE,4.98746867167933,997.493734335865,0,"3976;3994;4012;4030",1029,TRUE,1
"HPC","MD_BayesMVP_WCP","BayesMVP_NicoStan",50000,50,8,4,2,100,"3f8ed78629bdab9b833b52bd1450ea30","state_allocation_thread_setup_sampling_divergence_check","iteration_difference","main_scaling","two_run_difference",NA,4,9.71161616161615,9.72727272727249,0.0558486300881151,0.135999999999996,9.75049999999999,0.0388838383838341,0.0971161616161615,0.135999999999967,9.76849999999979,0.0385454545454193,0.0972727272727249,0,FALSE,FALSE,0.411877892766135,41.1877892766135,0,"4233;4251;4269;4287",1082,TRUE,1
"HPC","MD_BayesMVP_WCP","BayesMVP_NicoStan",50000,50,64,4,16,100,"3f8ed78629bdab9b833b52bd1450ea30","state_allocation_thread_setup_sampling_divergence_check","iteration_difference","main_scaling","two_run_difference",NA,4,3.26161616161606,3.29040404040392,0.0971764070632983,0.0955000000001291,3.32450000000003,0.0628838383839685,0.0326161616161606,0.0940000000002783,3.35449999999986,0.0616717171719963,0.0329040404040392,0,FALSE,FALSE,1.22638587798084,122.638587798084,0,"4236;4254;4272;4290",1085,TRUE,1
"HPC","MD_BayesMVP_WCP","BayesMVP_NicoStan",50000,50,16,8,2,100,"3f8ed78629bdab9b833b52bd1450ea30","state_allocation_thread_setup_sampling_divergence_check","iteration_difference","main_scaling","two_run_difference",NA,4,9.69924242424228,9.62121212121216,0.354856957366264,0.173250000000138,9.77549999999999,0.0762575757577152,0.0969924242424228,0.175500000000284,9.69250000000005,0.0812272727275338,0.0962121212121216,0,FALSE,FALSE,0.824806685932997,82.4806685932997,0,"4240;4258;4276;4294",1089,TRUE,1
"HPC","MD_BayesMVP_WCP","BayesMVP_NicoStan",50000,50,64,8,8,100,"3f8ed78629bdab9b833b52bd1450ea30","state_allocation_thread_setup_sampling_divergence_check","iteration_difference","main_scaling","two_run_difference",NA,4,4.29898989898973,4.30050505050493,0.199630648984822,0.127000000000038,4.38299999999987,0.0840101010101407,0.0429898989898973,0.1280000000001,4.38249999999982,0.0853131313132326,0.0430050505050493,0,FALSE,FALSE,1.86090225563917,186.090225563917,0,"4242;4260;4278;4296",1091,TRUE,1
"HPC","MD_BayesMVP_WCP","BayesMVP_NicoStan",50000,100,16,4,4,100,"3f8ed78629bdab9b833b52bd1450ea30","state_allocation_thread_setup_sampling_divergence_check","iteration_difference","main_scaling","two_run_difference",NA,4,5.9159090909091,5.82171717171719,0.209251674560785,0.104250000000178,5.96100000000018,0.0450909090910871,0.059159090909091,0.10100000000017,5.87050000000022,0.0417828282831919,0.0582171717171719,0,FALSE,FALSE,0.676142912024586,67.6142912024586,0,"4306;4324;4342;4360",1101,TRUE,1
"HPC","MD_BayesMVP_WCP","BayesMVP_NicoStan",50000,100,32,8,4,100,"3f8ed78629bdab9b833b52bd1450ea30","state_allocation_thread_setup_sampling_divergence_check","iteration_difference","main_scaling","two_run_difference",NA,4,6.2444444444442,6.27222222222233,0.165707883978991,0.154250000000133,6.33624999999989,0.0918055555556905,0.062444444444442,0.156999999999869,6.36649999999997,0.0942777777776453,0.0627222222222233,0,FALSE,FALSE,1.28113879003564,128.113879003564,0,"4313;4331;4349;4367",1108,TRUE,1
"HPC","MD_BayesMVP_WCP","BayesMVP_NicoStan",50000,100,96,8,12,100,"3f8ed78629bdab9b833b52bd1450ea30","state_allocation_thread_setup_sampling_divergence_check","iteration_difference","main_scaling","two_run_difference",NA,4,4.83762626262642,4.82626262626299,0.120283691802209,0.142749999999864,4.93200000000002,0.0943737373736003,0.0483762626262642,0.1394999999996,4.91750000000002,0.0912373737369704,0.0482626262626299,0,FALSE,FALSE,1.65370360703654,165.370360703654,0,"4315;4333;4351;4369",1110,TRUE,1
"HPC","MD_BayesMVP_WCP","BayesMVP_NicoStan",50000,100,128,8,16,100,"3f8ed78629bdab9b833b52bd1450ea30","state_allocation_thread_setup_sampling_divergence_check","iteration_difference","main_scaling","two_run_difference",NA,4,5.06893939393976,5.13787878787879,0.186476747949944,0.136749999999807,5.15500000000017,0.0860606060604098,0.0506893939393976,0.133499999999856,5.22800000000001,0.0819999999995998,0.0513787878787879,0,FALSE,FALSE,1.57823942609464,157.823942609464,0,"4316;4334;4352;4370",1111,TRUE,1
"HPC","MD_BayesMVP_WCP","BayesMVP_NicoStan",50000,100,176,8,22,100,"3f8ed78629bdab9b833b52bd1450ea30","state_allocation_thread_setup_sampling_divergence_check","iteration_difference","main_scaling","two_run_difference",NA,4,4.97550505050461,5.03232323232286,0.202019149829267,0.170750000000254,5.09649999999982,0.120994949495208,0.0497550505050461,0.173000000000172,5.15049999999997,0.123813131313309,0.0503232323232286,0,FALSE,FALSE,1.60787697304993,160.787697304993,0,"4317;4335;4353;4371",1112,TRUE,1
"HPC","MD_BayesMVP_WCP","BayesMVP_NicoStan",50000,100,32,16,2,100,"3f8ed78629bdab9b833b52bd1450ea30","state_allocation_thread_setup_sampling_divergence_check","iteration_difference","main_scaling","two_run_difference",NA,4,10.5608585858586,10.6964646464645,0.361202456012696,0.25525000000016,10.7105000000002,0.149641414141574,0.105608585858586,0.258000000000209,10.8475000000001,0.151035353535564,0.106964646464645,0,FALSE,FALSE,1.51502833504698,151.502833504698,0,"4318;4336;4354;4372",1113,TRUE,1
"HPC","MD_BayesMVP_WCP","BayesMVP_NicoStan",50000,100,64,16,4,100,"3f8ed78629bdab9b833b52bd1450ea30","state_allocation_thread_setup_sampling_divergence_check","iteration_difference","main_scaling","two_run_difference",NA,4,6.78106060606025,6.7641414141412,0.0863321264906517,0.207250000000215,6.92049999999986,0.139439393939613,0.0678106060606025,0.200500000000261,6.91049999999996,0.132520202020468,0.067641414141412,0,FALSE,FALSE,2.35951290358632,235.951290358632,0,"4319;4337;4355;4373",1114,TRUE,1
"HPC","MD_BayesMVP_WCP","BayesMVP_NicoStan",50000,100,96,16,6,100,"3f8ed78629bdab9b833b52bd1450ea30","state_allocation_thread_setup_sampling_divergence_check","iteration_difference","main_scaling","two_run_difference",NA,4,7.13409090909108,7.206565656566,0.172660067261325,0.207249999999931,7.2700000000001,0.13590909090902,0.0713409090909108,0.197999999999865,7.32950000000028,0.125702020201883,0.07206565656566,0,FALSE,FALSE,2.2427524689391,224.27524689391,0,"4320;4338;4356;4374",1115,TRUE,1
"HPC","MD_BayesMVP_WCP","BayesMVP_NicoStan",50000,100,128,16,8,100,"3f8ed78629bdab9b833b52bd1450ea30","state_allocation_thread_setup_sampling_divergence_check","iteration_difference","main_scaling","two_run_difference",NA,4,7.25757575757562,7.22424242424253,0.22945677114054,0.211250000000007,7.39624999999987,0.138674242424251,0.0725757575757562,0.210000000000036,7.37399999999997,0.139262626262666,0.0722424242424253,0,FALSE,FALSE,2.20459290187896,220.459290187896,0,"4321;4339;4357;4375",1116,TRUE,1
"HPC","MD_BayesMVP_WCP","BayesMVP_NicoStan",50000,100,176,16,11,100,"3f8ed78629bdab9b833b52bd1450ea30","state_allocation_thread_setup_sampling_divergence_check","iteration_difference","main_scaling","two_run_difference",NA,4,7.03686868686834,7.12626262626235,0.290522446949009,0.24550000000022,7.21199999999988,0.175131313131537,0.0703686868686834,0.240500000000225,7.30649999999991,0.16912626262649,0.0712626262626235,0,FALSE,FALSE,2.27373860618686,227.373860618686,0,"4322;4340;4358;4376",1117,TRUE,1
"HPC","MD_BayesMVP_WCP","BayesMVP_NicoStan",50000,250,32,4,8,100,"3f8ed78629bdab9b833b52bd1450ea30","state_allocation_thread_setup_sampling_divergence_check","iteration_difference","main_scaling","two_run_difference",NA,4,4.1739898989897,4.16414141414096,0.155341964953482,0.0805000000000575,4.21274999999986,0.0387601010101606,0.041739898989897,0.081000000000131,4.20049999999969,0.0404141414142767,0.0416414141414096,0,FALSE,FALSE,0.958315687579452,95.8315687579452,0,"4379;4397;4415;4433",1120,TRUE,1
"HPC","MD_BayesMVP_WCP","BayesMVP_NicoStan",50000,500,128,4,32,100,"3f8ed78629bdab9b833b52bd1450ea30","state_allocation_thread_setup_sampling_divergence_check","iteration_difference","main_scaling","two_run_difference",NA,4,3.86994949494931,3.89393939393895,0.184997226314753,0.0944999999999538,3.92574999999977,0.0558005050504608,0.0386994949494931,0.0935000000000628,3.95299999999952,0.0560959595960261,0.0389393939393895,0,FALSE,FALSE,1.03360522022844,103.360522022844,0,"4454;4472;4490;4508",1141,TRUE,1
"HPC","MD_BayesMVP_WCP","BayesMVP_NicoStan",500,8,32,4,8,2000,"5fff1836d43ae39c037ca22d13a50ed5","state_allocation_thread_setup_sampling_divergence_check","iteration_difference","main_scaling","two_run_difference",NA,4,3.96898449224594,3.96198099049506,0.0582471047381005,0.00550000000006889,3.97249999999988,0.00351550775394593,0.00198449224612297,0.00500000000010914,3.96499999999986,0.00303651825923884,0.00198099049524753,0,FALSE,FALSE,1.00781446937237,2015.62893874474,0,"4521;4525;4529;4533",1154,TRUE,1
"HPC","MD_BayesMVP_WCP","BayesMVP_NicoStan",500,8,64,8,8,2000,"5fff1836d43ae39c037ca22d13a50ed5","state_allocation_thread_setup_sampling_divergence_check","iteration_difference","main_scaling","two_run_difference",NA,4,4.09529764882428,4.05552776388176,0.093024556281593,0.00925000000000864,4.10249999999988,0.0072023511755965,0.00204764882441214,0.00950000000011642,4.06399999999991,0.00747648824423867,0.00202776388194088,0,FALSE,FALSE,1.95345996457589,3906.91992915178,0,"4522;4526;4530;4534",1155,TRUE,1
"HPC","MD_BayesMVP_WCP","BayesMVP_NicoStan",500,6,96,16,6,2000,"5fff1836d43ae39c037ca22d13a50ed5","state_allocation_thread_setup_sampling_divergence_check","iteration_difference","main_scaling","two_run_difference",NA,4,5.01125562781418,5.06553276638318,0.349541221013051,0.0114999999997565,5.02025000000003,0.00899437218584939,0.00250562781390709,0.0114999999997849,5.07449999999972,0.00902151075516231,0.00253276638319159,0,FALSE,FALSE,3.19281257798834,6385.62515597669,0,"4523;4527;4531;4535",1156,TRUE,1
"HPC","MD_BayesMVP_WCP","BayesMVP_NicoStan",500,8,128,16,8,2000,"5fff1836d43ae39c037ca22d13a50ed5","state_allocation_thread_setup_sampling_divergence_check","iteration_difference","main_scaling","two_run_difference",NA,4,5.59979989995004,5.60680340170101,0.0933776411712155,0.0109999999999388,5.608,0.00820010004996382,0.00279989994997502,0.0109999999997967,5.61549999999988,0.00823911955957659,0.0028034017008505,0,FALSE,FALSE,2.85724495265317,5714.48990530635,0,"4524;4528;4532;4536",1157,TRUE,1
"HPC","MD_BayesMVP_WCP","BayesMVP_NicoStan",2500,8,32,4,8,400,"229e14792b0f4550a6f1e0887b422826","state_allocation_thread_setup_sampling_divergence_check","iteration_difference","main_scaling","two_run_difference",NA,4,1.42255639097748,1.39699248120314,0.0755236172884264,0.0102500000000703,1.42925000000011,0.00669360902262655,0.00355639097744371,0.0100000000002183,1.40300000000025,0.00634837092753745,0.00349248120300785,0,FALSE,FALSE,2.81183932346715,1124.73572938686,0,"4537;4541;4545;4549",1158,TRUE,1
"HPC","MD_BayesMVP_WCP","BayesMVP_NicoStan",2500,8,64,8,8,400,"229e14792b0f4550a6f1e0887b422826","state_allocation_thread_setup_sampling_divergence_check","iteration_difference","main_scaling","two_run_difference",NA,4,1.66466165413572,1.68370927318332,0.213296804053429,0.0177499999996371,1.67825000000002,0.0135883458642978,0.0041616541353393,0.0179999999995744,1.69749999999993,0.0137907268166161,0.00420927318295829,0,FALSE,FALSE,4.80578139114614,1922.31255645845,0,"4538;4542;4546;4550",1159,TRUE,1
"HPC","MD_BayesMVP_WCP","BayesMVP_NicoStan",2500,6,96,16,6,400,"229e14792b0f4550a6f1e0887b422826","state_allocation_thread_setup_sampling_divergence_check","iteration_difference","main_scaling","two_run_difference",NA,4,2.08095238095247,2.06766917293233,0.0463860057173249,0.0224999999998658,2.09824999999995,0.0172976190474847,0.00520238095238116,0.0220000000000482,2.08399999999972,0.0167167919799982,0.00516917293233083,0,FALSE,FALSE,7.68878718535438,3075.51487414175,0,"4539;4543;4547;4551",1160,TRUE,1
"HPC","MD_BayesMVP_WCP","BayesMVP_NicoStan",2500,8,128,16,8,400,"229e14792b0f4550a6f1e0887b422826","state_allocation_thread_setup_sampling_divergence_check","iteration_difference","main_scaling","two_run_difference",NA,4,2.3022556390979,2.32030075187965,0.109122856904898,0.0244999999998186,2.32099999999997,0.0187443609020738,0.00575563909774474,0.0244999999998754,2.34100000000001,0.0186904761903513,0.00580075187969913,0,FALSE,FALSE,6.94970607446068,2779.88242978427,0,"4540;4544;4548;4552",1161,TRUE,1
"HPC","MD_BayesMVP_WCP","BayesMVP_NicoStan",10000,8,32,4,8,200,"b97502ef4c1796520d0acd01a82ea24d","state_allocation_thread_setup_sampling_divergence_check","iteration_difference","main_scaling","two_run_difference",NA,4,1.84296482412038,1.85326633165834,0.0264428585268625,0.0297500000000923,1.86349999999987,0.0205351758794904,0.00921482412060192,0.0284999999997808,1.87449999999978,0.0192236180902331,0.00926633165829171,0,FALSE,FALSE,2.17041581458785,434.08316291757,0,"4565;4569;4573;4577",1165,TRUE,1
"HPC","MD_BayesMVP_WCP","BayesMVP_NicoStan",10000,8,64,8,8,200,"b97502ef4c1796520d0acd01a82ea24d","state_allocation_thread_setup_sampling_divergence_check","iteration_difference","main_scaling","two_run_difference",NA,4,2.08969849246208,2.06733668341642,0.137095091443357,0.0467500000000882,2.12599999999986,0.0363015075377778,0.0104484924623104,0.0454999999998336,2.10499999999968,0.0349396984922948,0.0103366834170821,0,FALSE,FALSE,3.82830347481104,765.660694962209,0,"4566;4570;4574;4578",1166,TRUE,1
"HPC","MD_BayesMVP_WCP","BayesMVP_NicoStan",10000,24,96,4,24,200,"b97502ef4c1796520d0acd01a82ea24d","state_allocation_thread_setup_sampling_divergence_check","iteration_difference","main_scaling","two_run_difference",NA,4,1.82085427135669,1.81507537688446,0.124001190362746,0.0240000000001146,1.83575000000002,0.0148957286433312,0.00910427135678344,0.0240000000002283,1.82900000000006,0.0143793969851536,0.00907537688442231,0,FALSE,FALSE,2.19677107768744,439.354215537487,0,"4582;4588;4594;4600",1170,TRUE,1
"HPC","MD_BayesMVP_WCP","BayesMVP_NicoStan",10000,16,128,8,16,200,"b97502ef4c1796520d0acd01a82ea24d","state_allocation_thread_setup_sampling_divergence_check","iteration_difference","main_scaling","two_run_difference",NA,4,2.3718592964822,2.38442211055225,0.0919181423439159,0.0450000000000159,2.4049999999998,0.0331407035176049,0.011859296482411,0.0449999999999591,2.41799999999967,0.0333592964823727,0.0119221105527613,0,FALSE,FALSE,3.37288135593251,674.576271186502,0,"4584;4590;4596;4602",1172,TRUE,1
"HPC","MD_BayesMVP_WCP","BayesMVP_NicoStan",10000,44,176,4,44,200,"b97502ef4c1796520d0acd01a82ea24d","state_allocation_thread_setup_sampling_divergence_check","iteration_difference","main_scaling","two_run_difference",NA,4,2.52185929648231,2.53869346733652,0.217719427507314,0.0702500000000441,2.57949999999994,0.0576407035176326,0.0126092964824115,0.0625000000001137,2.60399999999981,0.0499748743719732,0.0126934673366826,0,FALSE,FALSE,1.58613131413776,317.226262827551,0,"4606;4608;4610;4612",1176,TRUE,1
"HPC","MD_BayesMVP_WCP","BayesMVP_NicoStan",50000,24,96,4,24,100,"3f8ed78629bdab9b833b52bd1450ea30","state_allocation_thread_setup_sampling_divergence_check","iteration_difference","main_scaling","two_run_difference",NA,4,3.61287878787896,3.68434343434336,0.209544028290934,0.144249999999886,3.72100000000006,0.108121212121096,0.0361287878787896,0.128499999999804,3.7645,0.0931060606058605,0.0368434343434336,0,FALSE,FALSE,1.10715034598443,110.715034598443,0,"4642;4648;4654;4660",1185,TRUE,1
"HPC","MD_BayesMVP_WCP","BayesMVP_NicoStan",50000,44,176,4,44,100,"3f8ed78629bdab9b833b52bd1450ea30","state_allocation_thread_setup_sampling_divergence_check","iteration_difference","main_scaling","two_run_difference",NA,4,4.1002525252526,4.14545454545459,0.187678425800671,0.175000000000011,4.23425000000009,0.133997474747485,0.041002525252526,0.185500000000047,4.28999999999985,0.144545454545262,0.0414545454545459,0,FALSE,FALSE,0.975549670505617,97.5549670505617,0,"4666;4668;4670;4672",1191,TRUE,1
"Laptop","AD_Stan_WCP","NicoStan_BridgeStan",500,4,4,2,2,800,"257aba3ac8b8727679d269bf8597bb85","NicoStan_BridgeStan_state_allocation_thread_setup_sampling_model_load_divergence_check","iteration_difference","main_scaling","two_run_difference",125,4,3.38723404255289,3.38072590738363,0.0841567674298459,0.0132500000000615,3.39624999999976,0.00901595744687038,0.00423404255319111,0.0130000000004138,3.39049999999952,0.00870025031330554,0.00422590738422953,0,FALSE,FALSE,0.590452261306586,472.361809045268,0,"5497;5499;5501;5503",1398,TRUE,1
"Laptop","AD_Stan_WCP","NicoStan_BridgeStan",500,10,8,2,4,800,"257aba3ac8b8727679d269bf8597bb85","NicoStan_BridgeStan_state_allocation_thread_setup_sampling_model_load_divergence_check","iteration_difference","main_scaling","two_run_difference",50,4,2.10638297872359,2.12565707133989,0.0917457358578893,0.0107499999997547,2.11449999999994,0.00811702127635019,0.00263297872340448,0.0109999999992993,2.13400000000001,0.00829349186434309,0.00265707133917486,0,FALSE,FALSE,0.949494949494867,759.595959595894,0,"5518;5521;5524;5527",1404,TRUE,1
"Laptop","AD_Stan_WCP","NicoStan_BridgeStan",500,10,16,2,8,800,"257aba3ac8b8727679d269bf8597bb85","NicoStan_BridgeStan_state_allocation_thread_setup_sampling_model_load_divergence_check","iteration_difference","main_scaling","two_run_difference",50,4,2.05356695869865,2.06007509386769,0.0609531164166226,0.0119999999995564,2.06299999999983,0.00943304130118305,0.00256695869837331,0.0114999999994012,2.07050000000007,0.00889236545622199,0.00257509386733462,0,FALSE,FALSE,0.973915163334827,779.132130667861,0,"5519;5522;5525;5528",1405,TRUE,1
"Laptop","AD_Stan_WCP","NicoStan_BridgeStan",500,10,8,4,2,800,"257aba3ac8b8727679d269bf8597bb85","NicoStan_BridgeStan_state_allocation_thread_setup_sampling_model_load_divergence_check","iteration_difference","main_scaling","two_run_difference",50,4,3.78498122653331,3.7566958698367,0.077584075794259,0.0145000000000621,3.79475000000021,0.00976877346689549,0.00473122653316664,0.0140000000005145,3.76599999999992,0.00932853566919086,0.00469586983729588,0,FALSE,FALSE,1.05680841214201,845.446729713611,0,"5529;5531;5533;5535",1406,TRUE,1
"Laptop","AD_Stan_WCP","NicoStan_BridgeStan",500,10,16,4,4,800,"257aba3ac8b8727679d269bf8597bb85","NicoStan_BridgeStan_state_allocation_thread_setup_sampling_model_load_divergence_check","iteration_difference","main_scaling","two_run_difference",50,4,3.22478097621983,3.24255319148886,0.0488762227147286,0.0175000000003216,3.23824999999987,0.0134690237800468,0.00403097622027478,0.0150000000006187,3.25250000000012,0.0109918648316582,0.00405319148936107,0,FALSE,FALSE,1.24039431809378,992.315454475028,0,"5530;5532;5534;5536",1407,TRUE,1
"Laptop","AD_Stan_WCP","NicoStan_BridgeStan",500,10,16,8,2,800,"257aba3ac8b8727679d269bf8597bb85","NicoStan_BridgeStan_state_allocation_thread_setup_sampling_model_load_divergence_check","iteration_difference","main_scaling","two_run_difference",50,4,6.07008760951193,5.99899874843563,0.184879413637869,0.0190000000001689,6.08150000000021,0.011412390488279,0.00758760951188992,0.0195000000001215,6.01100000000042,0.0118097622028749,0.00749874843554454,0,FALSE,FALSE,1.31793814432989,1054.35051546391,0,"5537;5538;5539;5540",1408,TRUE,1
"Laptop","AD_Stan_WCP","NicoStan_BridgeStan",2500,10,4,2,2,200,"7184208393ceb4c8ae3e26f0d1660bdb","NicoStan_BridgeStan_state_allocation_thread_setup_sampling_model_load_divergence_check","iteration_difference","main_scaling","two_run_difference",250,4,3.92738693467379,3.90753768844304,0.102306670762105,0.0564999999998435,3.96425000000026,0.0368630653264745,0.0196369346733689,0.0564999999996871,3.94450000000052,0.0369623115574719,0.0195376884422152,0,FALSE,FALSE,0.509244450131095,101.848890026219,0,"5561;5564;5567;5570",1414,TRUE,1
"Laptop","AD_Stan_WCP","NicoStan_BridgeStan",2500,25,8,2,4,200,"7184208393ceb4c8ae3e26f0d1660bdb","NicoStan_BridgeStan_state_allocation_thread_setup_sampling_model_load_divergence_check","iteration_difference","main_scaling","two_run_difference",100,4,2.33391959798958,2.36532663316508,0.10836071036634,0.0510000000001938,2.37324999999982,0.0393304020102459,0.0116695979899479,0.0510000000003856,2.40449999999964,0.0391733668345602,0.0118266331658254,0,FALSE,FALSE,0.85692754871367,171.385509742734,0,"5586;5589;5592;5595",1421,TRUE,1
"Laptop","AD_Stan_WCP","NicoStan_BridgeStan",2500,25,8,4,2,200,"7184208393ceb4c8ae3e26f0d1660bdb","NicoStan_BridgeStan_state_allocation_thread_setup_sampling_model_load_divergence_check","iteration_difference","main_scaling","two_run_difference",100,4,4.24145728643265,4.24472361809142,0.171806147315542,0.0674999999997468,4.28775000000023,0.0462927135675835,0.0212072864321632,0.0674999999993418,4.28800000000047,0.0462386934666794,0.0212236180904571,0,FALSE,FALSE,0.943072092885385,188.614418577077,0,"5597;5599;5601;5603",1423,TRUE,1
"Laptop","AD_Stan_WCP","NicoStan_BridgeStan",2500,50,16,2,8,200,"7184208393ceb4c8ae3e26f0d1660bdb","NicoStan_BridgeStan_state_allocation_thread_setup_sampling_model_load_divergence_check","iteration_difference","main_scaling","two_run_difference",50,4,2.12512562814039,2.14422110552755,0.081708398490511,0.0474999999995305,2.16199999999922,0.0368743718588285,0.0106256281407019,0.0464999999992273,2.17999999999914,0.0357788944715895,0.0107211055276378,0,FALSE,FALSE,0.941120832348212,188.224166469642,0,"5611;5614;5617;5620",1428,TRUE,1
"Laptop","AD_Stan_WCP","NicoStan_BridgeStan",2500,50,16,4,4,200,"7184208393ceb4c8ae3e26f0d1660bdb","NicoStan_BridgeStan_state_allocation_thread_setup_sampling_model_load_divergence_check","iteration_difference","main_scaling","two_run_difference",50,4,3.67035175879326,3.71708542713427,0.105238496758842,0.0622500000006099,3.71424999999991,0.0438982412066436,0.0183517587939663,0.0610000000006607,3.75799999999981,0.0423442211061906,0.0185854271356714,0,FALSE,FALSE,1.08981380065738,217.962760131477,0,"5622;5624;5626;5628",1430,TRUE,1
"Laptop","AD_Stan_WCP","NicoStan_BridgeStan",2500,50,16,8,2,200,"7184208393ceb4c8ae3e26f0d1660bdb","NicoStan_BridgeStan_state_allocation_thread_setup_sampling_model_load_divergence_check","iteration_difference","main_scaling","two_run_difference",50,4,7.07839195979875,7.10452261306483,0.235636422887977,0.0879999999999157,7.13099999999967,0.0526080402009219,0.0353919597989938,0.087999999999667,7.15749999999935,0.0522386934673281,0.0355226130653241,0,FALSE,FALSE,1.13020019877897,226.040039755794,0,"5629;5630;5631;5632",1431,TRUE,1
"Laptop","AD_Stan_WCP","NicoStan_BridgeStan",10000,50,4,2,2,80,"b352a26c8e9b174599c6b645056fb577","NicoStan_BridgeStan_state_allocation_thread_setup_sampling_model_load_divergence_check","iteration_difference","main_scaling","two_run_difference",200,4,6.15518987341884,6.08708860759721,0.188387774372087,0.212249999999329,6.29050000000043,0.135310126581594,0.0769398734177355,0.207499999998618,6.21850000000086,0.131411392403652,0.0760886075949651,0,FALSE,FALSE,0.324929050302248,25.9943240241799,0,"5701;5704;5707;5710",1449,TRUE,1
"Laptop","AD_Stan_WCP","NicoStan_BridgeStan",10000,100,8,2,4,80,"b352a26c8e9b174599c6b645056fb577","NicoStan_BridgeStan_state_allocation_thread_setup_sampling_model_load_divergence_check","iteration_difference","main_scaling","two_run_difference",100,4,3.44886075949299,3.44708860759355,0.0344440280716084,0.194500000000488,3.60024999999982,0.151389240506826,0.0431107594936624,0.194499999999266,3.59649999999965,0.151721518986611,0.0430886075949194,0,FALSE,FALSE,0.579901636937646,46.3921309550117,0,"5726;5729;5732;5735",1456,TRUE,1
"Laptop","AD_Stan_WCP","NicoStan_BridgeStan",10000,100,16,2,8,80,"b352a26c8e9b174599c6b645056fb577","NicoStan_BridgeStan_state_allocation_thread_setup_sampling_model_load_divergence_check","iteration_difference","main_scaling","two_run_difference",100,4,3.80050632911356,3.8410126582282,0.094273350506142,0.174000000000746,3.92700000000039,0.126493670886826,0.0475063291139196,0.174500000001444,3.96950000000038,0.126462025317913,0.0480126582278525,0,FALSE,FALSE,0.526245670130612,42.099653610449,0,"5727;5730;5733;5736",1457,TRUE,1
"Laptop","AD_Stan_WCP","NicoStan_BridgeStan",10000,100,8,4,2,80,"b352a26c8e9b174599c6b645056fb577","NicoStan_BridgeStan_state_allocation_thread_setup_sampling_model_load_divergence_check","iteration_difference","main_scaling","two_run_difference",100,4,6.65848101265766,6.63999999999887,0.176946631952346,0.230500000000063,6.80574999999951,0.147268987341842,0.0832310126582208,0.230499999999381,6.78999999999905,0.145803797467729,0.0829999999999858,0,FALSE,FALSE,0.600737614539422,48.0590091631538,0,"5737;5739;5741;5743",1458,TRUE,1
"Laptop","AD_Stan_WCP","NicoStan_BridgeStan",10000,100,16,4,4,80,"b352a26c8e9b174599c6b645056fb577","NicoStan_BridgeStan_state_allocation_thread_setup_sampling_model_load_divergence_check","iteration_difference","main_scaling","two_run_difference",100,4,6.74658227848072,6.75493670886105,0.162785925673549,0.230500000000063,6.89274999999978,0.146167721519054,0.0843322784810091,0.226999999999805,6.90450000000061,0.14277215189855,0.0844367088607631,0,FALSE,FALSE,0.592892791474377,47.4314233179502,0,"5738;5740;5742;5744",1459,TRUE,1
"Laptop","AD_Stan_WCP","NicoStan_BridgeStan",10000,100,16,8,2,80,"b352a26c8e9b174599c6b645056fb577","NicoStan_BridgeStan_state_allocation_thread_setup_sampling_model_load_divergence_check","iteration_difference","main_scaling","two_run_difference",100,4,13.430886075949,13.44253164557,0.138915154986756,0.339249999999936,13.6022499999996,0.171363924050573,0.167886075949363,0.336999999999819,13.6115000000002,0.168968354430193,0.168031645569625,0,FALSE,FALSE,0.595642011611265,47.6513609289012,0,"5745;5746;5747;5748",1460,TRUE,1
"Laptop","AD_Stan_WCP","NicoStan_BridgeStan",50000,500,4,2,2,20,"50597d787bf5578f0fdbdd94f2702741","NicoStan_BridgeStan_state_allocation_thread_setup_sampling_model_load_divergence_check","iteration_difference","main_scaling","two_run_difference",100,4,7.79868421052601,7.76315789473612,0.172606705525122,1.01774999999998,8.42649999999969,0.627815789473677,0.389934210526301,1.01900000000091,8.39400000000023,0.630842105264109,0.388157894736806,0,FALSE,FALSE,0.256453517799909,5.12907035599817,0,"5869;5872;5875;5878",1491,TRUE,1
"Laptop","AD_Stan_WCP","NicoStan_BridgeStan",50000,500,8,2,4,20,"50597d787bf5578f0fdbdd94f2702741","NicoStan_BridgeStan_state_allocation_thread_setup_sampling_model_load_divergence_check","iteration_difference","main_scaling","two_run_difference",100,4,4.25815789473691,4.25842105263152,0.0855221321511813,0.849749999999631,4.8949999999997,0.636842105262785,0.212907894736846,0.850500000000352,4.8960000000003,0.637578947368776,0.212921052631576,0,FALSE,FALSE,0.4696866695507,9.393733391014,0,"5870;5873;5876;5879",1492,TRUE,1
"Laptop","AD_Stan_WCP","NicoStan_BridgeStan",50000,500,16,2,8,20,"50597d787bf5578f0fdbdd94f2702741","NicoStan_BridgeStan_state_allocation_thread_setup_sampling_model_load_divergence_check","iteration_difference","main_scaling","two_run_difference",100,4,4.882368421052,4.8884210526317,0.143810111281613,0.859500000000423,5.49774999999983,0.615381578947823,0.2441184210526,0.856500000000324,5.49200000000053,0.609605263158283,0.244421052631585,0,FALSE,FALSE,0.409637255430441,8.19274510860883,0,"5871;5874;5877;5880",1493,TRUE,1
"Laptop","AD_Stan_WCP","NicoStan_BridgeStan",50000,500,8,4,2,20,"50597d787bf5578f0fdbdd94f2702741","NicoStan_BridgeStan_state_allocation_thread_setup_sampling_model_load_divergence_check","iteration_difference","main_scaling","two_run_difference",100,4,8.51394736842059,8.49157894736747,0.241595764426788,1.11800000000022,9.20624999999978,0.692302631579193,0.42569736842103,1.11650000000043,9.15849999999955,0.700473684211003,0.424578947368374,0,FALSE,FALSE,0.469817327604884,9.39634655209769,0,"5881;5883;5885;5887",1494,TRUE,1
"Laptop","AD_Stan_WCP","NicoStan_BridgeStan",50000,500,16,4,4,20,"50597d787bf5578f0fdbdd94f2702741","NicoStan_BridgeStan_state_allocation_thread_setup_sampling_model_load_divergence_check","iteration_difference","main_scaling","two_run_difference",100,4,9.45447368421122,9.47421052631649,0.112460519388686,1.12099999999913,10.1027499999998,0.648276315788567,0.472723684210561,1.10799999999836,10.1014999999991,0.63073684210356,0.473710526315825,0,FALSE,FALSE,0.423080134717591,8.46160269435182,0,"5882;5884;5886;5888",1495,TRUE,1
"Laptop","AD_Stan_WCP","NicoStan_BridgeStan",50000,500,16,8,2,20,"50597d787bf5578f0fdbdd94f2702741","NicoStan_BridgeStan_state_allocation_thread_setup_sampling_model_load_divergence_check","iteration_difference","main_scaling","two_run_difference",100,4,18.7478947368425,18.7610526315789,0.0859878236589714,1.72199999999975,19.5325000000001,0.78460526315763,0.937394736842123,1.71349999999848,19.564,0.772499999998361,0.938052631578946,0,FALSE,FALSE,0.426714578478979,8.53429156957958,0,"5889;5890;5891;5892",1496,TRUE,1
"Laptop","MD_BayesMVP_WCP","BayesMVP_NicoStan",500,2,4,2,2,2000,"257aba3ac8b8727679d269bf8597bb85","state_allocation_thread_setup_sampling_divergence_check","iteration_difference","main_scaling","two_run_difference",NA,4,7.72236118059007,7.7208604302147,0.193848483375029,0.005250000000105,7.72374999999988,0.00138881940980997,0.00386118059029503,0.00500000000005407,7.72249999999975,0.00121710855427614,0.00386043021510735,0,FALSE,FALSE,0.25898814536504,517.976290730079,0,"6553;6556;6559;6562",1673,TRUE,1
"Laptop","MD_BayesMVP_WCP","BayesMVP_NicoStan",500,2,8,4,2,2000,"257aba3ac8b8727679d269bf8597bb85","state_allocation_thread_setup_sampling_divergence_check","iteration_difference","main_scaling","two_run_difference",NA,4,8.20035017508731,8.15407703851907,0.345927573300143,0.00850000000030882,8.20475000000008,0.00439982491276516,0.00410017508754365,0.00800000000035972,8.15750000000007,0.00380815407739838,0.00407703851925953,0,FALSE,FALSE,0.48778404758275,975.5680951655,0,"6554;6557;6560;6563",1674,TRUE,1
"Laptop","MD_BayesMVP_WCP","BayesMVP_NicoStan",500,2,16,8,2,2000,"257aba3ac8b8727679d269bf8597bb85","state_allocation_thread_setup_sampling_divergence_check","iteration_difference","main_scaling","two_run_difference",NA,4,13.7943971985995,13.7813906953477,0.362118899416952,0.0212499999999869,13.8087500000001,0.0143528014006872,0.00689719859929973,0.0210000000001163,13.7955000000001,0.0141093046524424,0.00689069534767383,0,FALSE,FALSE,0.579945602901172,1159.89120580234,0,"6555;6558;6561;6564",1675,TRUE,1
"Laptop","MD_BayesMVP_WCP","BayesMVP_NicoStan",500,4,8,2,4,2000,"257aba3ac8b8727679d269bf8597bb85","state_allocation_thread_setup_sampling_divergence_check","iteration_difference","main_scaling","two_run_difference",NA,4,6.7388694347173,6.70585292646278,0.177733643459824,0.00599999999992917,6.74149999999987,0.00263056528257052,0.00336943471735865,0.00600000000000023,6.70849999999971,0.00264707353692515,0.00335292646323139,0,FALSE,FALSE,0.296785687773739,593.571375547477,0,"6566;6571;6576;6581",1677,TRUE,1
"Laptop","MD_BayesMVP_WCP","BayesMVP_NicoStan",500,4,16,4,4,2000,"257aba3ac8b8727679d269bf8597bb85","state_allocation_thread_setup_sampling_divergence_check","iteration_difference","main_scaling","two_run_difference",NA,4,11.9039519759882,11.9244622311155,0.135741498744588,0.0172499999998585,11.91525,0.0112980240118645,0.00595197598799408,0.0164999999997235,11.9374999999999,0.0104917458726598,0.00596223111555775,0,FALSE,FALSE,0.336022860985035,672.04572197007,0,"6568;6573;6578;6583",1679,TRUE,1
"Laptop","MD_BayesMVP_WCP","BayesMVP_NicoStan",2500,4,4,2,2,400,"7184208393ceb4c8ae3e26f0d1660bdb","state_allocation_thread_setup_sampling_divergence_check","iteration_difference","main_scaling","two_run_difference",NA,4,4.27218045112788,4.2721804511277,0.0540021257744676,0.0195000000001144,4.28100000000017,0.00881954887229474,0.0106804511278197,0.0190000000002328,4.2830000000001,0.00843107769446817,0.0106804511278193,0,FALSE,FALSE,0.468145019359374,187.25800774375,0,"6621;6626;6631;6636",1690,TRUE,1
"Laptop","MD_BayesMVP_WCP","BayesMVP_NicoStan",2500,4,8,2,4,400,"7184208393ceb4c8ae3e26f0d1660bdb","state_allocation_thread_setup_sampling_divergence_check","iteration_difference","main_scaling","two_run_difference",NA,4,3.02030075187972,3.00501253132854,0.0787350448745178,0.0137499999998383,3.02649999999986,0.00619924812013897,0.00755075187969931,0.0135000000000076,3.01199999999993,0.0060914786967495,0.00751253132832134,0,FALSE,FALSE,0.662185710729394,264.874284291758,0,"6622;6627;6632;6637",1691,TRUE,1
"Laptop","MD_BayesMVP_WCP","BayesMVP_NicoStan",2500,10,8,4,2,400,"7184208393ceb4c8ae3e26f0d1660bdb","state_allocation_thread_setup_sampling_divergence_check","iteration_difference","main_scaling","two_run_difference",NA,4,4.65538847117765,4.6461152882205,0.15275067269937,0.0275000000002947,4.67125,0.0158615288223506,0.0116384711779441,0.0275000000006003,4.66600000000017,0.0155802005018549,0.0116152882205512,0,FALSE,FALSE,0.859219380888345,343.687752355338,0,"6644;6650;6656;6662",1698,TRUE,1
"Laptop","MD_BayesMVP_WCP","BayesMVP_NicoStan",2500,10,16,8,2,400,"7184208393ceb4c8ae3e26f0d1660bdb","state_allocation_thread_setup_sampling_divergence_check","iteration_difference","main_scaling","two_run_difference",NA,4,8.1706766917293,8.18646616541366,0.12734953800029,0.0562500000002046,8.20650000000018,0.0358233082708814,0.0204266917293233,0.0570000000003006,8.22150000000023,0.0366127819551882,0.0204661654135341,0,FALSE,FALSE,0.979111070212573,391.644428085029,0,"6646;6652;6658;6664",1700,TRUE,1
"Laptop","MD_BayesMVP_WCP","BayesMVP_NicoStan",2500,25,16,4,4,400,"7184208393ceb4c8ae3e26f0d1660bdb","state_allocation_thread_setup_sampling_divergence_check","iteration_difference","main_scaling","two_run_difference",NA,4,6.02581453634065,6.00501253132807,0.196212058513944,0.0359999999999729,6.04674999999978,0.0209354636591213,0.0150645363408516,0.0374999999998806,6.02749999999963,0.0224874686715604,0.0150125313283202,0,FALSE,FALSE,0.663810672545045,265.524269018018,0,"6669;6675;6681;6687",1705,TRUE,1
"Laptop","MD_BayesMVP_WCP","BayesMVP_NicoStan",10000,10,4,2,2,200,"b352a26c8e9b174599c6b645056fb577","state_allocation_thread_setup_sampling_divergence_check","iteration_difference","main_scaling","two_run_difference",NA,4,7.27386934673372,7.28492462311541,0.110846267921517,0.0567499999999512,7.29425000000001,0.0203806532662826,0.0363693467336686,0.0519999999998504,7.30999999999989,0.0156859296480902,0.0364246231155771,0,FALSE,FALSE,0.274956822107079,54.9913644214158,0,"6709;6715;6721;6727",1712,TRUE,1
"Laptop","MD_BayesMVP_WCP","BayesMVP_NicoStan",10000,50,8,2,4,200,"b352a26c8e9b174599c6b645056fb577","state_allocation_thread_setup_sampling_divergence_check","iteration_difference","main_scaling","two_run_difference",NA,4,4.80201005025153,4.74170854271376,0.201046896811663,0.0419999999999163,4.82000000000019,0.0179899497486587,0.0240100502512577,0.0399999999999636,4.75800000000015,0.0166356783919232,0.0237085427135688,0,FALSE,FALSE,0.416492256174107,83.2984512348215,0,"6758;6764;6770;6776",1725,TRUE,1
"Laptop","MD_BayesMVP_WCP","BayesMVP_NicoStan",10000,50,16,2,8,200,"b352a26c8e9b174599c6b645056fb577","state_allocation_thread_setup_sampling_divergence_check","iteration_difference","main_scaling","two_run_difference",NA,4,6.38618090452299,6.42261306532718,0.293153241656801,0.118999999999886,6.47325000000026,0.0870690954772711,0.031930904522615,0.119499999999789,6.48700000000031,0.0863819095475242,0.0321130653266359,0,FALSE,FALSE,0.313176220639711,62.6352441279421,0,"6759;6765;6771;6777",1726,TRUE,1
"Laptop","MD_BayesMVP_WCP","BayesMVP_NicoStan",10000,50,8,4,2,200,"b352a26c8e9b174599c6b645056fb577","state_allocation_thread_setup_sampling_divergence_check","iteration_difference","main_scaling","two_run_difference",NA,4,7.99095477386931,7.99145728643194,0.225333416908532,0.0912499999999454,8.04224999999991,0.0512952261305989,0.0399547738693466,0.0889999999999418,8.02749999999963,0.0480954773868771,0.0399572864321597,0,FALSE,FALSE,0.500565966545091,100.113193309018,0,"6760;6766;6772;6778",1727,TRUE,1
"Laptop","MD_BayesMVP_WCP","BayesMVP_NicoStan",10000,50,16,4,4,200,"b352a26c8e9b174599c6b645056fb577","state_allocation_thread_setup_sampling_divergence_check","iteration_difference","main_scaling","two_run_difference",NA,4,8.99648241206043,9.00150753768868,0.39485977838952,0.106749999999863,9.05824999999999,0.061767587939561,0.0449824120603021,0.105499999999893,9.05500000000006,0.0604070351757718,0.0450075376884434,0,FALSE,FALSE,0.444618220409981,88.9236440819962,0,"6761;6767;6773;6779",1728,TRUE,1
"Laptop","MD_BayesMVP_WCP","BayesMVP_NicoStan",10000,50,16,8,2,200,"b352a26c8e9b174599c6b645056fb577","state_allocation_thread_setup_sampling_divergence_check","iteration_difference","main_scaling","two_run_difference",NA,4,14.6258793969848,14.5914572864322,0.216360497827487,0.138000000000119,14.69075,0.0648706030151948,0.0731293969849241,0.135000000000332,14.6594999999999,0.0616984924626447,0.0729572864321609,0,FALSE,FALSE,0.546975657521778,109.395131504356,0,"6762;6768;6774;6780",1729,TRUE,1
"Laptop","MD_BayesMVP_WCP","BayesMVP_NicoStan",50000,50,4,2,2,100,"50597d787bf5578f0fdbdd94f2702741","state_allocation_thread_setup_sampling_divergence_check","iteration_difference","main_scaling","two_run_difference",NA,4,17.8075757575758,17.806565656565,0.0794177533020253,0.246249999999861,17.8757499999999,0.0681742424241037,0.178075757575758,0.240499999999997,17.8684999999994,0.0626969696969719,0.17806565656565,0,FALSE,FALSE,0.11231175019144,11.231175019144,0,"6873;6879;6885;6891",1753,TRUE,1
"Laptop","MD_BayesMVP_WCP","BayesMVP_NicoStan",50000,100,8,2,4,100,"50597d787bf5578f0fdbdd94f2702741","state_allocation_thread_setup_sampling_divergence_check","iteration_difference","main_scaling","two_run_difference",NA,4,11.0429292929292,10.8202020202019,0.652126667311338,0.213249999999903,11.1457499999998,0.102820707070611,0.110429292929292,0.209499999999707,10.9214999999996,0.101297979797688,0.108202020202019,0,FALSE,FALSE,0.18111136519552,18.111136519552,0,"6898;6904;6910;6916",1760,TRUE,1
"Laptop","MD_BayesMVP_WCP","BayesMVP_NicoStan",50000,100,8,4,2,100,"50597d787bf5578f0fdbdd94f2702741","state_allocation_thread_setup_sampling_divergence_check","iteration_difference","main_scaling","two_run_difference",NA,4,19.2469696969699,19.19898989899,0.341006969363658,0.346000000000117,19.4005000000003,0.153530303030418,0.192469696969699,0.348000000000184,19.3290000000002,0.156595959596143,0.1919898989899,0,FALSE,FALSE,0.207824923246475,20.7824923246475,0,"6900;6906;6912;6918",1762,TRUE,1
"Laptop","MD_BayesMVP_WCP","BayesMVP_NicoStan",50000,100,16,4,4,100,"50597d787bf5578f0fdbdd94f2702741","state_allocation_thread_setup_sampling_divergence_check","iteration_difference","main_scaling","two_run_difference",NA,4,20.6058080808084,20.4358585858587,0.801366624687941,0.391749999999945,20.7915000000002,0.185691919191861,0.206058080808084,0.396999999999935,20.6114999999999,0.184494949494879,0.204358585858587,0,FALSE,FALSE,0.194120025980708,19.4120025980708,0,"6901;6907;6913;6919",1763,TRUE,1
"Laptop","MD_BayesMVP_WCP","BayesMVP_NicoStan",50000,250,16,2,8,100,"50597d787bf5578f0fdbdd94f2702741","state_allocation_thread_setup_sampling_divergence_check","iteration_difference","main_scaling","two_run_difference",NA,4,13.2060606060607,13.2404040404041,0.27088917941189,0.306249999999523,13.3802499999996,0.174189393938915,0.132060606060607,0.303499999999417,13.4114999999995,0.171095959595376,0.132404040404041,0,FALSE,FALSE,0.15144561725562,15.144561725562,0,"6923;6929;6935;6941",1767,TRUE,1
"Laptop","MD_BayesMVP_WCP","BayesMVP_NicoStan",50000,250,16,8,2,100,"50597d787bf5578f0fdbdd94f2702741","state_allocation_thread_setup_sampling_divergence_check","iteration_difference","main_scaling","two_run_difference",NA,4,35.7383838383836,35.7707070707066,0.217971278889008,0.561000000000263,35.942,0.203616161616427,0.357383838383836,0.555000000000291,35.9799999999998,0.197939393939686,0.357707070707066,0,FALSE,FALSE,0.223848958480542,22.3848958480542,0,"6926;6932;6938;6944",1770,TRUE,1
"Laptop","MD_BayesMVP_WCP","BayesMVP_NicoStan",500,8,16,2,8,2000,"257aba3ac8b8727679d269bf8597bb85","state_allocation_thread_setup_sampling_divergence_check","iteration_difference","main_scaling","two_run_difference",NA,4,11.911205602802,11.8704352176098,0.426035653047451,0.0237499999992679,11.9289999999999,0.0177943971978669,0.005955602801401,0.0244999999986248,11.8860000000002,0.0184102051011757,0.00593521760880492,0,FALSE,FALSE,0.167909115726247,335.818231452494,0,"6969;6970;6971;6972",1777,TRUE,1
"Laptop","MD_BayesMVP_WCP","BayesMVP_NicoStan",2500,8,16,2,8,400,"7184208393ceb4c8ae3e26f0d1660bdb","state_allocation_thread_setup_sampling_divergence_check","iteration_difference","main_scaling","two_run_difference",NA,4,4.611027568922,4.58897243107734,0.149711704800552,0.0405000000000655,4.63999999999976,0.0289724310777605,0.011527568922305,0.0304999999998472,4.63349999999969,0.0191478696740319,0.0114724310776933,0,FALSE,FALSE,0.43374279813026,173.497119252104,0,"6973;6974;6975;6976",1778,TRUE,1
