"device","algorithm","execution_backend","N","num_chunks","n_threads","n_chains","threads_per_chain","n_iter","dataset_md5","timing_scope","timing_estimator","benchmark_role","timing_method","stan_chunk_size","n_repeats","time_mean","time_median","time_sd","time_short_run_mean","time_long_run_mean","fixed_cost_mean","seconds_per_iteration_mean","time_short_run_median","time_long_run_median","fixed_cost_median","seconds_per_iteration_median","n_repeats_two_run_flagged","time_mean_not_positive","time_median_not_positive","chain_rate","total_iter_per_sec","max_divergences","case_ids","configuration_id","wcp_efficiency","wcp_speedup","serial_n_iter","serial_measured_seconds","serial_seconds","baseline_case_ids","panel"
"HPC","MD_BayesMVP_WCP","BayesMVP_NicoStan",2500,8,32,4,8,400,"229e14792b0f4550a6f1e0887b422826","state_allocation_thread_setup_sampling_divergence_check","iteration_difference","main_scaling","two_run_difference",NA,4,1.42255639097748,1.39699248120314,0.0755236172884264,0.0102500000000703,1.42925000000011,0.00669360902262655,0.00355639097744371,0.0100000000002183,1.40300000000025,0.00634837092753745,0.00349248120300785,0,FALSE,FALSE,2.81183932346715,1124.73572938686,0,"7093;7097;7101;7105",1801,NA,NA,NA,NA,NA,"","HPC N=2500 4 chains"
"HPC","MD_BayesMVP_WCP","BayesMVP_NicoStan",10000,50,64,4,16,200,"b97502ef4c1796520d0acd01a82ea24d","state_allocation_thread_setup_sampling_divergence_check","iteration_difference","main_scaling","two_run_difference",NA,4,1.5994974874372,1.59698492462294,0.0128836747224618,0.0219999999999061,1.61349999999992,0.0140025125627201,0.00799748743718598,0.0194999999998799,1.61199999999971,0.0115150753767652,0.00798492462311471,0,FALSE,FALSE,2.50078542255732,500.157084511464,0,"6168;6193;6218;6243",1572,0.273004057353742,4.36806491765987,80,2.79468354430381,6.98670886075953,"5195;5204;5213;5222","HPC N=10000 4 chains"
"HPC","MD_BayesMVP_WCP","BayesMVP_NicoStan",2500,8,64,8,8,400,"229e14792b0f4550a6f1e0887b422826","state_allocation_thread_setup_sampling_divergence_check","iteration_difference","main_scaling","two_run_difference",NA,4,1.66466165413572,1.68370927318332,0.213296804053429,0.0177499999996371,1.67825000000002,0.0135883458642978,0.0041616541353393,0.0179999999995744,1.69749999999993,0.0137907268166161,0.00420927318295829,0,FALSE,FALSE,4.80578139114614,1922.31255645845,0,"7094;7098;7102;7106",1802,NA,NA,NA,NA,NA,"","HPC N=2500 8 chains"
"HPC","MD_BayesMVP_WCP","BayesMVP_NicoStan",2500,4,64,16,4,400,"229e14792b0f4550a6f1e0887b422826","state_allocation_thread_setup_sampling_divergence_check","iteration_difference","main_scaling","two_run_difference",NA,4,1.90075187969936,1.91528822055139,0.117599867666583,0.0332499999998959,1.92925000000001,0.0284981203006475,0.00475187969924841,0.0250000000001762,1.93550000000019,0.0202117794487977,0.00478822055137848,0,FALSE,FALSE,8.41772151898683,3367.08860759473,0,"5770;5783;5796;5809",1474,0.594368390482265,2.37747356192906,80,0.903797468354439,4.5189873417722,"4937;4946;4955;4964","HPC N=2500 16 chains"
"HPC","MD_BayesMVP_WCP","BayesMVP_NicoStan",10000,8,64,8,8,200,"b97502ef4c1796520d0acd01a82ea24d","state_allocation_thread_setup_sampling_divergence_check","iteration_difference","main_scaling","two_run_difference",NA,4,2.08969849246208,2.06733668341642,0.137095091443357,0.0467500000000882,2.12599999999986,0.0363015075377778,0.0104484924623104,0.0454999999998336,2.10499999999968,0.0349396984922948,0.0103366834170821,0,FALSE,FALSE,3.82830347481104,765.660694962209,0,"7138;7142;7146;7150",1813,NA,NA,NA,NA,NA,"","HPC N=10000 8 chains"
"HPC","MD_BayesMVP_WCP","BayesMVP_NicoStan",2500,4,96,24,4,400,"229e14792b0f4550a6f1e0887b422826","state_allocation_thread_setup_sampling_divergence_check","iteration_difference","main_scaling","two_run_difference",NA,4,2.52030075187974,2.51779448621561,0.0230212927647369,0.0322499999999764,2.54625000000001,0.025949248120277,0.00630075187969934,0.0319999999999823,2.54500000000002,0.0257067669172754,0.00629448621553902,0,FALSE,FALSE,9.52267303102611,3809.06921241044,0,"5771;5784;5797;5810",1475,NA,NA,NA,NA,NA,"","HPC N=2500 24 chains"
"HPC","MD_BayesMVP_WCP","BayesMVP_NicoStan",2500,4,64,32,2,400,"229e14792b0f4550a6f1e0887b422826","state_allocation_thread_setup_sampling_divergence_check","iteration_difference","main_scaling","two_run_difference",NA,4,2.65012531328323,2.63859649122808,0.0590288084211146,0.0360000000000014,2.67950000000002,0.0293746867167933,0.00662531328320806,0.0360000000000014,2.66950000000003,0.0294699248120314,0.00659649122807019,0,FALSE,FALSE,12.0749006998297,4829.96027993188,0,"5772;5785;5798;5811",1476,0.854270565729647,1.70854113145929,80,0.905569620253168,4.52784810126584,"4938;4947;4956;4965","HPC N=2500 32 chains"
"HPC","MD_BayesMVP_WCP","BayesMVP_NicoStan",10000,25,64,16,4,200,"b97502ef4c1796520d0acd01a82ea24d","state_allocation_thread_setup_sampling_divergence_check","iteration_difference","main_scaling","two_run_difference",NA,4,2.96984924623111,3.00100502512542,0.115103534623711,0.047499999999971,3.00249999999993,0.0326507537688155,0.0148492462311556,0.0464999999999236,3.03700000000003,0.0320653266330897,0.0150050251256271,0,FALSE,FALSE,5.38747884940786,1077.49576988157,0,"6085;6108;6131;6154",1558,0.736409539720285,2.94563815888114,80,3.4992405063291,8.74810126582275,"5161;5170;5179;5188","HPC N=10000 16 chains"
"Laptop","MD_BayesMVP_WCP","BayesMVP_NicoStan",2500,4,8,2,4,400,"7184208393ceb4c8ae3e26f0d1660bdb","state_allocation_thread_setup_sampling_divergence_check","iteration_difference","main_scaling","two_run_difference",NA,4,3.02030075187972,3.00501253132854,0.0787350448745178,0.0137499999998383,3.02649999999986,0.00619924812013897,0.00755075187969931,0.0135000000000076,3.01199999999993,0.0060914786967495,0.00751253132832134,0,FALSE,FALSE,0.662185710729394,264.874284291758,0,"9610;9615;9620;9625",2431,0.592823853054889,2.37129541221955,80,1.43240506329113,7.16202531645566,"9178;9183;9188;9193","Laptop N=2500 2 chains"
"HPC","MD_BayesMVP_WCP","BayesMVP_NicoStan",50000,50,64,4,16,100,"3f8ed78629bdab9b833b52bd1450ea30","state_allocation_thread_setup_sampling_divergence_check","iteration_difference","main_scaling","two_run_difference",NA,4,3.26161616161606,3.29040404040392,0.0971764070632983,0.0955000000001291,3.32450000000003,0.0628838383839685,0.0326161616161606,0.0940000000002783,3.35449999999986,0.0616717171719963,0.0329040404040392,0,FALSE,FALSE,1.22638587798084,122.638587798084,0,"6580;6605;6630;6655",1675,0.324468227984916,5.19149164775866,50,8.46632653061221,16.9326530612244,"5411;5420;5429;5438","HPC N=50000 4 chains"
"HPC","MD_BayesMVP_WCP","BayesMVP_NicoStan",2500,4,180,45,4,400,"229e14792b0f4550a6f1e0887b422826","state_allocation_thread_setup_sampling_divergence_check","iteration_difference","main_scaling","two_run_difference",NA,4,3.82681704260649,3.81503759398496,0.0586637508975473,0.0805000000000007,3.89774999999997,0.0709329573934845,0.00956704260651622,0.0844999999999914,3.89249999999998,0.074963659147861,0.00953759398496239,0,FALSE,FALSE,11.7591197851858,4703.6479140743,0,"5774;5787;5800;5813",1478,NA,NA,NA,NA,NA,"","HPC N=2500 45 chains"
"HPC","MD_BayesMVP_WCP","BayesMVP_NicoStan",2500,10,96,48,2,400,"229e14792b0f4550a6f1e0887b422826","state_allocation_thread_setup_sampling_divergence_check","iteration_difference","main_scaling","two_run_difference",NA,4,3.86065162907271,3.85914786967422,0.068645452919056,0.0379999999999825,3.88900000000001,0.0283483709273007,0.00965162907268177,0.0380000000000109,3.88600000000002,0.0282531328320911,0.00964786967418555,0,FALSE,FALSE,12.4331342508438,4973.25370033754,0,"5831;5848;5865;5882",1496,NA,NA,NA,NA,NA,"","HPC N=2500 48 chains"
"HPC","MD_BayesMVP_WCP","BayesMVP_NicoStan",500,8,32,4,8,2000,"5fff1836d43ae39c037ca22d13a50ed5","state_allocation_thread_setup_sampling_divergence_check","iteration_difference","main_scaling","two_run_difference",NA,4,3.96898449224594,3.96198099049506,0.0582471047381005,0.00550000000006889,3.97249999999988,0.00351550775394593,0.00198449224612297,0.00500000000010914,3.96499999999986,0.00303651825923884,0.00198099049524753,0,FALSE,FALSE,1.00781446937237,2015.62893874474,0,"7077;7081;7085;7089",1797,NA,NA,NA,NA,NA,"","HPC N=500 4 chains"
"HPC","MD_BayesMVP_WCP","BayesMVP_NicoStan",10000,25,96,24,4,200,"b97502ef4c1796520d0acd01a82ea24d","state_allocation_thread_setup_sampling_divergence_check","iteration_difference","main_scaling","two_run_difference",NA,4,4.04343434343416,4.08080808080804,0.204865485185734,0.0457499999999982,4.06896717171698,0.0255328282828274,0.0202171717171708,0.0464999999999236,4.10690404040393,0.0260959595958834,0.0204040404040402,0,FALSE,FALSE,5.93554833874621,1187.10966774924,0,"6089;6112;6135;6158",1562,NA,NA,NA,NA,NA,"","HPC N=10000 24 chains"
"HPC","MD_BayesMVP_WCP","BayesMVP_NicoStan",500,4,32,8,4,2000,"5fff1836d43ae39c037ca22d13a50ed5","state_allocation_thread_setup_sampling_divergence_check","iteration_difference","main_scaling","two_run_difference",NA,4,4.07328664332206,4.10255127563816,0.179714233710152,0.00749999999980311,4.07875000000021,0.00546335667814208,0.00203664332166103,0.0069999999996071,4.10900000000014,0.0050160080036087,0.00205127563781908,0,FALSE,FALSE,1.96401596561233,3928.03193122467,0,"5620;5633;5646;5659",1435,0.356716245634006,1.42686498253602,400,1.16240601503759,5.81203007518795,"4784;4793;4802;4811","HPC N=500 8 chains"
"HPC","MD_BayesMVP_WCP","BayesMVP_NicoStan",50000,50,64,8,8,100,"3f8ed78629bdab9b833b52bd1450ea30","state_allocation_thread_setup_sampling_divergence_check","iteration_difference","main_scaling","two_run_difference",NA,4,4.29898989898973,4.30050505050493,0.199630648984822,0.127000000000038,4.38299999999987,0.0840101010101407,0.0429898989898973,0.1280000000001,4.38249999999982,0.0853131313132326,0.0430050505050493,0,FALSE,FALSE,1.86090225563917,186.090225563917,0,"6586;6611;6636;6661",1681,0.495325776574753,3.96260621259802,50,8.51760204081642,17.0352040816328,"5412;5421;5430;5439","HPC N=50000 8 chains"
"HPC","MD_BayesMVP_WCP","BayesMVP_NicoStan",500,4,64,16,4,2000,"5fff1836d43ae39c037ca22d13a50ed5","state_allocation_thread_setup_sampling_divergence_check","iteration_difference","main_scaling","two_run_difference",NA,4,4.30165082541262,4.30265132566273,0.229337267868911,0.00950000000005957,4.30899999999997,0.00734917458735326,0.00215082541270631,0.00950000000000983,4.3094999999999,0.00731515757879928,0.00215132566283136,0,FALSE,FALSE,3.71950226770562,7439.00453541124,0,"5622;5635;5648;5661",1437,0.384607837479505,1.53843134991802,400,1.3235588972431,6.6177944862155,"4785;4794;4803;4812","HPC N=500 16 chains"
"HPC","MD_BayesMVP_WCP","BayesMVP_NicoStan",10000,25,128,32,4,200,"b97502ef4c1796520d0acd01a82ea24d","state_allocation_thread_setup_sampling_divergence_check","iteration_difference","main_scaling","two_run_difference",NA,4,4.62727272727274,4.62626262626278,0.0422636048069373,0.0559999999999832,4.66013636363636,0.0328636363636194,0.0231363636363637,0.05600000000004,4.65913131313139,0.0328686868686124,0.0231313131313139,0,FALSE,FALSE,6.91552062868367,1383.10412573673,0,"6091;6114;6137;6160",1564,0.480297679739371,1.92119071895748,80,3.55594936708859,8.88987341772149,"5162;5171;5180;5189","HPC N=10000 32 chains"
"Laptop","MD_BayesMVP_WCP","BayesMVP_NicoStan",2500,10,8,4,2,400,"7184208393ceb4c8ae3e26f0d1660bdb","state_allocation_thread_setup_sampling_divergence_check","iteration_difference","main_scaling","two_run_difference",NA,4,4.65538847117765,4.6461152882205,0.15275067269937,0.0275000000002947,4.67125,0.0158615288223506,0.0116384711779441,0.0275000000006003,4.66600000000017,0.0155802005018549,0.0116152882205512,0,FALSE,FALSE,0.859219380888345,343.687752355338,0,"9632;9638;9644;9650",2438,0.793010545683821,1.58602109136764,80,1.4767088607595,7.38354430379752,"9199;9204;9209;9214","Laptop N=2500 4 chains"
"HPC","MD_BayesMVP_WCP","BayesMVP_NicoStan",2500,4,128,64,2,400,"229e14792b0f4550a6f1e0887b422826","state_allocation_thread_setup_sampling_divergence_check","iteration_difference","main_scaling","two_run_difference",NA,4,4.79323308270682,4.79197994987472,0.0351056166313906,0.0542499999999677,4.83550000000002,0.0422669172932007,0.0119830827067671,0.05499999999995,4.83350000000002,0.0429837092731897,0.0119799498746868,0,FALSE,FALSE,13.3521568627449,5340.86274509797,0,"5776;5789;5802;5815",1480,0.594456192603631,1.18891238520726,80,1.13974683544307,5.69873417721533,"4939;4948;4957;4966","HPC N=2500 64 chains"
"Laptop","MD_BayesMVP_WCP","BayesMVP_NicoStan",10000,50,8,2,4,200,"b352a26c8e9b174599c6b645056fb577","state_allocation_thread_setup_sampling_divergence_check","iteration_difference","main_scaling","two_run_difference",NA,4,4.80201005025153,4.74170854271376,0.201046896811663,0.0419999999999163,4.82000000000019,0.0179899497486587,0.0240100502512577,0.0399999999999636,4.75800000000015,0.0166356783919232,0.0237085427135688,0,FALSE,FALSE,0.416492256174107,83.2984512348215,0,"9746;9752;9758;9764",2465,0.698580088856585,2.79432035542634,80,5.36734177215189,13.4183544303797,"9322;9327;9332;9337","Laptop N=10000 2 chains"
"HPC","MD_BayesMVP_WCP","BayesMVP_NicoStan",500,2,64,32,2,2000,"5fff1836d43ae39c037ca22d13a50ed5","state_allocation_thread_setup_sampling_divergence_check","iteration_difference","main_scaling","two_run_difference",NA,4,5.42271135567784,5.2656328164082,0.414070136427427,0.0154999999999992,5.4355,0.0127886443221603,0.00271135567783892,0.0150000000000006,5.278,0.0123671835917965,0.0026328164082041,0,FALSE,FALSE,5.90110701107011,11802.2140221402,0,"5592;5599;5606;5613",1428,0.566285351293362,1.13257070258672,400,1.22832080200501,6.14160401002506,"4750;4759;4768;4777","HPC N=500 32 chains"
"HPC","MD_BayesMVP_WCP","BayesMVP_NicoStan",500,4,96,24,4,2000,"5fff1836d43ae39c037ca22d13a50ed5","state_allocation_thread_setup_sampling_divergence_check","iteration_difference","main_scaling","two_run_difference",NA,4,5.58304152076039,5.46973486743371,0.318143741312449,0.0132499999999851,5.59349999999999,0.0104584792396049,0.00279152076038019,0.012999999999991,5.47999999999999,0.0102651325662742,0.00273486743371686,0,FALSE,FALSE,4.298732135657,8597.464271314,0,"5623;5636;5649;5662",1438,NA,NA,NA,NA,NA,"","HPC N=500 24 chains"
"HPC","MD_BayesMVP_WCP","BayesMVP_NicoStan",10000,25,180,45,4,200,"b97502ef4c1796520d0acd01a82ea24d","state_allocation_thread_setup_sampling_divergence_check","iteration_difference","main_scaling","two_run_difference",NA,4,5.85808080808077,5.80101010101027,0.166976551013153,0.0815000000000055,5.91029040404038,0.0522095959596016,0.0292904040404039,0.0835000000000719,5.85150505050516,0.0539242424243154,0.0290050505050513,0,FALSE,FALSE,7.68169669799125,1536.33933959825,0,"6092;6115;6138;6161",1565,NA,NA,NA,NA,NA,"","HPC N=10000 45 chains"
"HPC","MD_BayesMVP_WCP","BayesMVP_NicoStan",2500,10,180,90,2,400,"229e14792b0f4550a6f1e0887b422826","state_allocation_thread_setup_sampling_divergence_check","iteration_difference","main_scaling","two_run_difference",NA,4,5.89122807017543,5.87919799498749,0.0646623017459602,0.0695000000000334,5.94600000000003,0.0547719298245948,0.0147280701754386,0.0730000000000359,5.94000000000005,0.0584010025063016,0.0146979949874687,0,FALSE,FALSE,15.276950565813,6110.7802263252,0,"5833;5850;5867;5884",1498,NA,NA,NA,NA,NA,"","HPC N=2500 90 chains"
"Laptop","MD_BayesMVP_WCP","BayesMVP_NicoStan",500,4,8,2,4,2000,"257aba3ac8b8727679d269bf8597bb85","state_allocation_thread_setup_sampling_divergence_check","iteration_difference","main_scaling","two_run_difference",NA,4,6.7388694347173,6.70585292646278,0.177733643459824,0.00599999999992917,6.74149999999987,0.00263056528257052,0.00336943471735865,0.00600000000000023,6.70849999999971,0.00264707353692515,0.00335292646323139,0,FALSE,FALSE,0.296785687773739,593.571375547477,0,"9554;9559;9564;9569",2417,0.40366386700178,1.61465546800712,400,2.17619047619047,10.8809523809524,"9094;9099;9104;9109","Laptop N=500 2 chains"
"HPC","MD_BayesMVP_WCP","BayesMVP_NicoStan",50000,100,64,16,4,100,"3f8ed78629bdab9b833b52bd1450ea30","state_allocation_thread_setup_sampling_divergence_check","iteration_difference","main_scaling","two_run_difference",NA,4,6.78106060606025,6.7641414141412,0.0863321264906517,0.207250000000215,6.92049999999986,0.139439393939613,0.0678106060606025,0.200500000000261,6.91049999999996,0.132520202020468,0.067641414141412,0,FALSE,FALSE,2.35951290358632,235.951290358632,0,"6691;6716;6741;6766",1711,0.610776016361244,2.44310406544498,50,8.28341836734729,16.5668367346946,"5449;5458;5467;5476","HPC N=50000 16 chains"
"HPC","MD_BayesMVP_WCP","BayesMVP_NicoStan",10000,25,96,48,2,200,"b97502ef4c1796520d0acd01a82ea24d","state_allocation_thread_setup_sampling_divergence_check","iteration_difference","main_scaling","two_run_difference",NA,4,6.78838383838385,6.73131313131335,0.15177418934249,0.0760000000000218,6.83044191919196,0.0420580808081026,0.0339419191919193,0.0715000000000146,6.76815656565671,0.0371818181818324,0.0336565656565667,0,FALSE,FALSE,7.07090246261437,1414.18049252287,0,"6093;6116;6139;6162",1566,NA,NA,NA,NA,NA,"","HPC N=10000 48 chains"
"HPC","MD_BayesMVP_WCP","BayesMVP_NicoStan",500,2,96,48,2,2000,"5fff1836d43ae39c037ca22d13a50ed5","state_allocation_thread_setup_sampling_divergence_check","iteration_difference","main_scaling","two_run_difference",NA,4,6.85017508754378,6.847923961981,0.141261695248549,0.0212499999999962,6.868,0.0178249124562243,0.00342508754377189,0.0209999999999999,6.866,0.0176253126563218,0.0034239619809905,0,FALSE,FALSE,7.00712016650235,14014.2403330047,0,"5593;5600;5607;5614",1429,NA,NA,NA,NA,NA,"","HPC N=500 48 chains"
"HPC","MD_BayesMVP_WCP","BayesMVP_NicoStan",500,4,180,45,4,2000,"5fff1836d43ae39c037ca22d13a50ed5","state_allocation_thread_setup_sampling_divergence_check","iteration_difference","main_scaling","two_run_difference",NA,4,7.92146073036517,7.92496248124058,0.0468529043480404,0.0310000000000059,7.9485,0.0270392696348233,0.00396073036518259,0.0310000000000201,7.95199999999998,0.0270375187593998,0.00396248124062029,0,FALSE,FALSE,5.6807704452163,11361.5408904326,0,"5626;5639;5652;5665",1441,NA,NA,NA,NA,NA,"","HPC N=500 45 chains"
"Laptop","MD_BayesMVP_WCP","BayesMVP_NicoStan",10000,50,8,4,2,200,"b352a26c8e9b174599c6b645056fb577","state_allocation_thread_setup_sampling_divergence_check","iteration_difference","main_scaling","two_run_difference",NA,4,7.99095477386931,7.99145728643194,0.225333416908532,0.0912499999999454,8.04224999999991,0.0512952261305989,0.0399547738693466,0.0889999999999418,8.02749999999963,0.0480954773868771,0.0399572864321597,0,FALSE,FALSE,0.500565966545091,100.113193309018,0,"9748;9754;9760;9766",2467,0.845536705039892,1.69107341007978,80,5.4053164556962,13.5132911392405,"9323;9328;9333;9338","Laptop N=10000 4 chains"
"HPC","MD_BayesMVP_WCP","BayesMVP_NicoStan",500,4,128,64,2,2000,"5fff1836d43ae39c037ca22d13a50ed5","state_allocation_thread_setup_sampling_divergence_check","iteration_difference","main_scaling","two_run_difference",NA,4,8.09329664832418,8.09204602301151,0.130680232069448,0.0209999999999866,8.11025,0.0169533516758245,0.00404664832416209,0.0209999999999866,8.10899999999999,0.0169539769884808,0.00404602301150576,0,FALSE,FALSE,7.90777884229068,15815.5576845814,0,"5628;5641;5654;5667",1443,0.476352631741605,0.952705263483211,400,1.54210526315789,7.71052631578947,"4787;4796;4805;4814","HPC N=500 64 chains"
"Laptop","MD_BayesMVP_WCP","BayesMVP_NicoStan",2500,10,16,8,2,400,"7184208393ceb4c8ae3e26f0d1660bdb","state_allocation_thread_setup_sampling_divergence_check","iteration_difference","main_scaling","two_run_difference",NA,4,8.1706766917293,8.18646616541366,0.12734953800029,0.0562500000002046,8.20650000000018,0.0358233082708814,0.0204266917293233,0.0570000000003006,8.22150000000023,0.0366127819551882,0.0204661654135341,0,FALSE,FALSE,0.979111070212573,391.644428085029,0,"9634;9640;9646;9652",2440,0.515505076919675,1.03101015383935,80,1.68481012658228,8.42405063291141,"9200;9205;9210;9215","Laptop N=2500 8 chains"
"Laptop","MD_BayesMVP_WCP","BayesMVP_NicoStan",500,2,8,4,2,2000,"257aba3ac8b8727679d269bf8597bb85","state_allocation_thread_setup_sampling_divergence_check","iteration_difference","main_scaling","two_run_difference",NA,4,8.20035017508731,8.15407703851907,0.345927573300143,0.00850000000030882,8.20475000000008,0.00439982491276516,0.00410017508754365,0.00800000000035972,8.15750000000007,0.00380815407739838,0.00407703851925953,0,FALSE,FALSE,0.48778404758275,975.5680951655,0,"9542;9545;9548;9551",2414,0.650302322834712,1.30060464566942,400,2.13308270676693,10.6654135338346,"9075;9080;9085;9090","Laptop N=500 4 chains"
"HPC","MD_BayesMVP_WCP","BayesMVP_NicoStan",10000,25,128,64,2,200,"b97502ef4c1796520d0acd01a82ea24d","state_allocation_thread_setup_sampling_divergence_check","iteration_difference","main_scaling","two_run_difference",NA,4,8.30757575757579,8.28585858585856,0.0925092983170839,0.0840000000000032,8.35003787878792,0.0424621212121242,0.041537878787879,0.0860000000000127,8.33092929292927,0.0446515151515273,0.0414292929292928,0,FALSE,FALSE,7.70381178187121,1540.76235637424,0,"6094;6117;6140;6163",1567,0.521942390403477,1.04388478080695,80,3.46886075949367,8.67215189873418,"5163;5172;5181;5190","HPC N=10000 64 chains"
"HPC","MD_BayesMVP_WCP","BayesMVP_NicoStan",50000,250,96,24,4,100,"3f8ed78629bdab9b833b52bd1450ea30","state_allocation_thread_setup_sampling_divergence_check","iteration_difference","main_scaling","two_run_difference",NA,4,9.58333333333172,9.56041666666465,0.200606718619043,0.260750000000257,9.74824999999866,0.16491666666694,0.0958333333333172,0.265500000000202,9.73631249999829,0.171083333333542,0.0956041666666465,0,FALSE,FALSE,2.50434782608738,250.434782608738,0,"6795;6820;6845;6870",1740,NA,NA,NA,NA,NA,"","HPC N=50000 24 chains"
"HPC","MD_BayesMVP_WCP","BayesMVP_NicoStan",500,2,180,90,2,2000,"5fff1836d43ae39c037ca22d13a50ed5","state_allocation_thread_setup_sampling_divergence_check","iteration_difference","main_scaling","two_run_difference",NA,4,10.1138069034517,10.1650825412706,0.195322958678937,0.0502499999999984,10.159,0.0451930965482725,0.00505690345172586,0.0514999999999972,10.209,0.0464687343671808,0.00508254127063532,0,FALSE,FALSE,8.8987263509336,17797.4527018672,0,"5595;5602;5609;5616",1431,NA,NA,NA,NA,NA,"","HPC N=500 90 chains"
"HPC","MD_BayesMVP_WCP","BayesMVP_NicoStan",10000,50,180,90,2,200,"b97502ef4c1796520d0acd01a82ea24d","state_allocation_thread_setup_sampling_divergence_check","iteration_difference","main_scaling","two_run_difference",NA,4,10.4873737373738,10.469696969697,0.0710692982367516,0.114250000000027,10.5491868686869,0.0618131313131579,0.0524368686868689,0.113500000000045,10.5308484848485,0.0611919191919628,0.0523484848484849,0,FALSE,FALSE,8.58174813387908,1716.34962677582,0,"6189;6214;6239;6264",1593,NA,NA,NA,NA,NA,"","HPC N=10000 90 chains"
"Laptop","MD_BayesMVP_WCP","BayesMVP_NicoStan",50000,100,8,2,4,100,"50597d787bf5578f0fdbdd94f2702741","state_allocation_thread_setup_sampling_divergence_check","iteration_difference","main_scaling","two_run_difference",NA,4,11.0429292929292,10.8202020202019,0.652126667311338,0.213249999999903,11.1457499999998,0.102820707070611,0.110429292929292,0.209499999999707,10.9214999999996,0.101297979797688,0.108202020202019,0,FALSE,FALSE,0.18111136519552,18.111136519552,0,"9886;9892;9898;9904",2500,0.736885316669542,2.94754126667817,50,16.274744897959,32.5494897959179,"9462;9467;9472;9477","Laptop N=50000 2 chains"
"HPC","MD_BayesMVP_WCP","BayesMVP_NicoStan",50000,100,128,32,4,100,"3f8ed78629bdab9b833b52bd1450ea30","state_allocation_thread_setup_sampling_divergence_check","iteration_difference","main_scaling","two_run_difference",NA,4,11.666666666667,11.6604166666662,0.176350608270534,0.291749999999979,11.8417500000003,0.17508333333331,0.116666666666669,0.292500000000018,11.8363124999995,0.175895833333357,0.116604166666662,0,FALSE,FALSE,2.74285714285708,274.285714285708,0,"6697;6722;6747;6772",1717,0.371752915451868,1.48701166180747,50,8.67423469387713,17.3484693877543,"5450;5459;5468;5477","HPC N=50000 32 chains"
"Laptop","MD_BayesMVP_WCP","BayesMVP_NicoStan",500,2,16,8,2,2000,"257aba3ac8b8727679d269bf8597bb85","state_allocation_thread_setup_sampling_divergence_check","iteration_difference","main_scaling","two_run_difference",NA,4,13.7943971985995,13.7813906953477,0.362118899416952,0.0212499999999869,13.8087500000001,0.0143528014006872,0.00689719859929973,0.0210000000001163,13.7955000000001,0.0141093046524424,0.00689069534767383,0,FALSE,FALSE,0.579945602901172,1159.89120580234,0,"9543;9546;9549;9552",2415,0.419243257736356,0.838486515472712,400,2.31328320802004,11.5664160401002,"9076;9081;9086;9091","Laptop N=500 8 chains"
"HPC","MD_BayesMVP_WCP","BayesMVP_NicoStan",50000,500,180,45,4,100,"3f8ed78629bdab9b833b52bd1450ea30","state_allocation_thread_setup_sampling_divergence_check","iteration_difference","main_scaling","two_run_difference",NA,4,14.4604166666667,14.3541666666673,0.562139802368241,0.380499999999984,14.6963125,0.235895833333316,0.144604166666667,0.378999999999905,14.5726250000005,0.237562499999901,0.143541666666674,0,FALSE,FALSE,3.11194352398788,311.194352398788,0,"6898;6923;6948;6973",1768,NA,NA,NA,NA,NA,"","HPC N=50000 45 chains"
"Laptop","MD_BayesMVP_WCP","BayesMVP_NicoStan",10000,50,16,8,2,200,"b352a26c8e9b174599c6b645056fb577","state_allocation_thread_setup_sampling_divergence_check","iteration_difference","main_scaling","two_run_difference",NA,4,14.6258793969848,14.5914572864322,0.216360497827487,0.138000000000119,14.69075,0.0648706030151948,0.0731293969849241,0.135000000000332,14.6594999999999,0.0616984924626447,0.0729572864321609,0,FALSE,FALSE,0.546975657521778,109.395131504356,0,"9750;9756;9762;9768",2469,0.488123846269439,0.976247692538878,80,5.71139240506333,14.2784810126583,"9324;9329;9334;9339","Laptop N=10000 8 chains"
"HPC","MD_BayesMVP_WCP","BayesMVP_NicoStan",50000,100,96,48,2,100,"3f8ed78629bdab9b833b52bd1450ea30","state_allocation_thread_setup_sampling_divergence_check","iteration_difference","main_scaling","two_run_difference",NA,4,17.4395833333335,17.3916666666666,0.182114000722663,0.446749999999952,17.7119375000001,0.272354166666616,0.174395833333335,0.441000000000031,17.6587499999999,0.267083333333365,0.173916666666666,0,FALSE,FALSE,2.75235933580214,275.235933580214,0,"6699;6724;6749;6774",1719,NA,NA,NA,NA,NA,"","HPC N=50000 48 chains"
"Laptop","MD_BayesMVP_WCP","BayesMVP_NicoStan",50000,100,8,4,2,100,"50597d787bf5578f0fdbdd94f2702741","state_allocation_thread_setup_sampling_divergence_check","iteration_difference","main_scaling","two_run_difference",NA,4,19.2469696969699,19.19898989899,0.341006969363658,0.346000000000117,19.4005000000003,0.153530303030418,0.192469696969699,0.348000000000184,19.3290000000002,0.156595959596143,0.1919898989899,0,FALSE,FALSE,0.207824923246475,20.7824923246475,0,"9888;9894;9900;9906",2502,0.892189214503399,1.7843784290068,50,17.1719387755103,34.3438775510206,"9463;9468;9473;9478","Laptop N=50000 4 chains"
"HPC","MD_BayesMVP_WCP","BayesMVP_NicoStan",50000,100,128,64,2,100,"3f8ed78629bdab9b833b52bd1450ea30","state_allocation_thread_setup_sampling_divergence_check","iteration_difference","main_scaling","two_run_difference",NA,4,22.6041666666674,22.7000000000004,0.587317741626608,0.557999999999879,22.9361250000006,0.331958333333205,0.226041666666674,0.555000000000064,23.0350000000003,0.331479166666725,0.227000000000004,0,FALSE,FALSE,2.83133640552986,283.133640552986,0,"6700;6725;6750;6775",1720,0.448682403837086,0.897364807674173,50,10.1420918367345,20.284183673469,"5451;5460;5469;5478","HPC N=50000 64 chains"
"HPC","MD_BayesMVP_WCP","BayesMVP_NicoStan",50000,100,180,90,2,100,"3f8ed78629bdab9b833b52bd1450ea30","state_allocation_thread_setup_sampling_divergence_check","iteration_difference","main_scaling","two_run_difference",NA,4,27.2437500000005,27.1875000000013,1.06606156882053,0.737999999999943,27.7093125000004,0.465562499999938,0.272437500000005,0.736999999999853,27.643125000001,0.468020833333308,0.271875000000013,0,FALSE,FALSE,3.30350997935301,330.350997935301,0,"6701;6726;6751;6776",1721,NA,NA,NA,NA,NA,"","HPC N=50000 90 chains"
"Laptop","MD_BayesMVP_WCP","BayesMVP_NicoStan",50000,250,16,8,2,100,"50597d787bf5578f0fdbdd94f2702741","state_allocation_thread_setup_sampling_divergence_check","iteration_difference","main_scaling","two_run_difference",NA,4,35.7383838383836,35.7707070707066,0.217971278889008,0.561000000000263,35.942,0.203616161616427,0.357383838383836,0.555000000000291,35.9799999999998,0.197939393939686,0.357707070707066,0,FALSE,FALSE,0.223848958480542,22.3848958480542,0,"9914;9920;9926;9932",2510,0.499263123468202,0.998526246936404,50,17.8428571428569,35.6857142857138,"9484;9489;9494;9499","Laptop N=50000 8 chains"
