"device","algorithm","execution_backend","N","num_chunks","n_threads","n_chains","threads_per_chain","n_iter","dataset_md5","timing_scope","timing_estimator","benchmark_role","timing_method","stan_chunk_size","n_repeats","time_mean","time_median","time_sd","time_short_run_mean","time_long_run_mean","fixed_cost_mean","seconds_per_iteration_mean","time_short_run_median","time_long_run_median","fixed_cost_median","seconds_per_iteration_median","n_repeats_two_run_flagged","time_mean_not_positive","time_median_not_positive","chain_rate","total_iter_per_sec","max_divergences","configuration_id","mplus_iteration_mode"
"HPC","Mplus_WCP","mplus",500,1,8,4,2,10000,"5fff1836d43ae39c037ca22d13a50ed5","Mplus_input_write_engine_run_output_validation_BITERATIONS","overhead_subtraction","main_scaling","two_run_difference",NA,3,22.4676666666667,22.71,0.49970624704254,0.452666666666664,22.9203333333333,0.452666666666664,0.00224676666666667,0.447999999999993,23.158,0.447999999999993,0.002271,0,FALSE,FALSE,0.178033618681661,1780.33618681661,NA,1,"BITERATIONS"
"HPC","Mplus_WCP","mplus",500,1,16,4,4,10000,"5fff1836d43ae39c037ca22d13a50ed5","Mplus_input_write_engine_run_output_validation_BITERATIONS","overhead_subtraction","main_scaling","two_run_difference",NA,3,15.9263333333333,15.863,0.562679600957196,0.43433333333334,16.3606666666667,0.43433333333334,0.00159263333333333,0.432999999999993,16.284,0.432999999999993,0.0015863,0,FALSE,FALSE,0.251156365767387,2511.56365767387,NA,2,"BITERATIONS"
"HPC","Mplus_WCP","mplus",500,1,32,4,8,10000,"5fff1836d43ae39c037ca22d13a50ed5","Mplus_input_write_engine_run_output_validation_BITERATIONS","overhead_subtraction","main_scaling","two_run_difference",NA,3,10.076,10.178,0.282182565017752,0.417666666666669,10.4936666666667,0.417666666666669,0.0010076,0.418000000000006,10.596,0.418000000000006,0.0010178,0,FALSE,FALSE,0.396982929734021,3969.82929734021,NA,3,"BITERATIONS"
"HPC","Mplus_WCP","mplus",500,1,16,8,2,10000,"5fff1836d43ae39c037ca22d13a50ed5","Mplus_input_write_engine_run_output_validation_BITERATIONS","overhead_subtraction","main_scaling","two_run_difference",NA,3,31.3193333333333,30.893,1.45318626931765,0.447999999999998,31.7673333333333,0.447999999999998,0.00313193333333333,0.450999999999993,31.357,0.450999999999993,0.0030893,0,FALSE,FALSE,0.255433278698993,2554.33278698993,NA,4,"BITERATIONS"
"HPC","Mplus_WCP","mplus",500,1,32,8,4,10000,"5fff1836d43ae39c037ca22d13a50ed5","Mplus_input_write_engine_run_output_validation_BITERATIONS","overhead_subtraction","main_scaling","two_run_difference",NA,3,20.78,20.175,2.47460320051517,0.433000000000012,21.213,0.433000000000012,0.002078,0.432999999999993,20.614,0.432999999999993,0.0020175,0,FALSE,FALSE,0.384985563041386,3849.85563041386,NA,5,"BITERATIONS"
"HPC","Mplus_WCP","mplus",500,1,64,8,8,10000,"5fff1836d43ae39c037ca22d13a50ed5","Mplus_input_write_engine_run_output_validation_BITERATIONS","overhead_subtraction","main_scaling","two_run_difference",NA,3,13.5496666666667,13.597,0.273094000910538,0.431333333333328,13.981,0.431333333333328,0.00135496666666667,0.423000000000002,14.014,0.423000000000002,0.0013597,0,FALSE,FALSE,0.590420428546827,5904.20428546827,NA,6,"BITERATIONS"
"HPC","Mplus_WCP","mplus",500,1,32,16,2,10000,"5fff1836d43ae39c037ca22d13a50ed5","Mplus_input_write_engine_run_output_validation_BITERATIONS","overhead_subtraction","main_scaling","two_run_difference",NA,3,39.0976666666666,38.653,1.05201584271969,0.442666666666696,39.5403333333333,0.442666666666696,0.00390976666666666,0.446000000000026,39.1059999999999,0.446000000000026,0.0038653,0,FALSE,FALSE,0.409231582447376,4092.31582447376,NA,7,"BITERATIONS"
"HPC","Mplus_WCP","mplus",500,1,64,16,4,10000,"5fff1836d43ae39c037ca22d13a50ed5","Mplus_input_write_engine_run_output_validation_BITERATIONS","overhead_subtraction","main_scaling","two_run_difference",NA,3,23.0016666666667,22.752,1.57243643220752,0.445333333333319,23.447,0.445333333333319,0.00230016666666667,0.423000000000002,23.173,0.423000000000002,0.0022752,0,FALSE,FALSE,0.695601767987826,6956.01767987826,NA,8,"BITERATIONS"
"HPC","Mplus_WCP","mplus",500,1,96,16,6,10000,"5fff1836d43ae39c037ca22d13a50ed5","Mplus_input_write_engine_run_output_validation_BITERATIONS","overhead_subtraction","main_scaling","two_run_difference",NA,3,19.9553333333333,19.7769999999999,0.465845825712037,0.464333333333324,20.4196666666666,0.464333333333324,0.00199553333333333,0.442999999999984,20.2199999999999,0.442999999999984,0.00197769999999999,0,FALSE,FALSE,0.801790665820333,8017.90665820333,NA,9,"BITERATIONS"
"HPC","Mplus_WCP","mplus",500,1,128,16,8,10000,"5fff1836d43ae39c037ca22d13a50ed5","Mplus_input_write_engine_run_output_validation_BITERATIONS","overhead_subtraction","main_scaling","two_run_difference",NA,3,17.9623333333334,18.294,0.738635453612444,0.45066666666664,18.413,0.45066666666664,0.00179623333333334,0.449999999999989,18.751,0.449999999999989,0.0018294,0,FALSE,FALSE,0.890752871750142,8907.52871750142,NA,10,"BITERATIONS"
"HPC","Mplus_WCP","mplus",2500,1,8,4,2,2000,"229e14792b0f4550a6f1e0887b422826","Mplus_input_write_engine_run_output_validation_BITERATIONS","overhead_subtraction","main_scaling","two_run_difference",NA,3,21.706,21.3339999999999,0.900593693071333,0.555333333333313,22.2613333333333,0.555333333333313,0.010853,0.556999999999903,21.895,0.556999999999903,0.010667,0,FALSE,FALSE,0.184280844006265,368.561688012531,NA,11,"BITERATIONS"
"HPC","Mplus_WCP","mplus",2500,1,16,4,4,2000,"229e14792b0f4550a6f1e0887b422826","Mplus_input_write_engine_run_output_validation_BITERATIONS","overhead_subtraction","main_scaling","two_run_difference",NA,3,14.7486666666667,14.408,0.904469642018654,0.539333333333313,15.288,0.539333333333313,0.00737433333333333,0.532000000000039,14.9649999999999,0.532000000000039,0.00720400000000001,0,FALSE,FALSE,0.27121095692266,542.42191384532,NA,12,"BITERATIONS"
"HPC","Mplus_WCP","mplus",2500,1,32,4,8,2000,"229e14792b0f4550a6f1e0887b422826","Mplus_input_write_engine_run_output_validation_BITERATIONS","overhead_subtraction","main_scaling","two_run_difference",NA,3,8.30400000000005,8.32300000000009,0.09395211546318,0.489666666666684,8.79366666666673,0.489666666666684,0.00415200000000002,0.490000000000009,8.81400000000008,0.490000000000009,0.00416150000000005,0,FALSE,FALSE,0.481695568400768,963.391136801536,NA,13,"BITERATIONS"
"HPC","Mplus_WCP","mplus",2500,1,16,8,2,2000,"229e14792b0f4550a6f1e0887b422826","Mplus_input_write_engine_run_output_validation_BITERATIONS","overhead_subtraction","main_scaling","two_run_difference",NA,3,28.9283333333333,29.1700000000001,0.971315774263658,0.563666666666677,29.492,0.563666666666677,0.0144641666666667,0.571000000000026,29.744,0.571000000000026,0.014585,0,FALSE,FALSE,0.276545485971078,553.090971942156,NA,14,"BITERATIONS"
"HPC","Mplus_WCP","mplus",2500,1,32,8,4,2000,"229e14792b0f4550a6f1e0887b422826","Mplus_input_write_engine_run_output_validation_BITERATIONS","overhead_subtraction","main_scaling","two_run_difference",NA,3,16.9150000000001,16.4940000000001,0.994726595603012,0.516333333333326,17.4313333333334,0.516333333333326,0.00845750000000004,0.518000000000029,17.0350000000001,0.518000000000029,0.00824700000000007,0,FALSE,FALSE,0.472953000295593,945.906000591187,NA,15,"BITERATIONS"
"HPC","Mplus_WCP","mplus",2500,1,64,8,8,2000,"229e14792b0f4550a6f1e0887b422826","Mplus_input_write_engine_run_output_validation_BITERATIONS","overhead_subtraction","main_scaling","two_run_difference",NA,3,10.0503333333334,9.49800000000005,1.21740886038063,0.499666666666675,10.5500000000001,0.499666666666675,0.0050251666666667,0.466000000000008,9.95500000000004,0.466000000000008,0.00474900000000002,0,FALSE,FALSE,0.795993499386417,1591.98699877283,NA,16,"BITERATIONS"
"HPC","Mplus_WCP","mplus",2500,1,32,16,2,2000,"229e14792b0f4550a6f1e0887b422826","Mplus_input_write_engine_run_output_validation_BITERATIONS","overhead_subtraction","main_scaling","two_run_difference",NA,3,31.9016666666666,31.586,0.763145027719689,0.500666666666651,32.4023333333333,0.500666666666651,0.0159508333333333,0.509000000000015,32.059,0.509000000000015,0.015793,0,FALSE,FALSE,0.501541194294969,1003.08238858994,NA,17,"BITERATIONS"
"HPC","Mplus_WCP","mplus",2500,1,64,16,4,2000,"229e14792b0f4550a6f1e0887b422826","Mplus_input_write_engine_run_output_validation_BITERATIONS","overhead_subtraction","main_scaling","two_run_difference",NA,3,18.0740000000001,18.076,0.553002712470627,0.508333333333288,18.5823333333334,0.508333333333288,0.00903700000000003,0.489000000000033,18.5650000000001,0.489000000000033,0.00903800000000001,0,FALSE,FALSE,0.885249529711184,1770.49905942237,NA,18,"BITERATIONS"
"HPC","Mplus_WCP","mplus",2500,1,96,16,6,2000,"229e14792b0f4550a6f1e0887b422826","Mplus_input_write_engine_run_output_validation_BITERATIONS","overhead_subtraction","main_scaling","two_run_difference",NA,3,15.0793333333334,15.2780000000002,0.497684973987821,0.493333333333339,15.5726666666668,0.493333333333339,0.00753966666666671,0.470000000000027,15.7460000000001,0.470000000000027,0.00763900000000012,0,FALSE,FALSE,1.06105486537866,2122.10973075731,NA,19,"BITERATIONS"
"HPC","Mplus_WCP","mplus",2500,1,128,16,8,2000,"229e14792b0f4550a6f1e0887b422826","Mplus_input_write_engine_run_output_validation_BITERATIONS","overhead_subtraction","main_scaling","two_run_difference",NA,3,13.3110000000001,12.9940000000001,0.798196091195632,0.499333333333273,13.8103333333333,0.499333333333273,0.00665550000000004,0.509999999999991,13.5070000000001,0.509999999999991,0.00649700000000007,0,FALSE,FALSE,1.20201337239876,2404.02674479752,NA,20,"BITERATIONS"
"HPC","Mplus_WCP","mplus",10000,1,8,4,2,500,"b97502ef4c1796520d0acd01a82ea24d","Mplus_input_write_engine_run_output_validation_BITERATIONS","overhead_subtraction","main_scaling","two_run_difference",NA,3,19.595,19.1769999999999,0.73964045319321,1.00700000000006,20.602,1.00700000000006,0.0391899999999999,1.01600000000008,20.193,1.01600000000008,0.0383539999999998,0,FALSE,FALSE,0.204133707578464,102.066853789232,NA,21,"BITERATIONS"
"HPC","Mplus_WCP","mplus",10000,1,16,4,4,500,"b97502ef4c1796520d0acd01a82ea24d","Mplus_input_write_engine_run_output_validation_BITERATIONS","overhead_subtraction","main_scaling","two_run_difference",NA,3,14.0973333333333,14.1690000000001,0.447821765140467,0.929333333333337,15.0266666666666,0.929333333333337,0.0281946666666666,0.942000000000007,15.116,0.942000000000007,0.0283380000000002,0,FALSE,FALSE,0.28374160597749,141.870802988745,NA,22,"BITERATIONS"
"HPC","Mplus_WCP","mplus",10000,1,32,4,8,500,"b97502ef4c1796520d0acd01a82ea24d","Mplus_input_write_engine_run_output_validation_BITERATIONS","overhead_subtraction","main_scaling","two_run_difference",NA,3,7.93299999999992,7.94700000000012,0.277265215993805,0.734000000000075,8.66699999999999,0.734000000000075,0.0158659999999998,0.731999999999971,8.67900000000009,0.731999999999971,0.0158940000000002,0,FALSE,FALSE,0.504222866507001,252.111433253501,NA,23,"BITERATIONS"
"HPC","Mplus_WCP","mplus",10000,1,64,4,16,500,"b97502ef4c1796520d0acd01a82ea24d","Mplus_input_write_engine_run_output_validation_BITERATIONS","overhead_subtraction","main_scaling","two_run_difference",NA,3,4.57366666666659,4.58600000000001,0.170834227639888,0.609000000000075,5.18266666666667,0.609000000000075,0.00914733333333318,0.609000000000151,5.18200000000002,0.609000000000151,0.00917200000000003,0,FALSE,FALSE,0.874571824211077,437.285912105539,NA,24,"BITERATIONS"
"HPC","Mplus_WCP","mplus",10000,1,96,4,24,500,"b97502ef4c1796520d0acd01a82ea24d","Mplus_input_write_engine_run_output_validation_BITERATIONS","overhead_subtraction","main_scaling","two_run_difference",NA,3,3.74400000000007,3.71199999999999,0.0571664237119178,0.586999999999913,4.33099999999998,0.586999999999913,0.00748800000000013,0.589999999999918,4.29999999999995,0.589999999999918,0.00742399999999998,0,FALSE,FALSE,1.06837606837605,534.188034188025,NA,25,"BITERATIONS"
"HPC","Mplus_WCP","mplus",10000,1,128,4,32,500,"b97502ef4c1796520d0acd01a82ea24d","Mplus_input_write_engine_run_output_validation_BITERATIONS","overhead_subtraction","main_scaling","two_run_difference",NA,3,2.45999999999996,2.26899999999978,0.437939493537658,0.558666666666719,3.01866666666668,0.558666666666719,0.00491999999999992,0.570000000000164,2.83899999999994,0.570000000000164,0.00453799999999956,0,FALSE,FALSE,1.62601626016263,813.008130081314,NA,26,"BITERATIONS"
"HPC","Mplus_WCP","mplus",10000,1,176,4,44,500,"b97502ef4c1796520d0acd01a82ea24d","Mplus_input_write_engine_run_output_validation_BITERATIONS","overhead_subtraction","main_scaling","two_run_difference",NA,3,2.77199999999993,2.72000000000003,0.316223022564748,0.581333333333381,3.35333333333332,0.581333333333381,0.00554399999999987,0.576999999999998,3.29700000000003,0.576999999999998,0.00544000000000005,0,FALSE,FALSE,1.44300144300148,721.500721500739,NA,27,"BITERATIONS"
"HPC","Mplus_WCP","mplus",10000,1,16,8,2,500,"b97502ef4c1796520d0acd01a82ea24d","Mplus_input_write_engine_run_output_validation_BITERATIONS","overhead_subtraction","main_scaling","two_run_difference",NA,3,28.4229999999999,28.0059999999999,1.06932642350218,0.995666666666769,29.4186666666667,0.995666666666769,0.0568459999999999,0.993000000000166,28.999,0.993000000000166,0.0560119999999997,0,FALSE,FALSE,0.281462196108786,140.731098054393,NA,28,"BITERATIONS"
"HPC","Mplus_WCP","mplus",10000,1,32,8,4,500,"b97502ef4c1796520d0acd01a82ea24d","Mplus_input_write_engine_run_output_validation_BITERATIONS","overhead_subtraction","main_scaling","two_run_difference",NA,3,16.697,16.9920000000002,0.721262088286928,0.763333333333245,17.4603333333333,0.763333333333245,0.0333940000000001,0.768000000000029,17.769,0.768000000000029,0.0339840000000004,0,FALSE,FALSE,0.479127987063543,239.563993531772,NA,29,"BITERATIONS"
"HPC","Mplus_WCP","mplus",10000,1,64,8,8,500,"b97502ef4c1796520d0acd01a82ea24d","Mplus_input_write_engine_run_output_validation_BITERATIONS","overhead_subtraction","main_scaling","two_run_difference",NA,3,11.0586666666666,10.9029999999998,0.915480383915297,0.622333333333396,11.681,0.622333333333396,0.0221173333333331,0.627999999999929,11.5329999999999,0.627999999999929,0.0218059999999996,0,FALSE,FALSE,0.723414516517971,361.707258258986,NA,30,"BITERATIONS"
"HPC","Mplus_WCP","mplus",10000,1,96,8,12,500,"b97502ef4c1796520d0acd01a82ea24d","Mplus_input_write_engine_run_output_validation_BITERATIONS","overhead_subtraction","main_scaling","two_run_difference",NA,3,7.69133333333328,7.45900000000006,0.405013991527805,0.600666666666712,8.29199999999999,0.600666666666712,0.0153826666666666,0.601000000000113,8.07300000000009,0.601000000000113,0.0149180000000001,0,FALSE,FALSE,1.04013175002168,520.065875010838,NA,31,"BITERATIONS"
"HPC","Mplus_WCP","mplus",10000,1,128,8,16,500,"b97502ef4c1796520d0acd01a82ea24d","Mplus_input_write_engine_run_output_validation_BITERATIONS","overhead_subtraction","main_scaling","two_run_difference",NA,3,6.53499999999993,6.8159999999998,0.520846426501862,0.586000000000013,7.12099999999994,0.586000000000013,0.0130699999999999,0.585000000000036,7.40099999999984,0.585000000000036,0.0136319999999996,0,FALSE,FALSE,1.22417750573835,612.088752869173,NA,32,"BITERATIONS"
"HPC","Mplus_WCP","mplus",10000,1,176,8,22,500,"b97502ef4c1796520d0acd01a82ea24d","Mplus_input_write_engine_run_output_validation_BITERATIONS","overhead_subtraction","main_scaling","two_run_difference",NA,3,5.35533333333334,5.7349999999999,0.67325057247163,0.626666666666627,5.98199999999997,0.626666666666627,0.0107106666666667,0.619999999999891,6.37300000000005,0.619999999999891,0.0114699999999998,0,FALSE,FALSE,1.49383791858583,746.918959292915,NA,33,"BITERATIONS"
"HPC","Mplus_WCP","mplus",10000,1,32,16,2,500,"b97502ef4c1796520d0acd01a82ea24d","Mplus_input_write_engine_run_output_validation_BITERATIONS","overhead_subtraction","main_scaling","two_run_difference",NA,3,29.7570000000001,29.8700000000001,3.67780219696495,0.719999999999876,30.477,0.719999999999876,0.0595140000000003,0.7199999999998,30.6030000000001,0.7199999999998,0.0597400000000002,0,FALSE,FALSE,0.537688611083104,268.844305541552,NA,34,"BITERATIONS"
"HPC","Mplus_WCP","mplus",10000,1,64,16,4,500,"b97502ef4c1796520d0acd01a82ea24d","Mplus_input_write_engine_run_output_validation_BITERATIONS","overhead_subtraction","main_scaling","two_run_difference",NA,3,18.2596666666667,18.2539999999999,0.650518511138183,0.604999999999942,18.8646666666667,0.604999999999942,0.0365193333333335,0.603999999999814,18.857,0.603999999999814,0.0365079999999998,0,FALSE,FALSE,0.876248197301882,438.124098650941,NA,35,"BITERATIONS"
"HPC","Mplus_WCP","mplus",10000,1,96,16,6,500,"b97502ef4c1796520d0acd01a82ea24d","Mplus_input_write_engine_run_output_validation_BITERATIONS","overhead_subtraction","main_scaling","two_run_difference",NA,3,15.3170000000002,14.9750000000001,0.681703014515788,0.608333333333273,15.9253333333334,0.608333333333273,0.0306340000000003,0.601999999999862,15.5740000000001,0.601999999999862,0.0299500000000003,0,FALSE,FALSE,1.04459097734542,522.295488672711,NA,36,"BITERATIONS"
"HPC","Mplus_WCP","mplus",10000,1,128,16,8,500,"b97502ef4c1796520d0acd01a82ea24d","Mplus_input_write_engine_run_output_validation_BITERATIONS","overhead_subtraction","main_scaling","two_run_difference",NA,3,11.9306666666667,12.1669999999999,0.942003361635734,0.590333333333244,12.521,0.590333333333244,0.0238613333333334,0.591999999999871,12.7599999999998,0.591999999999871,0.0243339999999998,0,FALSE,FALSE,1.34108180599016,670.54090299508,NA,37,"BITERATIONS"
"HPC","Mplus_WCP","mplus",10000,1,176,16,11,500,"b97502ef4c1796520d0acd01a82ea24d","Mplus_input_write_engine_run_output_validation_BITERATIONS","overhead_subtraction","main_scaling","two_run_difference",NA,3,11.533,11.6970000000001,0.87756937047746,0.627333333333354,12.1603333333333,0.627333333333354,0.023066,0.614000000000033,12.3020000000001,0.614000000000033,0.0233940000000002,0,FALSE,FALSE,1.38732333304431,693.661666522155,NA,38,"BITERATIONS"
"HPC","Mplus_WCP","mplus",50000,1,8,4,2,100,"3f8ed78629bdab9b833b52bd1450ea30","Mplus_input_write_engine_run_output_validation_BITERATIONS","overhead_subtraction","main_scaling","two_run_difference",NA,3,19.5836666666669,19.6750000000002,0.253648050127397,3.39233333333323,22.9760000000001,3.39233333333323,0.195836666666669,3.45499999999993,23.1300000000001,3.45499999999993,0.196750000000002,0,FALSE,FALSE,0.204251842521827,20.4251842521827,NA,39,"BITERATIONS"
"HPC","Mplus_WCP","mplus",50000,1,16,4,4,100,"3f8ed78629bdab9b833b52bd1450ea30","Mplus_input_write_engine_run_output_validation_BITERATIONS","overhead_subtraction","main_scaling","two_run_difference",NA,3,13.6946666666665,13.3999999999996,1.25325589299776,2.98233333333337,16.6769999999998,2.98233333333337,0.136946666666665,2.93899999999985,16.5589999999997,2.93899999999985,0.133999999999996,0,FALSE,FALSE,0.292084509784835,29.2084509784835,NA,40,"BITERATIONS"
"HPC","Mplus_WCP","mplus",50000,1,32,4,8,100,"3f8ed78629bdab9b833b52bd1450ea30","Mplus_input_write_engine_run_output_validation_BITERATIONS","overhead_subtraction","main_scaling","two_run_difference",NA,3,8.2180000000003,8.154,0.194082456703549,1.89533333333308,10.1133333333334,1.89533333333308,0.082180000000003,1.91599999999971,10.0989999999997,1.91599999999971,0.08154,0,FALSE,FALSE,0.486736432221934,48.6736432221934,NA,41,"BITERATIONS"
"HPC","Mplus_WCP","mplus",50000,1,64,4,16,100,"3f8ed78629bdab9b833b52bd1450ea30","Mplus_input_write_engine_run_output_validation_BITERATIONS","overhead_subtraction","main_scaling","two_run_difference",NA,3,4.65433333333355,4.5630000000001,0.197528057078896,1.31700000000001,5.97133333333356,1.31700000000001,0.0465433333333355,1.34900000000016,5.91200000000026,1.34900000000016,0.045630000000001,0,FALSE,FALSE,0.85941416601013,85.941416601013,NA,42,"BITERATIONS"
"HPC","Mplus_WCP","mplus",50000,1,96,4,24,100,"3f8ed78629bdab9b833b52bd1450ea30","Mplus_input_write_engine_run_output_validation_BITERATIONS","overhead_subtraction","main_scaling","two_run_difference",NA,3,3.36566666666643,3.43699999999944,0.268211359441172,1.11300000000013,4.47866666666657,1.11300000000013,0.0336566666666643,1.11000000000013,4.53399999999965,1.11000000000013,0.0343699999999944,0,FALSE,FALSE,1.18847182331394,118.847182331394,NA,43,"BITERATIONS"
"HPC","Mplus_WCP","mplus",50000,1,128,4,32,100,"3f8ed78629bdab9b833b52bd1450ea30","Mplus_input_write_engine_run_output_validation_BITERATIONS","overhead_subtraction","main_scaling","two_run_difference",NA,3,3.02533333333349,2.92700000000013,0.231716061880154,1.04066666666661,4.06600000000011,1.04066666666661,0.0302533333333349,1.05499999999984,3.98300000000017,1.05499999999984,0.0292700000000013,0,FALSE,FALSE,1.32216835610394,132.216835610394,NA,44,"BITERATIONS"
"HPC","Mplus_WCP","mplus",50000,1,176,4,44,100,"3f8ed78629bdab9b833b52bd1450ea30","Mplus_input_write_engine_run_output_validation_BITERATIONS","overhead_subtraction","main_scaling","two_run_difference",NA,3,2.86233333333348,2.83600000000024,0.124604708311188,1.06100000000015,3.92333333333363,1.06100000000015,0.0286233333333348,1.10800000000017,3.94700000000012,1.10800000000017,0.0283600000000024,0,FALSE,FALSE,1.397461278677,139.7461278677,NA,45,"BITERATIONS"
"HPC","Mplus_WCP","mplus",50000,1,16,8,2,100,"3f8ed78629bdab9b833b52bd1450ea30","Mplus_input_write_engine_run_output_validation_BITERATIONS","overhead_subtraction","main_scaling","two_run_difference",NA,3,27.7670000000001,28.116,1.03941377708803,3.28866666666666,31.0556666666668,3.28866666666666,0.277670000000001,3.3119999999999,31.3420000000001,3.3119999999999,0.28116,0,FALSE,FALSE,0.2881117873735,28.81117873735,NA,46,"BITERATIONS"
"HPC","Mplus_WCP","mplus",50000,1,32,8,4,100,"3f8ed78629bdab9b833b52bd1450ea30","Mplus_input_write_engine_run_output_validation_BITERATIONS","overhead_subtraction","main_scaling","two_run_difference",NA,3,15.8903333333333,15.835,0.54112598656302,2.1880000000001,18.0783333333334,2.1880000000001,0.158903333333333,2.1869999999999,18.0900000000001,2.1869999999999,0.15835,0,FALSE,FALSE,0.503450735247846,50.3450735247846,NA,47,"BITERATIONS"
"HPC","Mplus_WCP","mplus",50000,1,64,8,8,100,"3f8ed78629bdab9b833b52bd1450ea30","Mplus_input_write_engine_run_output_validation_BITERATIONS","overhead_subtraction","main_scaling","two_run_difference",NA,3,10.7036666666668,10.491,0.377042879965982,1.45199999999992,12.1556666666667,1.45199999999992,0.107036666666668,1.45399999999972,11.9350000000004,1.45399999999972,0.10491,0,FALSE,FALSE,0.74740743047553,74.740743047553,NA,48,"BITERATIONS"
"HPC","Mplus_WCP","mplus",50000,1,96,8,12,100,"3f8ed78629bdab9b833b52bd1450ea30","Mplus_input_write_engine_run_output_validation_BITERATIONS","overhead_subtraction","main_scaling","two_run_difference",NA,3,8.13333333333306,8.01599999999962,0.383699535227031,1.23300000000017,9.36633333333324,1.23300000000017,0.0813333333333306,1.23500000000013,9.25099999999975,1.23500000000013,0.0801599999999962,0,FALSE,FALSE,0.983606557377082,98.3606557377082,NA,49,"BITERATIONS"
"HPC","Mplus_WCP","mplus",50000,1,128,8,16,100,"3f8ed78629bdab9b833b52bd1450ea30","Mplus_input_write_engine_run_output_validation_BITERATIONS","overhead_subtraction","main_scaling","two_run_difference",NA,3,6.98866666666678,6.98700000000008,0.45350229694391,1.13299999999996,8.12166666666675,1.13299999999996,0.0698866666666678,1.13200000000006,8.11900000000014,1.13200000000006,0.0698700000000008,0,FALSE,FALSE,1.14471048364016,114.471048364016,NA,50,"BITERATIONS"
"HPC","Mplus_WCP","mplus",50000,1,176,8,22,100,"3f8ed78629bdab9b833b52bd1450ea30","Mplus_input_write_engine_run_output_validation_BITERATIONS","overhead_subtraction","main_scaling","two_run_difference",NA,3,6.21133333333334,6.12899999999945,0.411721183974619,1.11366666666663,7.32499999999997,1.11366666666663,0.0621133333333334,1.06899999999996,7.1899999999996,1.06899999999996,0.0612899999999945,0,FALSE,FALSE,1.28796823011699,128.796823011699,NA,51,"BITERATIONS"
"HPC","Mplus_WCP","mplus",50000,1,32,16,2,100,"3f8ed78629bdab9b833b52bd1450ea30","Mplus_input_write_engine_run_output_validation_BITERATIONS","overhead_subtraction","main_scaling","two_run_difference",NA,3,30.2076666666664,30.3399999999997,0.617232803189502,1.92233333333358,32.13,1.92233333333358,0.302076666666664,1.90700000000015,32.2469999999998,1.90700000000015,0.303399999999997,0,FALSE,FALSE,0.529666861613503,52.9666861613503,NA,52,"BITERATIONS"
"HPC","Mplus_WCP","mplus",50000,1,64,16,4,100,"3f8ed78629bdab9b833b52bd1450ea30","Mplus_input_write_engine_run_output_validation_BITERATIONS","overhead_subtraction","main_scaling","two_run_difference",NA,3,18.1213333333332,17.9939999999997,0.27141174133296,1.38466666666667,19.5059999999999,1.38466666666667,0.181213333333332,1.38599999999997,19.3979999999997,1.38599999999997,0.179939999999997,0,FALSE,FALSE,0.882937237878014,88.2937237878014,NA,53,"BITERATIONS"
"HPC","Mplus_WCP","mplus",50000,1,96,16,6,100,"3f8ed78629bdab9b833b52bd1450ea30","Mplus_input_write_engine_run_output_validation_BITERATIONS","overhead_subtraction","main_scaling","two_run_difference",NA,3,13.6206666666667,13.3009999999999,0.632322966001522,1.20933333333339,14.8300000000001,1.20933333333339,0.136206666666667,1.20700000000033,14.5080000000003,1.20700000000033,0.133009999999999,0,FALSE,FALSE,1.1746855268954,117.46855268954,NA,54,"BITERATIONS"
"HPC","Mplus_WCP","mplus",50000,1,128,16,8,100,"3f8ed78629bdab9b833b52bd1450ea30","Mplus_input_write_engine_run_output_validation_BITERATIONS","overhead_subtraction","main_scaling","two_run_difference",NA,3,12.799,12.9900000000007,0.36066743684464,1.21199999999999,14.011,1.21199999999999,0.12799,1.22500000000036,14.1600000000003,1.22500000000036,0.129900000000007,0,FALSE,FALSE,1.25009766387999,125.009766387999,NA,55,"BITERATIONS"
"HPC","Mplus_WCP","mplus",50000,1,176,16,11,100,"3f8ed78629bdab9b833b52bd1450ea30","Mplus_input_write_engine_run_output_validation_BITERATIONS","overhead_subtraction","main_scaling","two_run_difference",NA,3,12.2023333333336,12.2310000000002,0.346889511708686,1.12366666666655,13.3260000000002,1.12366666666655,0.122023333333336,1.14199999999983,13.3040000000001,1.14199999999983,0.122310000000002,0,FALSE,FALSE,1.31122462916925,131.122462916925,NA,56,"BITERATIONS"
"HPC","Mplus_standard","mplus",500,1,1,1,1,2000,"5fff1836d43ae39c037ca22d13a50ed5","Mplus_input_write_engine_run_output_validation_BITERATIONS","overhead_subtraction","main_scaling","two_run_difference",NA,3,1.65566666666667,1.654,0.0125830573921169,0.425666666666666,2.08133333333333,0.425666666666666,0.000827833333333334,0.427999999999997,2.082,0.427999999999997,0.000827000000000002,0,FALSE,FALSE,0.603986309643648,1207.9726192873,NA,57,"BITERATIONS"
"HPC","Mplus_standard","mplus",500,1,2,2,1,2000,"5fff1836d43ae39c037ca22d13a50ed5","Mplus_input_write_engine_run_output_validation_BITERATIONS","overhead_subtraction","main_scaling","two_run_difference",NA,3,3.40366666666667,3.383,0.0722518742548128,0.456000000000001,3.85966666666667,0.456000000000001,0.00170183333333333,0.451000000000001,3.854,0.451000000000001,0.0016915,0,FALSE,FALSE,0.587601606111057,1175.20321222211,NA,58,"BITERATIONS"
"HPC","Mplus_standard","mplus",500,1,4,4,1,2000,"5fff1836d43ae39c037ca22d13a50ed5","Mplus_input_write_engine_run_output_validation_BITERATIONS","overhead_subtraction","main_scaling","two_run_difference",NA,3,8.45066666666666,8.407,0.112072892946211,0.463666666666668,8.91433333333333,0.463666666666668,0.00422533333333333,0.463000000000001,8.868,0.463000000000001,0.0042035,0,FALSE,FALSE,0.473335437046387,946.670874092774,NA,59,"BITERATIONS"
"HPC","Mplus_standard","mplus",500,1,8,8,1,2000,"5fff1836d43ae39c037ca22d13a50ed5","Mplus_input_write_engine_run_output_validation_BITERATIONS","overhead_subtraction","main_scaling","two_run_difference",NA,3,17.3823333333333,17.601,0.452528820444986,0.462333333333329,17.8446666666667,0.462333333333329,0.00869116666666667,0.459999999999994,18.061,0.459999999999994,0.00880050000000001,0,FALSE,FALSE,0.460237405795156,920.474811590312,NA,60,"BITERATIONS"
"HPC","Mplus_standard","mplus",500,1,16,16,1,2000,"5fff1836d43ae39c037ca22d13a50ed5","Mplus_input_write_engine_run_output_validation_BITERATIONS","overhead_subtraction","main_scaling","two_run_difference",NA,3,21.707,20.991,1.61664498267244,0.465333333333338,22.1723333333333,0.465333333333338,0.0108535,0.465000000000003,21.44,0.465000000000003,0.0104955,0,FALSE,FALSE,0.737089418160041,1474.17883632008,NA,61,"BITERATIONS"
"HPC","Mplus_standard","mplus",500,1,32,32,1,2000,"5fff1836d43ae39c037ca22d13a50ed5","Mplus_input_write_engine_run_output_validation_BITERATIONS","overhead_subtraction","main_scaling","two_run_difference",NA,3,23.8086666666667,24.476,2.14531031166434,0.464666666666667,24.2733333333333,0.464666666666667,0.0119043333333333,0.465,24.954,0.465,0.012238,0,FALSE,FALSE,1.34404838574189,2688.09677148377,NA,62,"BITERATIONS"
"HPC","Mplus_standard","mplus",500,1,64,64,1,2000,"5fff1836d43ae39c037ca22d13a50ed5","Mplus_input_write_engine_run_output_validation_BITERATIONS","overhead_subtraction","main_scaling","two_run_difference",NA,3,23.2516666666667,21.467,3.88744972100392,0.513,23.7646666666667,0.513,0.0116258333333333,0.477999999999994,21.939,0.477999999999994,0.0107335,0,FALSE,FALSE,2.75249086087019,5504.98172174038,NA,63,"BITERATIONS"
"HPC","Mplus_standard","mplus",500,1,96,96,1,2000,"5fff1836d43ae39c037ca22d13a50ed5","Mplus_input_write_engine_run_output_validation_BITERATIONS","overhead_subtraction","main_scaling","two_run_difference",NA,3,23.2006666666667,22.326,2.49096574310715,0.504999999999995,23.7056666666667,0.504999999999995,0.0116003333333333,0.498999999999995,22.798,0.498999999999995,0.011163,0,FALSE,FALSE,4.13781213183529,8275.62426367058,NA,64,"BITERATIONS"
"HPC","Mplus_standard","mplus",500,1,180,180,1,2000,"5fff1836d43ae39c037ca22d13a50ed5","Mplus_input_write_engine_run_output_validation_BITERATIONS","overhead_subtraction","main_scaling","two_run_difference",NA,3,27.4456666666667,26.821,1.54575558654444,0.569333333333333,28.015,0.569333333333333,0.0137228333333333,0.558000000000021,27.436,0.558000000000021,0.0134105,0,FALSE,FALSE,6.55841237839611,13116.8247567922,NA,65,"BITERATIONS"
"HPC","Mplus_standard","mplus",2500,1,1,1,1,400,"229e14792b0f4550a6f1e0887b422826","Mplus_input_write_engine_run_output_validation_BITERATIONS","overhead_subtraction","main_scaling","two_run_difference",NA,3,1.51100000000002,1.51200000000006,0.00754983443523904,0.419000000000002,1.93000000000003,0.419000000000002,0.00377750000000006,0.416999999999973,1.93200000000002,0.416999999999973,0.00378000000000014,0,FALSE,FALSE,0.661813368630036,264.725347452014,NA,66,"BITERATIONS"
"HPC","Mplus_standard","mplus",2500,1,2,2,1,400,"229e14792b0f4550a6f1e0887b422826","Mplus_input_write_engine_run_output_validation_BITERATIONS","overhead_subtraction","main_scaling","two_run_difference",NA,3,3.52366666666668,3.60400000000004,0.234077622453189,0.600000000000004,4.12366666666668,0.600000000000004,0.00880916666666669,0.602000000000032,4.19200000000001,0.602000000000032,0.0090100000000001,0,FALSE,FALSE,0.567590577996404,227.036231198562,NA,67,"BITERATIONS"
"HPC","Mplus_standard","mplus",2500,1,4,4,1,400,"229e14792b0f4550a6f1e0887b422826","Mplus_input_write_engine_run_output_validation_BITERATIONS","overhead_subtraction","main_scaling","two_run_difference",NA,3,8.06466666666669,8.05200000000008,0.283212523263582,0.60899999999998,8.67366666666667,0.60899999999998,0.0201616666666667,0.609999999999957,8.66200000000003,0.609999999999957,0.0201300000000002,0,FALSE,FALSE,0.495990741506157,198.396296602463,NA,68,"BITERATIONS"
"HPC","Mplus_standard","mplus",2500,1,8,8,1,400,"229e14792b0f4550a6f1e0887b422826","Mplus_input_write_engine_run_output_validation_BITERATIONS","overhead_subtraction","main_scaling","two_run_difference",NA,3,17.12,17.112,0.339070789069212,0.620000000000005,17.74,0.620000000000005,0.0428,0.617999999999995,17.737,0.617999999999995,0.0427800000000001,0,FALSE,FALSE,0.467289719626168,186.915887850467,NA,69,"BITERATIONS"
"HPC","Mplus_standard","mplus",2500,1,16,16,1,400,"229e14792b0f4550a6f1e0887b422826","Mplus_input_write_engine_run_output_validation_BITERATIONS","overhead_subtraction","main_scaling","two_run_difference",NA,3,20.096,20.1370000000001,0.34533027669176,0.661000000000001,20.757,0.661000000000001,0.05024,0.656999999999982,20.794,0.656999999999982,0.0503425000000001,0,FALSE,FALSE,0.796178343949044,318.471337579618,NA,70,"BITERATIONS"
"HPC","Mplus_standard","mplus",2500,1,32,32,1,400,"229e14792b0f4550a6f1e0887b422826","Mplus_input_write_engine_run_output_validation_BITERATIONS","overhead_subtraction","main_scaling","two_run_difference",NA,3,20.655,20.6129999999999,1.1265873246225,0.680333333333351,21.3353333333333,0.680333333333351,0.0516374999999999,0.66700000000003,21.28,0.66700000000003,0.0515324999999999,0,FALSE,FALSE,1.54926167998064,619.704671992254,NA,71,"BITERATIONS"
"HPC","Mplus_standard","mplus",2500,1,64,64,1,400,"229e14792b0f4550a6f1e0887b422826","Mplus_input_write_engine_run_output_validation_BITERATIONS","overhead_subtraction","main_scaling","two_run_difference",NA,3,19.7809999999999,20.078,0.968286631117098,0.722333333333381,20.5033333333333,0.722333333333381,0.0494524999999998,0.72300000000007,20.802,0.72300000000007,0.0501949999999999,0,FALSE,FALSE,3.2354279358981,1294.17117435924,NA,72,"BITERATIONS"
"HPC","Mplus_standard","mplus",2500,1,96,96,1,400,"229e14792b0f4550a6f1e0887b422826","Mplus_input_write_engine_run_output_validation_BITERATIONS","overhead_subtraction","main_scaling","two_run_difference",NA,3,19.518,19.1030000000001,1.40233697804765,0.77666666666668,20.2946666666667,0.77666666666668,0.048795,0.774999999999977,19.878,0.774999999999977,0.0477575000000002,0,FALSE,FALSE,4.91853673532124,1967.4146941285,NA,73,"BITERATIONS"
"HPC","Mplus_standard","mplus",2500,1,180,180,1,400,"229e14792b0f4550a6f1e0887b422826","Mplus_input_write_engine_run_output_validation_BITERATIONS","overhead_subtraction","main_scaling","two_run_difference",NA,3,23.1546666666666,22.967,1.21937948700696,0.898666666666713,24.0533333333334,0.898666666666713,0.0578866666666666,0.892000000000053,23.836,0.892000000000053,0.0574175,0,FALSE,FALSE,7.77381089485202,3109.52435794081,NA,74,"BITERATIONS"
"HPC","Mplus_standard","mplus",10000,1,1,1,1,200,"b97502ef4c1796520d0acd01a82ea24d","Mplus_input_write_engine_run_output_validation_BITERATIONS","overhead_subtraction","main_scaling","two_run_difference",NA,3,3.00333333333341,2.98800000000006,0.0383709959908485,0.454999999999965,3.45833333333337,0.454999999999965,0.015016666666667,0.455999999999904,3.43900000000008,0.455999999999904,0.0149400000000003,0,FALSE,FALSE,0.332963374028849,66.5926748057697,NA,75,"BITERATIONS"
"HPC","Mplus_standard","mplus",10000,1,2,2,1,200,"b97502ef4c1796520d0acd01a82ea24d","Mplus_input_write_engine_run_output_validation_BITERATIONS","overhead_subtraction","main_scaling","two_run_difference",NA,3,7.02399999999996,7.03099999999995,0.232579018830233,1.19400000000004,8.218,1.19400000000004,0.0351199999999998,1.18500000000006,8.20799999999997,1.18500000000006,0.0351549999999997,0,FALSE,FALSE,0.284738041002279,56.9476082004559,NA,76,"BITERATIONS"
"HPC","Mplus_standard","mplus",10000,1,4,4,1,200,"b97502ef4c1796520d0acd01a82ea24d","Mplus_input_write_engine_run_output_validation_BITERATIONS","overhead_subtraction","main_scaling","two_run_difference",NA,3,16.1903333333334,16.024,0.551639677084086,1.23199999999997,17.4223333333334,1.23199999999997,0.0809516666666669,1.22499999999991,17.235,1.22499999999991,0.08012,0,FALSE,FALSE,0.247061003479442,49.4122006958883,NA,77,"BITERATIONS"
"HPC","Mplus_standard","mplus",10000,1,8,8,1,200,"b97502ef4c1796520d0acd01a82ea24d","Mplus_input_write_engine_run_output_validation_BITERATIONS","overhead_subtraction","main_scaling","two_run_difference",NA,3,34.1613333333334,34.1960000000001,0.101539811568449,1.31566666666667,35.4770000000001,1.31566666666667,0.170806666666667,1.31799999999998,35.5250000000001,1.31799999999998,0.170980000000001,0,FALSE,FALSE,0.234182896842434,46.8365793684867,NA,78,"BITERATIONS"
"HPC","Mplus_standard","mplus",10000,1,16,16,1,200,"b97502ef4c1796520d0acd01a82ea24d","Mplus_input_write_engine_run_output_validation_BITERATIONS","overhead_subtraction","main_scaling","two_run_difference",NA,3,39.7950000000001,39.816,1.00966380543229,1.38633333333337,41.1813333333334,1.38633333333337,0.198975,1.38300000000004,41.1990000000001,1.38300000000004,0.19908,0,FALSE,FALSE,0.402060560371905,80.4121120743811,NA,79,"BITERATIONS"
"HPC","Mplus_standard","mplus",10000,1,32,32,1,200,"b97502ef4c1796520d0acd01a82ea24d","Mplus_input_write_engine_run_output_validation_BITERATIONS","overhead_subtraction","main_scaling","two_run_difference",NA,3,41.0373333333334,40.8530000000001,1.33408557946389,1.47166666666658,42.509,1.47166666666658,0.205186666666667,1.47399999999993,42.3440000000001,1.47399999999993,0.204265,0,FALSE,FALSE,0.779777763337447,155.955552667489,NA,80,"BITERATIONS"
"HPC","Mplus_standard","mplus",10000,1,64,64,1,200,"b97502ef4c1796520d0acd01a82ea24d","Mplus_input_write_engine_run_output_validation_BITERATIONS","overhead_subtraction","main_scaling","two_run_difference",NA,3,43.1900000000001,40.1609999999998,6.65068139366194,1.59299999999992,44.7830000000001,1.59299999999992,0.215950000000001,1.59199999999987,41.7629999999999,1.59199999999987,0.200804999999999,0,FALSE,FALSE,1.4818244964112,296.36489928224,NA,81,"BITERATIONS"
"HPC","Mplus_standard","mplus",10000,1,96,96,1,200,"b97502ef4c1796520d0acd01a82ea24d","Mplus_input_write_engine_run_output_validation_BITERATIONS","overhead_subtraction","main_scaling","two_run_difference",NA,3,38.9859999999999,38.1489999999999,2.73143716749984,1.70000000000005,40.6859999999999,1.70000000000005,0.194929999999999,1.69900000000007,39.848,1.69900000000007,0.190744999999999,0,FALSE,FALSE,2.46242240804392,492.484481608784,NA,82,"BITERATIONS"
"HPC","Mplus_standard","mplus",10000,1,180,180,1,200,"b97502ef4c1796520d0acd01a82ea24d","Mplus_input_write_engine_run_output_validation_BITERATIONS","overhead_subtraction","main_scaling","two_run_difference",NA,3,44.0289999999998,43.5869999999998,0.836695285035178,2.04733333333343,46.0763333333333,2.04733333333343,0.220144999999999,2.03400000000011,45.6139999999998,2.03400000000011,0.217934999999999,0,FALSE,FALSE,4.08821458584116,817.642917168233,NA,83,"BITERATIONS"
"HPC","Mplus_standard","mplus",50000,1,1,1,1,100,"3f8ed78629bdab9b833b52bd1450ea30","Mplus_input_write_engine_run_output_validation_BITERATIONS","overhead_subtraction","main_scaling","two_run_difference",NA,3,7.39066666666667,7.393,0.00680685928555312,0.721999999999999,8.11266666666667,0.721999999999999,0.0739066666666667,0.721,8.114,0.721,0.07393,0,FALSE,FALSE,0.135305791087859,13.5305791087859,NA,84,"BITERATIONS"
"HPC","Mplus_standard","mplus",50000,1,2,2,1,100,"3f8ed78629bdab9b833b52bd1450ea30","Mplus_input_write_engine_run_output_validation_BITERATIONS","overhead_subtraction","main_scaling","two_run_difference",NA,3,17.6496666666667,17.83,0.550133014218693,4.33533333333333,21.985,4.33533333333333,0.176496666666667,4.317,22.147,4.317,0.1783,0,FALSE,FALSE,0.113316587659824,11.3316587659824,NA,85,"BITERATIONS"
"HPC","Mplus_standard","mplus",50000,1,4,4,1,100,"3f8ed78629bdab9b833b52bd1450ea30","Mplus_input_write_engine_run_output_validation_BITERATIONS","overhead_subtraction","main_scaling","two_run_difference",NA,3,39.5546666666667,39.542,1.00505986554701,4.51133333333332,44.066,4.51133333333332,0.395546666666667,4.511,44.046,4.511,0.39542,0,FALSE,FALSE,0.101125867997034,10.1125867997034,NA,86,"BITERATIONS"
"HPC","Mplus_standard","mplus",50000,1,8,8,1,100,"3f8ed78629bdab9b833b52bd1450ea30","Mplus_input_write_engine_run_output_validation_BITERATIONS","overhead_subtraction","main_scaling","two_run_difference",NA,3,85.3413333333333,85.195,0.97080705257704,4.93133333333333,90.2726666666667,4.93133333333333,0.853413333333333,4.88500000000001,90.08,4.88500000000001,0.85195,0,FALSE,FALSE,0.0937412117613974,9.37412117613974,NA,87,"BITERATIONS"
"HPC","Mplus_standard","mplus",50000,1,16,16,1,100,"3f8ed78629bdab9b833b52bd1450ea30","Mplus_input_write_engine_run_output_validation_BITERATIONS","overhead_subtraction","main_scaling","two_run_difference",NA,3,99.2803333333334,100.087,5.191220408857,5.209,104.489333333333,5.209,0.992803333333334,5.20699999999999,105.294,5.20699999999999,1.00087,0,FALSE,FALSE,0.161159813457516,16.1159813457516,NA,88,"BITERATIONS"
"HPC","Mplus_standard","mplus",50000,1,32,32,1,100,"3f8ed78629bdab9b833b52bd1450ea30","Mplus_input_write_engine_run_output_validation_BITERATIONS","overhead_subtraction","main_scaling","two_run_difference",NA,3,104.194666666667,104.651,1.10835027555975,5.50400000000002,109.698666666667,5.50400000000002,1.04194666666667,5.52499999999998,110.176,5.52499999999998,1.04651,0,FALSE,FALSE,0.307117446830292,30.7117446830292,NA,89,"BITERATIONS"
"HPC","Mplus_standard","mplus",50000,1,64,64,1,100,"3f8ed78629bdab9b833b52bd1450ea30","Mplus_input_write_engine_run_output_validation_BITERATIONS","overhead_subtraction","main_scaling","two_run_difference",NA,3,98.0403333333334,98.799,2.61295279967573,6.02566666666667,104.066,6.02566666666667,0.980403333333334,6.048,104.775,6.048,0.98799,0,FALSE,FALSE,0.652792558164837,65.2792558164837,NA,90,"BITERATIONS"
"HPC","Mplus_standard","mplus",50000,1,96,96,1,100,"3f8ed78629bdab9b833b52bd1450ea30","Mplus_input_write_engine_run_output_validation_BITERATIONS","overhead_subtraction","main_scaling","two_run_difference",NA,3,95.452,95.9929999999999,1.0875904560081,6.612,102.064,6.612,0.95452,6.59999999999991,102.556,6.59999999999991,0.959929999999999,0,FALSE,FALSE,1.0057411054771,100.57411054771,NA,91,"BITERATIONS"
"HPC","Mplus_standard","mplus",50000,1,180,180,1,100,"3f8ed78629bdab9b833b52bd1450ea30","Mplus_input_write_engine_run_output_validation_BITERATIONS","overhead_subtraction","main_scaling","two_run_difference",NA,3,110.854,111.506,1.53372226951286,8.20700000000003,119.061,8.20700000000003,1.10854,8.22600000000011,119.734,8.22600000000011,1.11506,0,FALSE,FALSE,1.62375737456474,162.375737456474,NA,92,"BITERATIONS"
"HPC","Mplus_WCP","mplus",500,1,8,4,2,10000,"5fff1836d43ae39c037ca22d13a50ed5","Mplus_input_write_engine_run_output_validation_FBITERATIONS","overhead_subtraction","main_scaling","two_run_difference",NA,3,22.8526666666669,22.322,0.980388358424107,0.775999999999665,23.6286666666666,0.775999999999665,0.00228526666666669,0.932999999999083,23.1980000000003,0.932999999999083,0.0022322,0,FALSE,FALSE,0.175034277546017,1750.34277546017,NA,1,"FBITERATIONS"
"HPC","Mplus_WCP","mplus",500,1,16,4,4,10000,"5fff1836d43ae39c037ca22d13a50ed5","Mplus_input_write_engine_run_output_validation_FBITERATIONS","overhead_subtraction","main_scaling","two_run_difference",NA,3,16.3556666666663,16.43,0.328862179846693,0.625333333332762,16.980999999999,0.625333333332762,0.00163556666666663,0.717000000000553,16.868,0.717000000000553,0.001643,0,FALSE,FALSE,0.24456355595411,2445.6355595411,NA,2,"FBITERATIONS"
"HPC","Mplus_WCP","mplus",500,1,32,4,8,10000,"5fff1836d43ae39c037ca22d13a50ed5","Mplus_input_write_engine_run_output_validation_FBITERATIONS","overhead_subtraction","main_scaling","two_run_difference",NA,3,10.5343333333341,10.7230000000018,0.466546174920923,0.61733333333242,11.1516666666666,0.61733333333242,0.00105343333333341,0.712999999999738,11.296,0.712999999999738,0.00107230000000018,0,FALSE,FALSE,0.379710786950577,3797.10786950577,NA,3,"FBITERATIONS"
"HPC","Mplus_WCP","mplus",500,1,16,8,2,10000,"5fff1836d43ae39c037ca22d13a50ed5","Mplus_input_write_engine_run_output_validation_FBITERATIONS","overhead_subtraction","main_scaling","two_run_difference",NA,3,34.2920000000007,33.0440000000017,3.41171862849167,0.621000000000099,34.9130000000008,0.621000000000099,0.00342920000000007,0.700000000000728,33.7740000000013,0.700000000000728,0.00330440000000017,0,FALSE,FALSE,0.233290563396706,2332.90563396706,NA,4,"FBITERATIONS"
"HPC","Mplus_WCP","mplus",500,1,32,8,4,10000,"5fff1836d43ae39c037ca22d13a50ed5","Mplus_input_write_engine_run_output_validation_FBITERATIONS","overhead_subtraction","main_scaling","two_run_difference",NA,3,21.8746666666679,21.9089999999997,1.80274522141266,0.612999999999137,22.487666666667,0.612999999999137,0.00218746666666679,0.686999999998079,22.619999999999,0.686999999998079,0.00219089999999997,0,FALSE,FALSE,0.365719858588301,3657.19858588301,NA,5,"FBITERATIONS"
"HPC","Mplus_WCP","mplus",500,1,64,8,8,10000,"5fff1836d43ae39c037ca22d13a50ed5","Mplus_input_write_engine_run_output_validation_FBITERATIONS","overhead_subtraction","main_scaling","two_run_difference",NA,3,14.7716666666675,14.695,0.227886667740265,0.609666666666887,15.3813333333344,0.609666666666887,0.00147716666666675,0.702000000001135,15.2940000000017,0.702000000001135,0.0014695,0,FALSE,FALSE,0.54157734401441,5415.7734401441,NA,6,"FBITERATIONS"
"HPC","Mplus_WCP","mplus",500,1,32,16,2,10000,"5fff1836d43ae39c037ca22d13a50ed5","Mplus_input_write_engine_run_output_validation_FBITERATIONS","overhead_subtraction","main_scaling","two_run_difference",NA,3,40.656,42.9089999999996,5.47404028118173,0.61366666666648,41.2696666666664,0.61366666666648,0.0040656,0.695999999999913,43.6209999999992,0.695999999999913,0.00429089999999996,0,FALSE,FALSE,0.393545848091303,3935.45848091303,NA,7,"FBITERATIONS"
"HPC","Mplus_WCP","mplus",500,1,64,16,4,10000,"5fff1836d43ae39c037ca22d13a50ed5","Mplus_input_write_engine_run_output_validation_FBITERATIONS","overhead_subtraction","main_scaling","two_run_difference",NA,3,25.0960000000012,24.9510000000009,1.04904289712239,0.633999999999096,25.7300000000003,0.633999999999096,0.00250960000000012,0.724999999998545,25.6759999999995,0.724999999998545,0.00249510000000009,0,FALSE,FALSE,0.637551801083807,6375.51801083807,NA,8,"FBITERATIONS"
"HPC","Mplus_WCP","mplus",500,1,96,16,6,10000,"5fff1836d43ae39c037ca22d13a50ed5","Mplus_input_write_engine_run_output_validation_FBITERATIONS","overhead_subtraction","main_scaling","two_run_difference",NA,3,21.0276666666666,21.8169999999991,1.55527950328267,0.631333333333373,21.659,0.631333333333373,0.00210276666666666,0.712999999999738,22.477,0.712999999999738,0.00218169999999991,0,FALSE,FALSE,0.760902303314682,7609.02303314682,NA,9,"FBITERATIONS"
"HPC","Mplus_WCP","mplus",500,1,128,16,8,10000,"5fff1836d43ae39c037ca22d13a50ed5","Mplus_input_write_engine_run_output_validation_FBITERATIONS","overhead_subtraction","main_scaling","two_run_difference",NA,3,19.5736666666659,19.483,0.718304485112782,0.633666666666092,20.2073333333319,0.633666666666092,0.00195736666666659,0.713999999999942,19.946,0.713999999999942,0.0019483,0,FALSE,FALSE,0.817424771376543,8174.24771376543,NA,10,"FBITERATIONS"
"HPC","Mplus_WCP","mplus",2500,1,8,4,2,2000,"229e14792b0f4550a6f1e0887b422826","Mplus_input_write_engine_run_output_validation_FBITERATIONS","overhead_subtraction","main_scaling","two_run_difference",NA,3,21.2829999999996,21.177,0.520164397088755,0.887666666667135,22.1706666666667,0.887666666667135,0.0106414999999998,1.04800000000068,21.8720000000012,1.04800000000068,0.0105885,0,FALSE,FALSE,0.187943429027867,375.886858055733,NA,11,"FBITERATIONS"
"HPC","Mplus_WCP","mplus",2500,1,16,4,4,2000,"229e14792b0f4550a6f1e0887b422826","Mplus_input_write_engine_run_output_validation_FBITERATIONS","overhead_subtraction","main_scaling","two_run_difference",NA,3,14.121,13.917,1.0282903286496,0.725000000000534,14.8460000000005,0.725000000000534,0.00706049999999999,0.812000000001717,14.459,0.812000000001717,0.00695850000000002,0,FALSE,FALSE,0.283266057644643,566.532115289286,NA,12,"FBITERATIONS"
"HPC","Mplus_WCP","mplus",2500,1,32,4,8,2000,"229e14792b0f4550a6f1e0887b422826","Mplus_input_write_engine_run_output_validation_FBITERATIONS","overhead_subtraction","main_scaling","two_run_difference",NA,3,9.19166666666738,9.09700000000157,0.266903228405096,0.678333333332944,9.87000000000033,0.678333333332944,0.00459583333333369,0.75800000000163,9.86899999999878,0.75800000000163,0.00454850000000079,0,FALSE,FALSE,0.435176790571136,870.353581142271,NA,13,"FBITERATIONS"
"HPC","Mplus_WCP","mplus",2500,1,16,8,2,2000,"229e14792b0f4550a6f1e0887b422826","Mplus_input_write_engine_run_output_validation_FBITERATIONS","overhead_subtraction","main_scaling","two_run_difference",NA,3,29.3986666666675,28.827,1.84226825769917,0.729666666665935,30.1283333333334,0.729666666665935,0.0146993333333337,0.806999999997061,29.384,0.806999999997061,0.0144135,0,FALSE,FALSE,0.272121184634216,544.242369268433,NA,14,"FBITERATIONS"
"HPC","Mplus_WCP","mplus",2500,1,32,8,4,2000,"229e14792b0f4550a6f1e0887b422826","Mplus_input_write_engine_run_output_validation_FBITERATIONS","overhead_subtraction","main_scaling","two_run_difference",NA,3,18.2946666666669,18.5780000000013,0.768239762921942,0.696666666666166,18.991333333333,0.696666666666166,0.00914733333333344,0.784999999999854,19.3630000000012,0.784999999999854,0.00928900000000067,0,FALSE,FALSE,0.437285912105527,874.571824211053,NA,15,"FBITERATIONS"
"HPC","Mplus_WCP","mplus",2500,1,64,8,8,2000,"229e14792b0f4550a6f1e0887b422826","Mplus_input_write_engine_run_output_validation_FBITERATIONS","overhead_subtraction","main_scaling","two_run_difference",NA,3,10.8409999999996,10.8739999999998,0.225319772766969,0.65099999999912,11.4919999999987,0.65099999999912,0.00542049999999978,0.72899999999936,11.6029999999992,0.72899999999936,0.0054369999999999,0,FALSE,FALSE,0.737939304492236,1475.87860898447,NA,16,"FBITERATIONS"
"HPC","Mplus_WCP","mplus",2500,1,32,16,2,2000,"229e14792b0f4550a6f1e0887b422826","Mplus_input_write_engine_run_output_validation_FBITERATIONS","overhead_subtraction","main_scaling","two_run_difference",NA,3,35.5343333333331,35.1260000000002,1.00010616103099,0.672999999999945,36.2073333333331,0.672999999999945,0.0177671666666666,0.747999999999593,35.9130000000005,0.747999999999593,0.0175630000000001,0,FALSE,FALSE,0.450268754162644,900.537508325287,NA,17,"FBITERATIONS"
"HPC","Mplus_WCP","mplus",2500,1,64,16,4,2000,"229e14792b0f4550a6f1e0887b422826","Mplus_input_write_engine_run_output_validation_FBITERATIONS","overhead_subtraction","main_scaling","two_run_difference",NA,3,19.4023333333344,18.352,1.8322364294299,0.669333333333346,20.0716666666677,0.669333333333346,0.0097011666666672,0.75,19.0870000000032,0.75,0.00917599999999999,0,FALSE,FALSE,0.82464308416509,1649.28616833018,NA,18,"FBITERATIONS"
"HPC","Mplus_WCP","mplus",2500,1,96,16,6,2000,"229e14792b0f4550a6f1e0887b422826","Mplus_input_write_engine_run_output_validation_FBITERATIONS","overhead_subtraction","main_scaling","two_run_difference",NA,3,15.219666666666,15.4049999999988,0.76111584751111,0.671000000000087,15.8906666666661,0.671000000000087,0.00760983333333301,0.755000000001019,16.1599999999999,0.755000000001019,0.00770249999999942,0,FALSE,FALSE,1.05127138132684,2102.54276265367,NA,19,"FBITERATIONS"
"HPC","Mplus_WCP","mplus",2500,1,128,16,8,2000,"229e14792b0f4550a6f1e0887b422826","Mplus_input_write_engine_run_output_validation_FBITERATIONS","overhead_subtraction","main_scaling","two_run_difference",NA,3,14.1513333333338,13.6820000000007,0.861861551140103,0.678333333332413,14.8296666666662,0.678333333332413,0.0070756666666669,0.758999999998196,14.4809999999998,0.758999999998196,0.00684100000000035,0,FALSE,FALSE,1.13063551137698,2261.27102275397,NA,20,"FBITERATIONS"
"HPC","Mplus_WCP","mplus",10000,1,8,4,2,500,"b97502ef4c1796520d0acd01a82ea24d","Mplus_input_write_engine_run_output_validation_FBITERATIONS","overhead_subtraction","main_scaling","two_run_difference",NA,3,20.4183333333329,20.357,0.493864691320041,1.32533333333339,21.7436666666663,1.32533333333339,0.0408366666666658,1.49200000000019,21.8490000000002,1.49200000000019,0.0407139999999999,0,FALSE,FALSE,0.195902375316305,97.9511876581524,NA,21,"FBITERATIONS"
"HPC","Mplus_WCP","mplus",10000,1,16,4,4,500,"b97502ef4c1796520d0acd01a82ea24d","Mplus_input_write_engine_run_output_validation_FBITERATIONS","overhead_subtraction","main_scaling","two_run_difference",NA,3,13.7756666666658,13.7720000000008,0.115543642546455,1.09066666666659,14.8663333333323,1.09066666666659,0.0275513333333315,1.18499999999767,14.9569999999985,1.18499999999767,0.0275440000000017,0,FALSE,FALSE,0.290367072374012,145.183536187006,NA,22,"FBITERATIONS"
"HPC","Mplus_WCP","mplus",10000,1,32,4,8,500,"b97502ef4c1796520d0acd01a82ea24d","Mplus_input_write_engine_run_output_validation_FBITERATIONS","overhead_subtraction","main_scaling","two_run_difference",NA,3,8.66433333333386,8.7300000000032,0.270544512666644,0.898333333332914,9.56266666666678,0.898333333332914,0.0173286666666677,0.975999999998749,9.61500000000001,0.975999999998749,0.0174600000000064,0,FALSE,FALSE,0.461662755357183,230.831377678592,NA,23,"FBITERATIONS"
"HPC","Mplus_WCP","mplus",10000,1,64,4,16,500,"b97502ef4c1796520d0acd01a82ea24d","Mplus_input_write_engine_run_output_validation_FBITERATIONS","overhead_subtraction","main_scaling","two_run_difference",NA,3,5.32100000000024,5.00300000000061,0.864062497739487,0.802999999999069,6.1239999999993,0.802999999999069,0.0106420000000005,0.891999999999825,5.89500000000044,0.891999999999825,0.0100060000000012,0,FALSE,FALSE,0.751738395038493,375.869197519247,NA,24,"FBITERATIONS"
"HPC","Mplus_WCP","mplus",10000,1,96,4,24,500,"b97502ef4c1796520d0acd01a82ea24d","Mplus_input_write_engine_run_output_validation_FBITERATIONS","overhead_subtraction","main_scaling","two_run_difference",NA,3,3.67666666666711,3.577,0.188431242986013,0.74300000000009,4.4196666666672,0.74300000000009,0.00735333333333422,0.827000000001135,4.39400000000023,0.827000000001135,0.007154,0,FALSE,FALSE,1.08794197642779,543.970988213896,NA,25,"FBITERATIONS"
"HPC","Mplus_WCP","mplus",10000,1,128,4,32,500,"b97502ef4c1796520d0acd01a82ea24d","Mplus_input_write_engine_run_output_validation_FBITERATIONS","overhead_subtraction","main_scaling","two_run_difference",NA,3,2.89233333333326,2.84900000000198,0.327159492193722,0.769000000000422,3.66133333333369,0.769000000000422,0.00578466666666653,0.833999999998923,3.6830000000009,0.833999999998923,0.00569800000000396,0,FALSE,FALSE,1.3829664630633,691.483231531652,NA,26,"FBITERATIONS"
"HPC","Mplus_WCP","mplus",10000,1,176,4,44,500,"b97502ef4c1796520d0acd01a82ea24d","Mplus_input_write_engine_run_output_validation_FBITERATIONS","overhead_subtraction","main_scaling","two_run_difference",NA,3,3.0273333333342,3.05500000000393,0.178118874163383,0.782333333332569,3.80966666666677,0.782333333332569,0.00605466666666841,0.849999999998545,3.90500000000247,0.849999999998545,0.00611000000000786,0,FALSE,FALSE,1.32129486897121,660.647434485606,NA,27,"FBITERATIONS"
"HPC","Mplus_WCP","mplus",10000,1,16,8,2,500,"b97502ef4c1796520d0acd01a82ea24d","Mplus_input_write_engine_run_output_validation_FBITERATIONS","overhead_subtraction","main_scaling","two_run_difference",NA,3,29.0069999999994,28.7090000000001,0.870151710908443,1.11133333333332,30.1183333333327,1.11133333333332,0.0580139999999988,1.21600000000035,29.6090000000004,1.21600000000035,0.0574180000000001,0,FALSE,FALSE,0.275795497638507,137.897748819253,NA,28,"FBITERATIONS"
"HPC","Mplus_WCP","mplus",10000,1,32,8,4,500,"b97502ef4c1796520d0acd01a82ea24d","Mplus_input_write_engine_run_output_validation_FBITERATIONS","overhead_subtraction","main_scaling","two_run_difference",NA,3,17.8483333333336,17.4229999999989,1.66817575013468,0.951666666667203,18.8000000000008,0.951666666667203,0.0356966666666672,1.03800000000047,18.4609999999993,1.03800000000047,0.0348459999999977,0,FALSE,FALSE,0.448221122420388,224.110561210194,NA,29,"FBITERATIONS"
"HPC","Mplus_WCP","mplus",10000,1,64,8,8,500,"b97502ef4c1796520d0acd01a82ea24d","Mplus_input_write_engine_run_output_validation_FBITERATIONS","overhead_subtraction","main_scaling","two_run_difference",NA,3,10.1856666666664,10.5790000000001,0.683873038898497,0.83033333333348,11.0159999999999,0.83033333333348,0.0203713333333328,0.891999999999825,11.264,0.891999999999825,0.0211580000000001,0,FALSE,FALSE,0.785417416631234,392.708708315617,NA,30,"FBITERATIONS"
"HPC","Mplus_WCP","mplus",10000,1,96,8,12,500,"b97502ef4c1796520d0acd01a82ea24d","Mplus_input_write_engine_run_output_validation_FBITERATIONS","overhead_subtraction","main_scaling","two_run_difference",NA,3,8.33299999999974,8.27900000000227,0.466350726386446,0.805000000000518,9.13800000000026,0.805000000000518,0.0166659999999995,0.893000000000029,9.1720000000023,0.893000000000029,0.0165580000000045,0,FALSE,FALSE,0.960038401536091,480.019200768046,NA,31,"FBITERATIONS"
"HPC","Mplus_WCP","mplus",10000,1,128,8,16,500,"b97502ef4c1796520d0acd01a82ea24d","Mplus_input_write_engine_run_output_validation_FBITERATIONS","overhead_subtraction","main_scaling","two_run_difference",NA,3,7.39800000000158,7.49800000000323,0.880270412997513,0.763333333333132,8.16133333333471,0.763333333333132,0.0147960000000032,0.864000000001397,8.36300000000119,0.864000000001397,0.0149960000000065,0,FALSE,FALSE,1.08137334414684,540.686672073418,NA,32,"FBITERATIONS"
"HPC","Mplus_WCP","mplus",10000,1,176,8,22,500,"b97502ef4c1796520d0acd01a82ea24d","Mplus_input_write_engine_run_output_validation_FBITERATIONS","overhead_subtraction","main_scaling","two_run_difference",NA,3,6.07933333333434,6.29000000000087,0.617564031768801,0.80933333333284,6.88866666666718,0.80933333333284,0.0121586666666687,0.869999999998981,7.15999999999985,0.869999999998981,0.0125800000000017,0,FALSE,FALSE,1.31593376466696,657.966882333481,NA,33,"FBITERATIONS"
"HPC","Mplus_WCP","mplus",10000,1,32,16,2,500,"b97502ef4c1796520d0acd01a82ea24d","Mplus_input_write_engine_run_output_validation_FBITERATIONS","overhead_subtraction","main_scaling","two_run_difference",NA,3,30.902666666668,30.635000000002,1.38602176510186,0.890333333332327,31.7930000000003,0.890333333332327,0.061805333333336,0.975999999998749,31.6110000000008,0.975999999998749,0.0612700000000041,0,FALSE,FALSE,0.517754670578569,258.877335289284,NA,34,"FBITERATIONS"
"HPC","Mplus_WCP","mplus",10000,1,64,16,4,500,"b97502ef4c1796520d0acd01a82ea24d","Mplus_input_write_engine_run_output_validation_FBITERATIONS","overhead_subtraction","main_scaling","two_run_difference",NA,3,17.4873333333344,17.7360000000008,1.04542112726667,0.837333333332026,18.3246666666664,0.837333333332026,0.0349746666666687,0.888999999999214,18.625,0.888999999999214,0.0354720000000016,0,FALSE,FALSE,0.914947962334589,457.473981167294,NA,35,"FBITERATIONS"
"HPC","Mplus_WCP","mplus",10000,1,96,16,6,500,"b97502ef4c1796520d0acd01a82ea24d","Mplus_input_write_engine_run_output_validation_FBITERATIONS","overhead_subtraction","main_scaling","two_run_difference",NA,3,13.6463333333333,13.6260000000002,0.301015503476806,0.82333333333266,14.469666666666,0.82333333333266,0.0272926666666666,0.899999999997817,14.525999999998,0.899999999997817,0.0272520000000004,0,FALSE,FALSE,1.17247612301229,586.238061506144,NA,36,"FBITERATIONS"
"HPC","Mplus_WCP","mplus",10000,1,128,16,8,500,"b97502ef4c1796520d0acd01a82ea24d","Mplus_input_write_engine_run_output_validation_FBITERATIONS","overhead_subtraction","main_scaling","two_run_difference",NA,3,12.6920000000017,12.4090000000033,0.511973632132079,0.761666666665898,13.4536666666676,0.761666666665898,0.0253840000000034,0.850999999998749,13.2610000000022,0.850999999998749,0.0248180000000066,0,FALSE,FALSE,1.26063662149368,630.318310746842,NA,37,"FBITERATIONS"
"HPC","Mplus_WCP","mplus",10000,1,176,16,11,500,"b97502ef4c1796520d0acd01a82ea24d","Mplus_input_write_engine_run_output_validation_FBITERATIONS","overhead_subtraction","main_scaling","two_run_difference",NA,3,10.7666666666665,10.8450000000012,1.0057904022883,0.836333333333717,11.6030000000003,0.836333333333717,0.0215333333333331,0.912000000000262,11.8140000000021,0.912000000000262,0.0216900000000023,0,FALSE,FALSE,1.48606811145513,743.034055727563,NA,38,"FBITERATIONS"
"HPC","Mplus_WCP","mplus",50000,1,8,4,2,100,"3f8ed78629bdab9b833b52bd1450ea30","Mplus_input_write_engine_run_output_validation_FBITERATIONS","overhead_subtraction","main_scaling","two_run_difference",NA,3,22.6606666666675,21.2480000000014,2.65914296970456,3.69799999999952,26.3586666666671,3.69799999999952,0.226606666666675,3.78899999999885,25.1660000000011,3.78899999999885,0.212480000000014,0,FALSE,FALSE,0.176517313406483,17.6517313406483,NA,39,"FBITERATIONS"
"HPC","Mplus_WCP","mplus",50000,1,16,4,4,100,"3f8ed78629bdab9b833b52bd1450ea30","Mplus_input_write_engine_run_output_validation_FBITERATIONS","overhead_subtraction","main_scaling","two_run_difference",NA,3,14.2630000000014,14.2659999999996,0.542506221160165,3.11433333333294,17.3773333333343,3.11433333333294,0.142630000000014,3.25,17.5159999999996,3.25,0.142659999999996,0,FALSE,FALSE,0.280445908995275,28.0445908995275,NA,40,"FBITERATIONS"
"HPC","Mplus_WCP","mplus",50000,1,32,4,8,100,"3f8ed78629bdab9b833b52bd1450ea30","Mplus_input_write_engine_run_output_validation_FBITERATIONS","overhead_subtraction","main_scaling","two_run_difference",NA,3,8.1263333333347,8.19799999999998,0.275579994437606,2.13066666666627,10.257000000001,2.13066666666627,0.081263333333347,2.21099999999933,10.1049999999996,2.21099999999933,0.0819799999999998,0,FALSE,FALSE,0.492226916608474,49.2226916608473,NA,41,"FBITERATIONS"
"HPC","Mplus_WCP","mplus",50000,1,64,4,16,100,"3f8ed78629bdab9b833b52bd1450ea30","Mplus_input_write_engine_run_output_validation_FBITERATIONS","overhead_subtraction","main_scaling","two_run_difference",NA,3,4.87866666666484,4.84099999999989,0.287357500916908,1.61933333333423,6.49799999999906,1.61933333333423,0.0487866666666484,1.6710000000021,6.28299999999945,1.6710000000021,0.0484099999999989,0,FALSE,FALSE,0.819896146488419,81.9896146488419,NA,42,"FBITERATIONS"
"HPC","Mplus_WCP","mplus",50000,1,96,4,24,100,"3f8ed78629bdab9b833b52bd1450ea30","Mplus_input_write_engine_run_output_validation_FBITERATIONS","overhead_subtraction","main_scaling","two_run_difference",NA,3,3.49666666666481,3.40999999999622,0.282165436106237,1.32200000000103,4.81866666666584,1.32200000000103,0.0349666666666481,1.39199999999983,4.83699999999953,1.39199999999983,0.0340999999999622,0,FALSE,FALSE,1.1439466158252,114.39466158252,NA,43,"FBITERATIONS"
"HPC","Mplus_WCP","mplus",50000,1,128,4,32,100,"3f8ed78629bdab9b833b52bd1450ea30","Mplus_input_write_engine_run_output_validation_FBITERATIONS","overhead_subtraction","main_scaling","two_run_difference",NA,3,3.24366666666564,3.26799999999639,0.129229769531898,1.20033333333443,4.44400000000007,1.20033333333443,0.0324366666666564,1.28900000000067,4.5669999999991,1.28900000000067,0.0326799999999639,0,FALSE,FALSE,1.23317233583432,123.317233583432,NA,44,"FBITERATIONS"
"HPC","Mplus_WCP","mplus",50000,1,176,4,44,100,"3f8ed78629bdab9b833b52bd1450ea30","Mplus_input_write_engine_run_output_validation_FBITERATIONS","overhead_subtraction","main_scaling","two_run_difference",NA,3,2.17733333333426,2.09000000000003,0.153001089322539,1.17066666666718,3.34800000000143,1.17066666666718,0.0217733333333426,1.22599999999875,3.4230000000025,1.22599999999875,0.0209000000000003,0,FALSE,FALSE,1.8371096142062,183.71096142062,NA,45,"FBITERATIONS"
"HPC","Mplus_WCP","mplus",50000,1,16,8,2,100,"3f8ed78629bdab9b833b52bd1450ea30","Mplus_input_write_engine_run_output_validation_FBITERATIONS","overhead_subtraction","main_scaling","two_run_difference",NA,3,28.3343333333335,27.9480000000001,1.34284784444718,3.52766666666639,31.8619999999999,3.52766666666639,0.283343333333335,3.62700000000041,31.2670000000001,3.62700000000041,0.279480000000001,0,FALSE,FALSE,0.282342976130253,28.2342976130253,NA,46,"FBITERATIONS"
"HPC","Mplus_WCP","mplus",50000,1,32,8,4,100,"3f8ed78629bdab9b833b52bd1450ea30","Mplus_input_write_engine_run_output_validation_FBITERATIONS","overhead_subtraction","main_scaling","two_run_difference",NA,3,16.5093333333344,16.4079999999994,1.33588559889629,2.31999999999918,18.8293333333335,2.31999999999918,0.165093333333344,2.33599999999933,18.8099999999977,2.33599999999933,0.164079999999994,0,FALSE,FALSE,0.484574382167632,48.4574382167633,NA,47,"FBITERATIONS"
"HPC","Mplus_WCP","mplus",50000,1,64,8,8,100,"3f8ed78629bdab9b833b52bd1450ea30","Mplus_input_write_engine_run_output_validation_FBITERATIONS","overhead_subtraction","main_scaling","two_run_difference",NA,3,10.1133333333351,10.207,0.258554314086298,1.64599999999958,11.7593333333347,1.64599999999958,0.101133333333351,1.72499999999854,11.669,1.72499999999854,0.10207,0,FALSE,FALSE,0.791034937376264,79.1034937376264,NA,48,"FBITERATIONS"
"HPC","Mplus_WCP","mplus",50000,1,96,8,12,100,"3f8ed78629bdab9b833b52bd1450ea30","Mplus_input_write_engine_run_output_validation_FBITERATIONS","overhead_subtraction","main_scaling","two_run_difference",NA,3,8.21766666666698,8.29699999999866,0.299973887751069,1.40333333333304,9.62100000000002,1.40333333333304,0.0821766666666698,1.48800000000119,9.68399999999997,1.48800000000119,0.0829699999999866,0,FALSE,FALSE,0.973512351437922,97.3512351437922,NA,49,"FBITERATIONS"
"HPC","Mplus_WCP","mplus",50000,1,128,8,16,100,"3f8ed78629bdab9b833b52bd1450ea30","Mplus_input_write_engine_run_output_validation_FBITERATIONS","overhead_subtraction","main_scaling","two_run_difference",NA,3,7.422333333334,7.41300000000046,0.169193183472448,1.31999999999994,8.74233333333393,1.31999999999994,0.07422333333334,1.39800000000105,8.83599999999933,1.39800000000105,0.0741300000000047,0,FALSE,FALSE,1.07782817622481,107.782817622481,NA,50,"FBITERATIONS"
"HPC","Mplus_WCP","mplus",50000,1,176,8,22,100,"3f8ed78629bdab9b833b52bd1450ea30","Mplus_input_write_engine_run_output_validation_FBITERATIONS","overhead_subtraction","main_scaling","two_run_difference",NA,3,6.48333333333202,6.54699999999866,0.221473098440394,1.27733333333375,7.76066666666577,1.27733333333375,0.0648333333333202,1.31400000000212,7.89999999999782,1.31400000000212,0.0654699999999866,0,FALSE,FALSE,1.23393316195398,123.393316195398,NA,51,"FBITERATIONS"
"HPC","Mplus_WCP","mplus",50000,1,32,16,2,100,"3f8ed78629bdab9b833b52bd1450ea30","Mplus_input_write_engine_run_output_validation_FBITERATIONS","overhead_subtraction","main_scaling","two_run_difference",NA,3,32.8446666666665,32.2329999999999,2.56284184711654,2.08800000000004,34.9326666666665,2.08800000000004,0.328446666666665,2.16400000000067,34.1569999999999,2.16400000000067,0.322329999999999,0,FALSE,FALSE,0.487141494306537,48.7141494306537,NA,52,"FBITERATIONS"
"HPC","Mplus_WCP","mplus",50000,1,64,16,4,100,"3f8ed78629bdab9b833b52bd1450ea30","Mplus_input_write_engine_run_output_validation_FBITERATIONS","overhead_subtraction","main_scaling","two_run_difference",NA,3,16.9990000000006,17.042,0.631598765039232,1.56833333333282,18.5673333333334,1.56833333333282,0.169990000000006,1.61999999999898,18.4690000000001,1.61999999999898,0.17042,0,FALSE,FALSE,0.941231837166859,94.1231837166859,NA,53,"FBITERATIONS"
"HPC","Mplus_WCP","mplus",50000,1,96,16,6,100,"3f8ed78629bdab9b833b52bd1450ea30","Mplus_input_write_engine_run_output_validation_FBITERATIONS","overhead_subtraction","main_scaling","two_run_difference",NA,3,13.7833333333342,13.5509999999999,0.982326999187425,1.40066666666674,15.184000000001,1.40066666666674,0.137833333333342,1.46900000000096,14.77,1.46900000000096,0.135509999999999,0,FALSE,FALSE,1.16082224909303,116.082224909303,NA,54,"FBITERATIONS"
"HPC","Mplus_WCP","mplus",50000,1,128,16,8,100,"3f8ed78629bdab9b833b52bd1450ea30","Mplus_input_write_engine_run_output_validation_FBITERATIONS","overhead_subtraction","main_scaling","two_run_difference",NA,3,12.4033333333324,12.6409999999996,0.534702097746791,1.32166666666778,13.7250000000001,1.32166666666778,0.124033333333324,1.38900000000285,13.923,1.38900000000285,0.126409999999996,0,FALSE,FALSE,1.28997581295361,128.997581295361,NA,55,"FBITERATIONS"
"HPC","Mplus_WCP","mplus",50000,1,176,16,11,100,"3f8ed78629bdab9b833b52bd1450ea30","Mplus_input_write_engine_run_output_validation_FBITERATIONS","overhead_subtraction","main_scaling","two_run_difference",NA,3,11.474333333334,11.5270000000019,0.218806611722541,1.29733333333301,12.771666666667,1.29733333333301,0.11474333333334,1.34799999999814,12.875,1.34799999999814,0.115270000000019,0,FALSE,FALSE,1.39441652383572,139.441652383572,NA,56,"FBITERATIONS"
"HPC","Mplus_standard","mplus",500,1,1,1,1,2000,"5fff1836d43ae39c037ca22d13a50ed5","Mplus_input_write_engine_run_output_validation_FBITERATIONS","overhead_subtraction","main_scaling","two_run_difference",NA,3,1.6536666666666,1.64999999999964,0.0187705443003492,0.405999999999949,2.05966666666654,0.405999999999949,0.000826833333333298,0.409999999999854,2.06299999999965,0.409999999999854,0.000824999999999818,0,FALSE,FALSE,0.604716790969589,1209.43358193918,NA,57,"FBITERATIONS"
"HPC","Mplus_standard","mplus",500,1,2,2,1,2000,"5fff1836d43ae39c037ca22d13a50ed5","Mplus_input_write_engine_run_output_validation_FBITERATIONS","overhead_subtraction","main_scaling","two_run_difference",NA,3,3.49600000000025,3.53600000000006,0.0718957578722848,0.458333333333182,3.95433333333343,0.458333333333182,0.00174800000000012,0.461999999999989,3.98600000000033,0.461999999999989,0.00176800000000003,0,FALSE,FALSE,0.57208237986266,1144.16475972532,NA,58,"FBITERATIONS"
"HPC","Mplus_standard","mplus",500,1,4,4,1,2000,"5fff1836d43ae39c037ca22d13a50ed5","Mplus_input_write_engine_run_output_validation_FBITERATIONS","overhead_subtraction","main_scaling","two_run_difference",NA,3,8.36133333333297,8.3809999999994,0.250080653656526,0.441666666666909,8.80299999999988,0.441666666666909,0.00418066666666649,0.439000000000306,8.8159999999998,0.439000000000306,0.0041904999999997,0,FALSE,FALSE,0.478392600861127,956.785201722255,NA,59,"FBITERATIONS"
"HPC","Mplus_standard","mplus",500,1,8,8,1,2000,"5fff1836d43ae39c037ca22d13a50ed5","Mplus_input_write_engine_run_output_validation_FBITERATIONS","overhead_subtraction","main_scaling","two_run_difference",NA,3,18.4533333333337,18.4470000000006,0.0468223593314815,0.466666666666394,18.9200000000001,0.466666666666394,0.00922666666666684,0.464999999999691,18.9250000000002,0.464999999999691,0.00922350000000029,0,FALSE,FALSE,0.433526011560686,867.052023121371,NA,60,"FBITERATIONS"
"HPC","Mplus_standard","mplus",500,1,16,16,1,2000,"5fff1836d43ae39c037ca22d13a50ed5","Mplus_input_write_engine_run_output_validation_FBITERATIONS","overhead_subtraction","main_scaling","two_run_difference",NA,3,22.0546666666669,21.393,1.44313974837255,0.45099999999987,22.5056666666668,0.45099999999987,0.0110273333333334,0.453999999999724,21.835,0.453999999999724,0.0106965,0,FALSE,FALSE,0.725470044132754,1450.94008826551,NA,61,"FBITERATIONS"
"HPC","Mplus_standard","mplus",500,1,32,32,1,2000,"5fff1836d43ae39c037ca22d13a50ed5","Mplus_input_write_engine_run_output_validation_FBITERATIONS","overhead_subtraction","main_scaling","two_run_difference",NA,3,22.5243333333331,22.5149999999999,0.0625246618011479,0.463666666666692,22.9879999999998,0.463666666666692,0.0112621666666666,0.458999999999833,22.9899999999998,0.458999999999833,0.0112574999999999,0,FALSE,FALSE,1.42068577686355,2841.37155372711,NA,62,"FBITERATIONS"
"HPC","Mplus_standard","mplus",500,1,64,64,1,2000,"5fff1836d43ae39c037ca22d13a50ed5","Mplus_input_write_engine_run_output_validation_FBITERATIONS","overhead_subtraction","main_scaling","two_run_difference",NA,3,24.8886666666667,24.0539999999996,1.82798860317383,0.469999999999952,25.3586666666667,0.469999999999952,0.0124443333333334,0.4699999999998,24.5239999999999,0.4699999999998,0.0120269999999998,0,FALSE,FALSE,2.57145153081723,5142.90306163447,NA,63,"FBITERATIONS"
"HPC","Mplus_standard","mplus",500,1,96,96,1,2000,"5fff1836d43ae39c037ca22d13a50ed5","Mplus_input_write_engine_run_output_validation_FBITERATIONS","overhead_subtraction","main_scaling","two_run_difference",NA,3,25.7263333333334,25.8110000000001,0.754570959773376,0.487666666666731,26.2140000000001,0.487666666666731,0.0128631666666667,0.489000000000033,26.2950000000001,0.489000000000033,0.0129055000000001,0,FALSE,FALSE,3.7315850166496,7463.1700332992,NA,64,"FBITERATIONS"
"HPC","Mplus_standard","mplus",500,1,180,180,1,2000,"5fff1836d43ae39c037ca22d13a50ed5","Mplus_input_write_engine_run_output_validation_FBITERATIONS","overhead_subtraction","main_scaling","two_run_difference",NA,3,36.9349999999999,36.9159999999997,1.8295739941307,0.56299999999995,37.4979999999999,0.56299999999995,0.0184675,0.568000000000211,37.4839999999999,0.568000000000211,0.0184579999999999,0,FALSE,FALSE,4.87342628942738,9746.85257885476,NA,65,"FBITERATIONS"
"HPC","Mplus_standard","mplus",2500,1,1,1,1,400,"229e14792b0f4550a6f1e0887b422826","Mplus_input_write_engine_run_output_validation_FBITERATIONS","overhead_subtraction","main_scaling","two_run_difference",NA,3,1.53900000000006,1.54299999999967,0.0105830052443519,0.413666666666662,1.95266666666672,0.413666666666662,0.00384750000000016,0.41399999999976,1.95399999999972,0.41399999999976,0.00385749999999916,0,FALSE,FALSE,0.649772579597114,259.909031838846,NA,66,"FBITERATIONS"
"HPC","Mplus_standard","mplus",2500,1,2,2,1,400,"229e14792b0f4550a6f1e0887b422826","Mplus_input_write_engine_run_output_validation_FBITERATIONS","overhead_subtraction","main_scaling","two_run_difference",NA,3,3.50133333333376,3.4940000000006,0.146138062575495,0.600666666666408,4.10200000000016,0.600666666666408,0.00875333333333439,0.597999999999956,4.11300000000028,0.597999999999956,0.00873500000000149,0,FALSE,FALSE,0.571210967250502,228.484386900201,NA,67,"FBITERATIONS"
"HPC","Mplus_standard","mplus",2500,1,4,4,1,400,"229e14792b0f4550a6f1e0887b422826","Mplus_input_write_engine_run_output_validation_FBITERATIONS","overhead_subtraction","main_scaling","two_run_difference",NA,3,8.27833333333334,8.34999999999945,0.229068403175625,0.621999999999995,8.90033333333334,0.621999999999995,0.0206958333333334,0.627999999999702,8.95899999999983,0.627999999999702,0.0208749999999986,0,FALSE,FALSE,0.483189047714918,193.275619085967,NA,68,"FBITERATIONS"
"HPC","Mplus_standard","mplus",2500,1,8,8,1,400,"229e14792b0f4550a6f1e0887b422826","Mplus_input_write_engine_run_output_validation_FBITERATIONS","overhead_subtraction","main_scaling","two_run_difference",NA,3,16.9703333333334,16.9459999999999,0.117406700547351,0.648333333333388,17.6186666666667,0.648333333333388,0.0424258333333334,0.659000000000106,17.605,0.659000000000106,0.0423649999999998,0,FALSE,FALSE,0.471410893520064,188.564357408026,NA,69,"FBITERATIONS"
"HPC","Mplus_standard","mplus",2500,1,16,16,1,400,"229e14792b0f4550a6f1e0887b422826","Mplus_input_write_engine_run_output_validation_FBITERATIONS","overhead_subtraction","main_scaling","two_run_difference",NA,3,20.9756666666669,20.9190000000003,0.394067676082681,0.669000000000021,21.6446666666669,0.669000000000021,0.0524391666666672,0.670000000000073,21.5900000000001,0.670000000000073,0.0522975000000008,0,FALSE,FALSE,0.762788628092862,305.115451237145,NA,70,"FBITERATIONS"
"HPC","Mplus_standard","mplus",2500,1,32,32,1,400,"229e14792b0f4550a6f1e0887b422826","Mplus_input_write_engine_run_output_validation_FBITERATIONS","overhead_subtraction","main_scaling","two_run_difference",NA,3,20.4809999999999,20.1819999999998,0.83373077189249,0.684333333333446,21.1653333333334,0.684333333333446,0.0512024999999998,0.691000000000258,20.8760000000002,0.691000000000258,0.0504549999999995,0,FALSE,FALSE,1.5624237097798,624.969483911921,NA,71,"FBITERATIONS"
"HPC","Mplus_standard","mplus",2500,1,64,64,1,400,"229e14792b0f4550a6f1e0887b422826","Mplus_input_write_engine_run_output_validation_FBITERATIONS","overhead_subtraction","main_scaling","two_run_difference",NA,3,20.5573333333333,20.8160000000003,1.1069043921374,0.738666666666631,21.296,0.738666666666631,0.0513933333333334,0.73700000000008,21.5509999999999,0.73700000000008,0.0520400000000006,0,FALSE,FALSE,3.11324425995589,1245.29770398236,NA,72,"FBITERATIONS"
"HPC","Mplus_standard","mplus",2500,1,96,96,1,400,"229e14792b0f4550a6f1e0887b422826","Mplus_input_write_engine_run_output_validation_FBITERATIONS","overhead_subtraction","main_scaling","two_run_difference",NA,3,21.1556666666667,21.3299999999999,0.786133788444053,0.777333333333293,21.933,0.777333333333293,0.0528891666666668,0.773000000000138,22.1030000000001,0.773000000000138,0.0533249999999998,0,FALSE,FALSE,4.53779129311295,1815.11651724518,NA,73,"FBITERATIONS"
"HPC","Mplus_standard","mplus",2500,1,180,180,1,400,"229e14792b0f4550a6f1e0887b422826","Mplus_input_write_engine_run_output_validation_FBITERATIONS","overhead_subtraction","main_scaling","two_run_difference",NA,3,30.2489999999998,30.1489999999999,0.526175826126583,0.93066666666679,31.1796666666666,0.93066666666679,0.0756224999999995,0.900000000000091,31.1419999999998,0.900000000000091,0.0753724999999997,0,FALSE,FALSE,5.95060993751864,2380.24397500745,NA,74,"FBITERATIONS"
"HPC","Mplus_standard","mplus",10000,1,1,1,1,200,"b97502ef4c1796520d0acd01a82ea24d","Mplus_input_write_engine_run_output_validation_FBITERATIONS","overhead_subtraction","main_scaling","two_run_difference",NA,3,2.98466666666703,2.98800000000074,0.0182300118852474,0.467666666666446,3.45233333333348,0.467666666666446,0.0149233333333351,0.462999999999738,3.44900000000007,0.462999999999738,0.0149400000000037,0,FALSE,FALSE,0.335045789591203,67.0091579182407,NA,75,"FBITERATIONS"
"HPC","Mplus_standard","mplus",10000,1,2,2,1,200,"b97502ef4c1796520d0acd01a82ea24d","Mplus_input_write_engine_run_output_validation_FBITERATIONS","overhead_subtraction","main_scaling","two_run_difference",NA,3,6.91266666666646,6.96399999999994,0.388551583876993,1.1866666666668,8.09933333333326,1.1866666666668,0.0345633333333323,1.18600000000015,8.13799999999992,1.18600000000015,0.0348199999999997,0,FALSE,FALSE,0.289323946378637,57.8647892757275,NA,76,"FBITERATIONS"
"HPC","Mplus_standard","mplus",10000,1,4,4,1,200,"b97502ef4c1796520d0acd01a82ea24d","Mplus_input_write_engine_run_output_validation_FBITERATIONS","overhead_subtraction","main_scaling","two_run_difference",NA,3,16.439,16.4400000000001,0.297501260501431,1.2219999999999,17.6609999999999,1.2219999999999,0.082195,1.21599999999989,17.6559999999999,1.21599999999989,0.0822000000000003,0,FALSE,FALSE,0.243323803151043,48.6647606302086,NA,77,"FBITERATIONS"
"HPC","Mplus_standard","mplus",10000,1,8,8,1,200,"b97502ef4c1796520d0acd01a82ea24d","Mplus_input_write_engine_run_output_validation_FBITERATIONS","overhead_subtraction","main_scaling","two_run_difference",NA,3,34.0050000000001,33.9790000000003,0.111301392623709,1.30566666666664,35.3106666666667,1.30566666666664,0.170025000000001,1.30600000000004,35.2840000000001,1.30600000000004,0.169895000000001,0,FALSE,FALSE,0.235259520658726,47.0519041317452,NA,78,"FBITERATIONS"
"HPC","Mplus_standard","mplus",10000,1,16,16,1,200,"b97502ef4c1796520d0acd01a82ea24d","Mplus_input_write_engine_run_output_validation_FBITERATIONS","overhead_subtraction","main_scaling","two_run_difference",NA,3,40.3686666666667,39.3290000000002,1.92504086536717,1.39599999999988,41.7646666666666,1.39599999999988,0.201843333333334,1.39599999999973,40.7249999999999,1.39599999999973,0.196645000000001,0,FALSE,FALSE,0.396347001800075,79.269400360015,NA,79,"FBITERATIONS"
"HPC","Mplus_standard","mplus",10000,1,32,32,1,200,"b97502ef4c1796520d0acd01a82ea24d","Mplus_input_write_engine_run_output_validation_FBITERATIONS","overhead_subtraction","main_scaling","two_run_difference",NA,3,39.7906666666665,39.2359999999999,1.18200733218247,1.46100000000009,41.2516666666666,1.46100000000009,0.198953333333332,1.44500000000016,40.7370000000001,1.44500000000016,0.196179999999999,0,FALSE,FALSE,0.804208692155619,160.841738431124,NA,80,"FBITERATIONS"
"HPC","Mplus_standard","mplus",10000,1,64,64,1,200,"b97502ef4c1796520d0acd01a82ea24d","Mplus_input_write_engine_run_output_validation_FBITERATIONS","overhead_subtraction","main_scaling","two_run_difference",NA,3,41.3226666666666,41.3449999999998,0.227324291120246,1.60733333333337,42.93,1.60733333333337,0.206613333333333,1.59900000000016,42.944,1.59900000000016,0.206724999999999,0,FALSE,FALSE,1.54878678368611,309.757356737223,NA,81,"FBITERATIONS"
"HPC","Mplus_standard","mplus",10000,1,96,96,1,200,"b97502ef4c1796520d0acd01a82ea24d","Mplus_input_write_engine_run_output_validation_FBITERATIONS","overhead_subtraction","main_scaling","two_run_difference",NA,3,40.5513333333333,40.6379999999999,0.701029481072778,1.70066666666662,42.252,1.70066666666662,0.202756666666667,1.70600000000013,42.3440000000001,1.70600000000013,0.20319,0,FALSE,FALSE,2.36736975356338,473.473950712677,NA,82,"FBITERATIONS"
"HPC","Mplus_standard","mplus",10000,1,180,180,1,200,"b97502ef4c1796520d0acd01a82ea24d","Mplus_input_write_engine_run_output_validation_FBITERATIONS","overhead_subtraction","main_scaling","two_run_difference",NA,3,52.4256666666665,51.9939999999997,0.818818864788401,2.0643333333334,54.4899999999999,2.0643333333334,0.262128333333333,2.04700000000003,54.0409999999997,2.04700000000003,0.259969999999998,0,FALSE,FALSE,3.43343273333038,686.686546666075,NA,83,"FBITERATIONS"
"HPC","Mplus_standard","mplus",50000,1,1,1,1,100,"3f8ed78629bdab9b833b52bd1450ea30","Mplus_input_write_engine_run_output_validation_FBITERATIONS","overhead_subtraction","main_scaling","two_run_difference",NA,3,7.49316666666634,7.47799999999916,0.0734342109192739,0.815666666667615,15.8020000000003,0.815666666667615,0.0749316666666634,0.855999999999767,15.8270000000011,0.855999999999767,0.0747799999999916,0,FALSE,FALSE,0.133454925598885,13.3454925598885,NA,84,"FBITERATIONS"
"HPC","Mplus_standard","mplus",50000,1,2,2,1,100,"3f8ed78629bdab9b833b52bd1450ea30","Mplus_input_write_engine_run_output_validation_FBITERATIONS","overhead_subtraction","main_scaling","two_run_difference",NA,3,16.8836666666649,17.1679999999978,0.732150485440588,4.41233333333442,21.2959999999994,4.41233333333442,0.168836666666649,4.43500000000131,21.6029999999992,4.43500000000131,0.171679999999978,0,FALSE,FALSE,0.118457680993477,11.8457680993477,NA,85,"FBITERATIONS"
"HPC","Mplus_standard","mplus",50000,1,4,4,1,100,"3f8ed78629bdab9b833b52bd1450ea30","Mplus_input_write_engine_run_output_validation_FBITERATIONS","overhead_subtraction","main_scaling","two_run_difference",NA,3,39.7786666666672,40.0159999999996,1.45360460006697,4.66299999999925,44.4416666666665,4.66299999999925,0.397786666666672,4.67299999999886,44.6889999999985,4.67299999999886,0.400159999999996,0,FALSE,FALSE,0.100556412147213,10.0556412147213,NA,86,"FBITERATIONS"
"HPC","Mplus_standard","mplus",50000,1,8,8,1,100,"3f8ed78629bdab9b833b52bd1450ea30","Mplus_input_write_engine_run_output_validation_FBITERATIONS","overhead_subtraction","main_scaling","two_run_difference",NA,3,85.1526666666662,84.7159999999967,1.93334537352506,5.08166666666678,90.234333333333,5.08166666666678,0.851526666666662,5.14300000000003,89.9129999999968,5.14300000000003,0.847159999999967,0,FALSE,FALSE,0.0939489074524976,9.39489074524976,NA,87,"FBITERATIONS"
"HPC","Mplus_standard","mplus",50000,1,16,16,1,100,"3f8ed78629bdab9b833b52bd1450ea30","Mplus_input_write_engine_run_output_validation_FBITERATIONS","overhead_subtraction","main_scaling","two_run_difference",NA,3,96.961333333332,96.5449999999983,1.19613558317229,5.39333333333373,102.354666666666,5.39333333333373,0.96961333333332,5.51699999999983,102.07,5.51699999999983,0.965449999999982,0,FALSE,FALSE,0.165014232477554,16.5014232477553,NA,88,"FBITERATIONS"
"HPC","Mplus_standard","mplus",50000,1,32,32,1,100,"3f8ed78629bdab9b833b52bd1450ea30","Mplus_input_write_engine_run_output_validation_FBITERATIONS","overhead_subtraction","main_scaling","two_run_difference",NA,3,117.491333333336,123.220000000005,10.2374431052548,5.6863333333331,123.177666666669,5.6863333333331,1.17491333333336,5.7589999999982,128.979000000003,5.7589999999982,1.23220000000005,0,FALSE,FALSE,0.2723605145344,27.23605145344,NA,89,"FBITERATIONS"
"HPC","Mplus_standard","mplus",50000,1,64,64,1,100,"3f8ed78629bdab9b833b52bd1450ea30","Mplus_input_write_engine_run_output_validation_FBITERATIONS","overhead_subtraction","main_scaling","two_run_difference",NA,3,100.864666666667,100.376,4.64232973121597,6.26266666666652,107.127333333333,6.26266666666652,1.00864666666667,6.3760000000002,106.782999999999,6.3760000000002,1.00376,0,FALSE,FALSE,0.634513572641889,63.4513572641889,NA,90,"FBITERATIONS"
"HPC","Mplus_standard","mplus",50000,1,96,96,1,100,"3f8ed78629bdab9b833b52bd1450ea30","Mplus_input_write_engine_run_output_validation_FBITERATIONS","overhead_subtraction","main_scaling","two_run_difference",NA,3,97.4660000000011,96.5960000000014,1.80842777019229,6.73499999999952,104.201000000001,6.73499999999952,0.974660000000011,6.76599999999962,103.362000000001,6.76599999999962,0.965960000000014,0,FALSE,FALSE,0.984958857447714,98.4958857447714,NA,91,"FBITERATIONS"
"HPC","Mplus_standard","mplus",50000,1,180,180,1,100,"3f8ed78629bdab9b833b52bd1450ea30","Mplus_input_write_engine_run_output_validation_FBITERATIONS","overhead_subtraction","main_scaling","two_run_difference",NA,3,114.743,115.715,2.30798375210925,8.41666666666667,123.159666666667,8.41666666666667,1.14743,8.46199999999953,124.177,8.46199999999953,1.15715,0,FALSE,FALSE,1.56872314651002,156.872314651002,NA,92,"FBITERATIONS"
