"N","n_burnin","run","n_chains","n_iter","time_total","time_pb","time_burnin","max_Rhat","max_nRhat","min_ESS","ESS_per_sec_total","ESS_per_sec_pb","total_divs","ESS_per_grad","ESS_per_grad_pb","mean_L_burn","mean_L_pb","max_L_burn","max_L_pb","mean_eps_pb","grad_evals_total","grad_evals_pb","grad_per_sec_pb"
500,250,1,64,500,186.39,18.758,16.928,1.007,1.001,7488,40.1738290680831,399.189679070263,0,4.03600713416005,7.54716981132075,53.9461875,31.005,60.588,31.256,0.16938356109375,1855299,992160,52.8926324768099
500,250,2,64,500,182.458,18.714,16.607,1.008,1.001,7008,38.4088392945226,374.478999679384,0,3.77548370691299,7.06451612903226,54.011625,31,59.992,31,0.1724637746875,1856186,992000,53.0084428769905
500,250,3,64,500,181.353,17.984,16.419,1.007,1.001,7569,41.7362822782088,420.874110320285,0,4.07388210446771,7.63004032258065,54.1208125,31,58.92,31,0.16870021921875,1857933,992000,55.1601423487544
500,250,4,64,500,183.727,21.474,16.889,1.006,1.001,6989,38.0401356360252,325.463351029152,0,3.76082265641395,7.03651051902445,54.070125,31.039,58.032,32.408,0.17287246828125,1858370,993248,46.2535158796684
500,250,5,64,500,187.367,22.163,16.929,1.009,1.001,6042,32.2468737824697,272.616523033885,0,3.25031631678157,6.08699506753925,54.143,31.019,59.496,32.216,0.17072752640625,1858896,992608,44.7867165997383
500,500,1,64,500,200.826,23.022,25.244,1.007,1.001,8025,39.9599653431329,348.579619494397,0,3.46559752083461,8.07565047980937,41.3090625,31.054,43.658,33.688,0.17243610375,2315618,993728,43.1642776474676
500,500,2,64,500,199.96,23.458,25.635,1.009,1.001,7045,35.2320464092819,300.323983289283,0,3.03950187547405,7.09266269329897,41.3916875,31.04,44.01,33.56,0.17071815265625,2317814,993280,42.3429107340779
500,500,3,64,500,204.987,23.662,26.531,1.013,1.001,5614,27.38710259675,237.258050883273,0,2.41982341409756,5.65362057297541,41.469125,31.031,44.068,32.92,0.17275957234375,2320004,992992,41.9656833741865
500,500,4,64,500,205.198,20.447,26.658,1.007,1.001,8135,39.6446359126307,397.857876461095,0,3.51233202007664,8.24074524295763,41.52990625,30.849,44.9,31,0.16838928703125,2316125,987168,48.2793563847997
500,500,5,64,500,204.561,20.027,25.962,1.008,1.001,7153,34.967564687306,357.167823438358,0,3.08526156789775,7.2104528886165,41.4503125,31.001,43.636,31.064,0.16982061453125,2318442,992032,49.534728117042
500,1000,1,64,500,239.405,26.08,49.915,1.005,1.001,9399,39.2598316660053,360.391104294479,0,2.9699994975743,9.45832259934308,33.920609375,31.054,35.399,33.176,0.17270925015625,3164647,993728,38.1030674846626
500,1000,2,64,500,234.036,26.268,42.807,1.005,1.001,8946,38.2248884786956,340.566468707172,0,2.81981282570398,8.97500722334585,33.996609375,31.149,35.469,34.84,0.169819483125,3172551,996768,37.9460941068981
500,1000,3,64,500,227.374,24.443,41.687,1.005,1.001,8471,37.2557988160476,346.561387718365,0,2.66939183495715,8.51377319653941,34.03759375,31.093,35.611,34.328,0.168956760625,3173382,994976,40.7059689890766
500,1000,4,64,500,224.888,19.027,41.852,1.006,1.001,8467,37.649852370958,444.999211646607,0,2.6726514868143,8.5805376745091,34.081984375,30.8365,35.783,31,0.17263929109375,3168015,986768,51.861460030483
500,1000,5,64,500,234.385,22.521,45.006,1.008,1.001,6977,29.7672632634341,309.79974246259,0,2.2010199710148,7.03122480570157,34.02509375,31.009,35.484,31.576,0.1705804196875,3169894,992288,44.0605656942409
