Mplus_standard,42.969681,0,1361224,23912262244547,666525965408,672279508298,385554,34442610,697065127093
MD_BayesMVP_chunks1:snapshot_1,25.993181,-2,0,4158289018583,1780248314,5287549990,7846863068,95046295171,43074944744
MD_BayesMVP_chunks1:snapshot_2,41.573879,-2,0,12609369303789,5235876764,14694776487,22681709676,283887025399,129057021094
MD_BayesMVP_chunks1:snapshot_3,124.566523,-2,0,63473481220470,25961859797,70689508775,110773550175,1411382992980,644941484272
MD_BayesMVP_chunks1,127.218291,0,30890924,63473507256627,25961866369,70689702124,110773589793,1411382999545,644941495063
MD_BayesMVP_chunking_500:snapshot_1,12.057637,-2,0,230065733486,1967635350,13862144818,1649763332,104672553166,45746914998
MD_BayesMVP_chunking_500:snapshot_2,14.790447,-2,0,665066959666,5798038076,40421326688,4092064961,313217812126,137077402712
MD_BayesMVP_chunking_500:snapshot_3,90.828602,-2,0,29777059470941,292962967863,2029733854237,173644223637,15931900373713,6986744743204
MD_BayesMVP_chunking_500,92.789535,0,31135704,29777114419516,292962974409,2029734048817,173644262649,15931900380335,6986744753915
AD_Stan_chunks1:snapshot_1,25.445610,-2,0,1078171690683,47415917707,93066597330,18940954320,6320470831,50308627584
AD_Stan_chunks1:snapshot_2,41.695392,-2,0,5390684760275,141255729987,244533450821,37601888095,12994436053,149320699302
AD_Stan_chunks1:snapshot_3,130.131908,-2,0,50955898961025,978886778207,1345911121167,58549091993,53028641398,1030005012771
AD_Stan_chunks1,132.968687,0,151857008,50955928409563,978886784611,1345911354163,58549120349,53028647466,1030005023105
AD_Stan_tape_chunked_250:snapshot_1,16.367022,-2,0,1053586039467,49047636003,102632399062,19210432817,4773153691,52036938257
AD_Stan_tape_chunked_250:snapshot_2,22.510136,-2,0,2848105345586,146153485585,273473657727,38489448127,11165414530,154537836406
AD_Stan_tape_chunked_250:snapshot_3,104.166124,-2,0,34736255105888,2312421986091,3419095795368,78087494416,104730044776,2433185666337
AD_Stan_tape_chunked_250,107.409560,0,58923208,34736307414174,2312421992514,3419096142025,78087522701,104730050853,2433185676800
