Mplus_standard,44.876940,0,1359628,25189377019595,5841316909141,6040381881361,747123386078,13065011534478,128140020883247
MD_BayesMVP_chunks1:snapshot_1,24.821316,-2,0,4195729072129,208589473001,217160425486,43060735539,88634829403,22672580430517
MD_BayesMVP_chunks1:snapshot_2,51.015565,-2,0,12644515713905,498090532444,523983013247,129042811110,271711577060,68512611102438
MD_BayesMVP_chunks1:snapshot_3,144.670128,-2,0,63755983685772,2222164483703,2343805498576,644927287489,1374671493360,346076645454769
MD_BayesMVP_chunks1,147.316098,0,30889028,63756028257556,2222179948587,2343822633976,644927298323,1374680960664,346076810777207
MD_BayesMVP_chunking_500:snapshot_1,10.863280,-2,0,219115741736,320394431877,321815385276,45734937735,274663159228,599055624811
MD_BayesMVP_chunking_500:snapshot_2,13.592995,-2,0,653864937769,835203441829,841189180520,137065426740,876711454527,1920700924370
MD_BayesMVP_chunking_500:snapshot_1,11.387357,-2,0,227009000354,328983008106,330091575175,45746917981,284218453657,619746775093
MD_BayesMVP_chunking_500:snapshot_2,14.149370,-2,0,665358699466,843808381470,849493131118,137077409734,900598611269,1945130649617
MD_BayesMVP_chunking_500:snapshot_3,90.178957,-2,0,29921579178215,39432282464856,39749804844927,6986744688617,47116866039883,84847146834326
MD_BayesMVP_chunking_500,92.161997,0,31157512,29921634458967,39432298882252,39749823110294,6986744699217,47116875790026,84847367435764
AD_Stan_chunks1:snapshot_1,25.807185,-2,0,1054850877031,1437335845732,1462575688847,50308627440,687256216229,3311824260139
AD_Stan_chunks1:snapshot_2,41.789329,-2,0,5182973111168,3231270630665,3300308512635,149320770358,2168050468160,23209506023005
AD_Stan_chunks1:snapshot_3,130.883943,-2,0,50899988096157,12384357975749,12789365684175,1030005011670,13445278826882,264145540132430
AD_Stan_chunks1,133.679492,0,151791160,50900040148945,12384372340618,12789381875279,1030005021922,13445286335082,264145748021246
AD_Stan_tape_chunked_250:snapshot_1,16.487474,-2,0,1054128789074,1661837581783,1698069467861,52036941408,1212992937879,2548107222938
AD_Stan_tape_chunked_250:snapshot_2,22.559410,-2,0,2835170157311,3923213255641,4036035483049,154537841842,3097818221770,7856490152425
AD_Stan_tape_chunked_250:snapshot_3,103.957033,-2,0,34350376572504,36188974867240,38020571360841,2433185704771,31255547394425,119177722431952
AD_Stan_tape_chunked_250,107.193135,0,58895108,34350435071174,36188990522545,38020589048463,2433185715202,31255565673283,119177948278103
