Mplus_standard,36.084982,0,1359640,19345590299853,5024544586731,97162952874324,2257456760622,17856512469234,11729207457875
MD_BayesMVP_chunks1:snapshot_1,24.919276,-2,0,4150712865516,216846010248,22428458588636,2162462783283,4035035187252,3934720894603
MD_BayesMVP_chunks1:snapshot_2,51.331687,-2,0,12593149643129,524215640643,68234577630669,6513344524780,12272223385795,11973629940111
MD_BayesMVP_chunks1:snapshot_3,144.914146,-2,0,63669302699314,2343376332026,345574461141489,32662588241934,62132842201301,60647342929726
MD_BayesMVP_chunks1,147.571831,0,30900884,63669336487475,2343393072264,345574570466071,32662650819594,62132868812414,60647368737469
MD_BayesMVP_chunking_500:snapshot_1,10.554350,-2,0,218996548622,321730007481,593787073244,108360682711,128401395203,70900903945
MD_BayesMVP_chunking_500:snapshot_2,13.312357,-2,0,653495024436,841145198183,1903960247046,264850497966,401422662293,227354341665
MD_BayesMVP_chunking_500:snapshot_3,89.285421,-2,0,29700324492653,39742156095632,84317904361864,6968360854270,17504738235048,8783166551300
MD_BayesMVP_chunking_500,91.354434,0,31151336,29700381670148,39742174398669,84318135204690,6968436465024,17504787014220,8783214413142
AD_Stan_chunks1:snapshot_1,23.437078,-2,0,926289406903,1450495493049,2607735845486,814106431637,582941923912,470251273702
AD_Stan_chunks1:snapshot_2,39.395891,-2,0,5054236168265,3288195414017,22495997350534,2338929002003,4257525659116,3613634366159
AD_Stan_chunks1:snapshot_3,128.334159,-2,0,50263989990549,12777322833489,260665248276777,14684202162275,47168268805303,40261451498939
AD_Stan_chunks1,131.128294,0,151375068,50264041742821,12777338826602,260665452169883,14684273778745,47168312980173,40261494844312
AD_Stan_tape_chunked_250:snapshot_1,14.928304,-2,0,1052072007324,1682905533777,2545938647546,843529187451,641226130410,434129295387
AD_Stan_tape_chunked_250:snapshot_2,20.969142,-2,0,2831967038510,4020797612531,7854637108398,1978428706938,1845528632064,1232034761319
AD_Stan_tape_chunked_250:snapshot_3,103.072635,-2,0,34832570130267,38004987543005,121751238718233,17540529972664,25795301925689,16308848331801
AD_Stan_tape_chunked_250,106.502541,0,58877156,34832624785515,38005003599734,121751457707246,17540599143097,25795348877004,16308894464074
