"label","device","algorithm","N","num_chunks","n_chains","threads_per_chain","call_index","n_iter","call_start_unix_time","call_end_unix_time","elapsed_seconds_sampler"
"MD_BayesMVP_chunking_500","HPC","MD_BayesMVP",50000,500,180,1,1,100,1791011615.30502,1791011668.44268,53.12
"MD_BayesMVP_chunking_500","HPC","MD_BayesMVP",50000,500,180,1,2,100,1791011669.06305,1791011720.12326,51.05
"MD_BayesMVP_chunking_500","HPC","MD_BayesMVP",50000,500,180,1,3,100,1791011720.7472,1791011770.20963,49.446
"MD_BayesMVP_chunking_500","HPC","MD_BayesMVP",50000,500,180,1,4,100,1791011770.98019,1791011822.03982,51.042
"MD_BayesMVP_chunking_500","HPC","MD_BayesMVP",50000,500,180,1,5,100,1791011822.63845,1791011873.03886,50.389
"MD_BayesMVP_chunking_500","HPC","MD_BayesMVP",50000,500,180,1,6,100,1791011873.79955,1791011924.82239,51.012
"MD_BayesMVP_chunking_500","HPC","MD_BayesMVP",50000,500,180,1,7,100,1791011925.43217,1791011974.5185,49.075
"MD_BayesMVP_chunking_500","HPC","MD_BayesMVP",50000,500,180,1,8,100,1791011975.13421,1791012024.22812,49.083
"MD_BayesMVP_chunking_500","HPC","MD_BayesMVP",50000,500,180,1,9,100,1791012024.83904,1791012073.97648,49.126
"MD_BayesMVP_chunking_500","HPC","MD_BayesMVP",50000,500,180,1,10,100,1791012074.59647,1791012123.49991,48.891
"MD_BayesMVP_chunking_500","HPC","MD_BayesMVP",50000,500,180,1,11,100,1791012124.10486,1791012172.83066,48.7140000000001
"MD_BayesMVP_chunking_500","HPC","MD_BayesMVP",50000,500,180,1,12,100,1791012173.42647,1791012222.89467,49.456
"AD_Stan_tape_chunked_250","HPC","AD_Stan_tape_chunked",50000,250,180,1,1,30,1791012512.00847,1791012567.63583,55.588
"AD_Stan_tape_chunked_250","HPC","AD_Stan_tape_chunked",50000,250,180,1,2,30,1791012568.57385,1791012623.17831,54.576
"AD_Stan_tape_chunked_250","HPC","AD_Stan_tape_chunked",50000,250,180,1,3,30,1791012624.11185,1791012678.66635,54.52
"AD_Stan_tape_chunked_250","HPC","AD_Stan_tape_chunked",50000,250,180,1,4,30,1791012679.60108,1791012734.27722,54.641
"AD_Stan_tape_chunked_250","HPC","AD_Stan_tape_chunked",50000,250,180,1,5,30,1791012735.22725,1791012790.01785,54.756
"AD_Stan_tape_chunked_250","HPC","AD_Stan_tape_chunked",50000,250,180,1,6,30,1791012790.99239,1791012845.99182,54.965
"AD_Stan_tape_chunked_250","HPC","AD_Stan_tape_chunked",50000,250,180,1,7,30,1791012846.92621,1791012901.53215,54.572
"AD_Stan_tape_chunked_250","HPC","AD_Stan_tape_chunked",50000,250,180,1,8,30,1791012902.48922,1791012957.22085,54.698
"AD_Stan_tape_chunked_250","HPC","AD_Stan_tape_chunked",50000,250,180,1,9,30,1791012958.16326,1791013012.68933,54.4979999999999
"AD_Stan_tape_chunked_250","HPC","AD_Stan_tape_chunked",50000,250,180,1,10,30,1791013013.63274,1791013068.38942,54.722
"AD_Stan_tape_chunked_250","HPC","AD_Stan_tape_chunked",50000,250,180,1,11,30,1791013069.35705,1791013124.06722,54.681
"MD_BayesMVP_chunks1","HPC","MD_BayesMVP",50000,1,180,1,1,8,1791013363.22737,1791013419.03706,55.786
"MD_BayesMVP_chunks1","HPC","MD_BayesMVP",50000,1,180,1,2,8,1791013419.36283,1791013474.96973,55.596
"MD_BayesMVP_chunks1","HPC","MD_BayesMVP",50000,1,180,1,3,8,1791013475.28142,1791013530.78702,55.487
"MD_BayesMVP_chunks1","HPC","MD_BayesMVP",50000,1,180,1,4,8,1791013531.11292,1791013586.62157,55.491
"MD_BayesMVP_chunks1","HPC","MD_BayesMVP",50000,1,180,1,5,8,1791013586.96879,1791013642.51933,55.539
"MD_BayesMVP_chunks1","HPC","MD_BayesMVP",50000,1,180,1,6,8,1791013642.83821,1791013698.22136,55.365
"MD_BayesMVP_chunks1","HPC","MD_BayesMVP",50000,1,180,1,7,8,1791013698.53579,1791013753.98767,55.434
"MD_BayesMVP_chunks1","HPC","MD_BayesMVP",50000,1,180,1,8,8,1791013754.30216,1791013809.76784,55.454
"MD_BayesMVP_chunks1","HPC","MD_BayesMVP",50000,1,180,1,9,8,1791013810.08276,1791013865.46735,55.3729999999999
"MD_BayesMVP_chunks1","HPC","MD_BayesMVP",50000,1,180,1,10,8,1791013865.79737,1791013921.25671,55.442
"MD_BayesMVP_chunks1","HPC","MD_BayesMVP",50000,1,180,1,11,8,1791013921.56814,1791013976.97368,55.388
"AD_Stan_chunks1","HPC","AD_Stan",50000,1,180,1,1,12,1791014275.26595,1791014336.55363,61.248
"AD_Stan_chunks1","HPC","AD_Stan",50000,1,180,1,2,12,1791014337.07995,1791014397.22202,60.113
"AD_Stan_chunks1","HPC","AD_Stan",50000,1,180,1,3,12,1791014398.37558,1791014458.1832,59.778
"AD_Stan_chunks1","HPC","AD_Stan",50000,1,180,1,4,12,1791014459.35157,1791014519.51576,60.134
"AD_Stan_chunks1","HPC","AD_Stan",50000,1,180,1,5,12,1791014520.72008,1791014580.49793,59.748
"AD_Stan_chunks1","HPC","AD_Stan",50000,1,180,1,6,12,1791014581.67555,1791014641.51368,59.809
"AD_Stan_chunks1","HPC","AD_Stan",50000,1,180,1,7,12,1791014642.7201,1791014702.14696,59.398
"AD_Stan_chunks1","HPC","AD_Stan",50000,1,180,1,8,12,1791014703.30945,1791014763.01549,59.6770000000001
"AD_Stan_chunks1","HPC","AD_Stan",50000,1,180,1,9,12,1791014764.20097,1791014823.83486,59.599
"AD_Stan_chunks1","HPC","AD_Stan",50000,1,180,1,10,12,1791014825.02194,1791014884.91589,59.859
