Mplus_standard,606.415590,0,1402736,348857214827250,76131364545906,183392295964,117040419678,136573487834,45710829595
MD_BayesMVP_chunking_500:snapshot_1,11.471385,-2,0,227530099142,328919541667,25010524484,201915049,3607080,423673609
MD_BayesMVP_chunking_500:snapshot_2,619.930392,-2,0,234298523631686,308688122213791,28465537319892,152316131598,4825530267,407586992937
MD_BayesMVP_chunking_500,621.104454,0,24083692,234298565409008,308688132367055,28465537399025,152316154670,4825543948,407587069552
AD_Stan_tape_chunked_250:snapshot_1,16.786711,-2,0,1070075430134,1661879020547,17500606083,2095654738,931076,2592626608
AD_Stan_tape_chunked_250:snapshot_2,630.060674,-2,0,236289382590775,241432614879231,5099180517962,628515087079,130831252,792344866322
AD_Stan_tape_chunked_250,631.982752,0,46529212,236289427468437,241432624660542,5099180656843,628515116102,130871378,792344985697
MD_BayesMVP_chunks1:snapshot_1,25.844387,-2,0,4186281618994,217251780452,24312961222,6703362729,731625,15852148054
MD_BayesMVP_chunks1:snapshot_2,640.161058,-2,0,376736721647635,12867166730658,2027210941540,598116914903,22543124,1426113795724
MD_BayesMVP_chunks1,642.496594,0,30658552,376736761509918,12867176016691,2027211013010,598116936537,22555015,1426113863980
AD_Stan_chunks1:snapshot_1,25.196275,-2,0,1030142752829,1438145229403,12694956933,658998432,869187,5353564362
AD_Stan_chunks1:snapshot_2,636.302721,-2,0,302942078118220,65365366209603,830213367859,71142622228,22131801,1113058018987
AD_Stan_chunks1,638.302628,0,149010440,302942105483413,65365374474075,830213440652,71142643378,22143862,1113058098682
