start_marker_ignore,0.000000,-3,10978560,5193664
Mplus_standard,606.434848,0,20926814440256,9584421163776
start_marker_ignore,0.000000,-3,16693376,503616
MD_BayesMVP_chunking_500:snapshot_1,11.488337,-2,390026645760,191663200768
MD_BayesMVP_chunking_500:snapshot_2,619.947356,-2,67471003995072,36022616321472
MD_BayesMVP_chunking_500,621.122004,0,67500203626176,36035599728192
start_marker_ignore,0.000000,-3,9475392,6572224
AD_Stan_tape_chunked_250:snapshot_1,16.810659,-2,777089242688,431726899072
AD_Stan_tape_chunked_250:snapshot_2,630.084597,-2,99919138469504,65181837174400
AD_Stan_tape_chunked_250,632.007291,0,99967886739008,65204572081152
start_marker_ignore,0.000000,-3,9048768,3918208
MD_BayesMVP_chunks1:snapshot_1,25.862199,-2,2193857520576,969761307904
MD_BayesMVP_chunks1:snapshot_2,640.178837,-2,151518437475328,64229933168704
MD_BayesMVP_chunks1,642.514939,0,151572851765440,64255304606656
start_marker_ignore,0.000000,-3,11518976,7211392
AD_Stan_chunks1:snapshot_1,25.219561,-2,1576108622592,889361517184
AD_Stan_chunks1:snapshot_2,636.326001,-2,122740778739456,62830020173952
AD_Stan_chunks1,638.326460,0,122793056301696,62854097651712
