label,experiment,algorithm,N,chunks,chains,threads_per_chain,n_iter,cpus
E1_MD_BayesMVP_N50000_chunks1_chains1_tpc1_unpinned,E1,MD_BayesMVP,50000,1,1,1,20,all
E1_MD_BayesMVP_N50000_chunks1_chains8_tpc1_unpinned,E1,MD_BayesMVP,50000,1,8,1,20,all
E1_MD_BayesMVP_N50000_chunks1_chains48_tpc1_unpinned,E1,MD_BayesMVP,50000,1,48,1,20,all
E1_MD_BayesMVP_N50000_chunks1_chains96_tpc1_unpinned,E1,MD_BayesMVP,50000,1,96,1,20,all
E1_MD_BayesMVP_N50000_chunks1_chains180_tpc1_unpinned,E1,MD_BayesMVP,50000,1,180,1,20,all
E1_MD_BayesMVP_N50000_chunks4_chains1_tpc1_unpinned,E1,MD_BayesMVP,50000,4,1,1,20,all
E1_MD_BayesMVP_N50000_chunks4_chains8_tpc1_unpinned,E1,MD_BayesMVP,50000,4,8,1,20,all
E1_MD_BayesMVP_N50000_chunks4_chains48_tpc1_unpinned,E1,MD_BayesMVP,50000,4,48,1,20,all
E1_MD_BayesMVP_N50000_chunks4_chains96_tpc1_unpinned,E1,MD_BayesMVP,50000,4,96,1,20,all
E1_MD_BayesMVP_N50000_chunks4_chains180_tpc1_unpinned,E1,MD_BayesMVP,50000,4,180,1,20,all
E1_MD_BayesMVP_N50000_chunks25_chains1_tpc1_unpinned,E1,MD_BayesMVP,50000,25,1,1,20,all
E1_MD_BayesMVP_N50000_chunks25_chains8_tpc1_unpinned,E1,MD_BayesMVP,50000,25,8,1,20,all
E1_MD_BayesMVP_N50000_chunks25_chains48_tpc1_unpinned,E1,MD_BayesMVP,50000,25,48,1,20,all
E1_MD_BayesMVP_N50000_chunks25_chains96_tpc1_unpinned,E1,MD_BayesMVP,50000,25,96,1,20,all
E1_MD_BayesMVP_N50000_chunks25_chains180_tpc1_unpinned,E1,MD_BayesMVP,50000,25,180,1,20,all
E1_MD_BayesMVP_N50000_chunks100_chains1_tpc1_unpinned,E1,MD_BayesMVP,50000,100,1,1,20,all
E1_MD_BayesMVP_N50000_chunks100_chains8_tpc1_unpinned,E1,MD_BayesMVP,50000,100,8,1,20,all
E1_MD_BayesMVP_N50000_chunks100_chains48_tpc1_unpinned,E1,MD_BayesMVP,50000,100,48,1,20,all
E1_MD_BayesMVP_N50000_chunks100_chains96_tpc1_unpinned,E1,MD_BayesMVP,50000,100,96,1,20,all
E1_MD_BayesMVP_N50000_chunks100_chains180_tpc1_unpinned,E1,MD_BayesMVP,50000,100,180,1,20,all
E1_MD_BayesMVP_N50000_chunks500_chains1_tpc1_unpinned,E1,MD_BayesMVP,50000,500,1,1,20,all
E1_MD_BayesMVP_N50000_chunks500_chains8_tpc1_unpinned,E1,MD_BayesMVP,50000,500,8,1,20,all
E1_MD_BayesMVP_N50000_chunks500_chains48_tpc1_unpinned,E1,MD_BayesMVP,50000,500,48,1,20,all
E1_MD_BayesMVP_N50000_chunks500_chains96_tpc1_unpinned,E1,MD_BayesMVP,50000,500,96,1,20,all
E1_MD_BayesMVP_N50000_chunks500_chains180_tpc1_unpinned,E1,MD_BayesMVP,50000,500,180,1,20,all
E1_MD_BayesMVP_N10000_chunks1_chains1_tpc1_unpinned,E1,MD_BayesMVP,10000,1,1,1,50,all
E1_MD_BayesMVP_N10000_chunks1_chains8_tpc1_unpinned,E1,MD_BayesMVP,10000,1,8,1,50,all
E1_MD_BayesMVP_N10000_chunks1_chains48_tpc1_unpinned,E1,MD_BayesMVP,10000,1,48,1,50,all
E1_MD_BayesMVP_N10000_chunks1_chains96_tpc1_unpinned,E1,MD_BayesMVP,10000,1,96,1,50,all
E1_MD_BayesMVP_N10000_chunks1_chains180_tpc1_unpinned,E1,MD_BayesMVP,10000,1,180,1,50,all
E1_MD_BayesMVP_N10000_chunks4_chains1_tpc1_unpinned,E1,MD_BayesMVP,10000,4,1,1,50,all
E1_MD_BayesMVP_N10000_chunks4_chains8_tpc1_unpinned,E1,MD_BayesMVP,10000,4,8,1,50,all
E1_MD_BayesMVP_N10000_chunks4_chains48_tpc1_unpinned,E1,MD_BayesMVP,10000,4,48,1,50,all
E1_MD_BayesMVP_N10000_chunks4_chains96_tpc1_unpinned,E1,MD_BayesMVP,10000,4,96,1,50,all
E1_MD_BayesMVP_N10000_chunks4_chains180_tpc1_unpinned,E1,MD_BayesMVP,10000,4,180,1,50,all
E1_MD_BayesMVP_N10000_chunks25_chains1_tpc1_unpinned,E1,MD_BayesMVP,10000,25,1,1,50,all
E1_MD_BayesMVP_N10000_chunks25_chains8_tpc1_unpinned,E1,MD_BayesMVP,10000,25,8,1,50,all
E1_MD_BayesMVP_N10000_chunks25_chains48_tpc1_unpinned,E1,MD_BayesMVP,10000,25,48,1,50,all
E1_MD_BayesMVP_N10000_chunks25_chains96_tpc1_unpinned,E1,MD_BayesMVP,10000,25,96,1,50,all
E1_MD_BayesMVP_N10000_chunks25_chains180_tpc1_unpinned,E1,MD_BayesMVP,10000,25,180,1,50,all
E1_MD_BayesMVP_N10000_chunks100_chains1_tpc1_unpinned,E1,MD_BayesMVP,10000,100,1,1,50,all
E1_MD_BayesMVP_N10000_chunks100_chains8_tpc1_unpinned,E1,MD_BayesMVP,10000,100,8,1,50,all
E1_MD_BayesMVP_N10000_chunks100_chains48_tpc1_unpinned,E1,MD_BayesMVP,10000,100,48,1,50,all
E1_MD_BayesMVP_N10000_chunks100_chains96_tpc1_unpinned,E1,MD_BayesMVP,10000,100,96,1,50,all
E1_MD_BayesMVP_N10000_chunks100_chains180_tpc1_unpinned,E1,MD_BayesMVP,10000,100,180,1,50,all
E2_MD_BayesMVP_N50000_chunks1_chains8_tpc1_oneCCD,E2,MD_BayesMVP,50000,1,8,1,20,0-7
E2_MD_BayesMVP_N50000_chunks25_chains8_tpc1_oneCCD,E2,MD_BayesMVP,50000,25,8,1,20,0-7
E2_MD_BayesMVP_N50000_chunks500_chains8_tpc1_oneCCD,E2,MD_BayesMVP,50000,500,8,1,20,0-7
E2_AD_Stan_N50000_chunks1_chains8_tpc1_oneCCD,E2,AD_Stan,50000,1,8,1,10,0-7
E2_AD_Stan_tape_chunked_N50000_chunks10_chains8_tpc1_oneCCD,E2,AD_Stan_tape_chunked,50000,10,8,1,10,0-7
E2_AD_Stan_tape_chunked_N50000_chunks250_chains8_tpc1_oneCCD,E2,AD_Stan_tape_chunked,50000,250,8,1,10,0-7
E2_MD_BayesMVP_N50000_chunks1_chains8_tpc1_spread8CCD,E2,MD_BayesMVP,50000,1,8,1,20,"0,8,16,24,32,40,48,56"
E2_MD_BayesMVP_N50000_chunks25_chains8_tpc1_spread8CCD,E2,MD_BayesMVP,50000,25,8,1,20,"0,8,16,24,32,40,48,56"
E2_MD_BayesMVP_N50000_chunks500_chains8_tpc1_spread8CCD,E2,MD_BayesMVP,50000,500,8,1,20,"0,8,16,24,32,40,48,56"
E2_AD_Stan_N50000_chunks1_chains8_tpc1_spread8CCD,E2,AD_Stan,50000,1,8,1,10,"0,8,16,24,32,40,48,56"
E2_AD_Stan_tape_chunked_N50000_chunks10_chains8_tpc1_spread8CCD,E2,AD_Stan_tape_chunked,50000,10,8,1,10,"0,8,16,24,32,40,48,56"
E2_AD_Stan_tape_chunked_N50000_chunks250_chains8_tpc1_spread8CCD,E2,AD_Stan_tape_chunked,50000,250,8,1,10,"0,8,16,24,32,40,48,56"
E3_MD_BayesMVP_WCP_N50000_chunks8_chains1_tpc8_oneCCD,E3,MD_BayesMVP_WCP,50000,8,1,8,20,0-7
E3_MD_BayesMVP_WCP_N50000_chunks8_chains1_tpc8_spread8CCD,E3,MD_BayesMVP_WCP,50000,8,1,8,20,"0,8,16,24,32,40,48,56"
E3_MD_BayesMVP_WCP_N50000_chunks200_chains1_tpc8_oneCCD,E3,MD_BayesMVP_WCP,50000,200,1,8,20,0-7
E3_MD_BayesMVP_WCP_N50000_chunks200_chains1_tpc8_spread8CCD,E3,MD_BayesMVP_WCP,50000,200,1,8,20,"0,8,16,24,32,40,48,56"
E3_AD_Stan_WCP_N50000_chunks8_chains1_tpc8_oneCCD,E3,AD_Stan_WCP,50000,8,1,8,10,0-7
E3_AD_Stan_WCP_N50000_chunks8_chains1_tpc8_spread8CCD,E3,AD_Stan_WCP,50000,8,1,8,10,"0,8,16,24,32,40,48,56"
E3_AD_Stan_WCP_N50000_chunks250_chains1_tpc8_oneCCD,E3,AD_Stan_WCP,50000,250,1,8,10,0-7
E3_AD_Stan_WCP_N50000_chunks250_chains1_tpc8_spread8CCD,E3,AD_Stan_WCP,50000,250,1,8,10,"0,8,16,24,32,40,48,56"
E3_MD_BayesMVP_WCP_N10000_chunks8_chains1_tpc8_oneCCD,E3,MD_BayesMVP_WCP,10000,8,1,8,50,0-7
E3_MD_BayesMVP_WCP_N10000_chunks8_chains1_tpc8_spread8CCD,E3,MD_BayesMVP_WCP,10000,8,1,8,50,"0,8,16,24,32,40,48,56"
E3_MD_BayesMVP_WCP_N10000_chunks100_chains1_tpc8_oneCCD,E3,MD_BayesMVP_WCP,10000,100,1,8,50,0-7
E3_MD_BayesMVP_WCP_N10000_chunks100_chains1_tpc8_spread8CCD,E3,MD_BayesMVP_WCP,10000,100,1,8,50,"0,8,16,24,32,40,48,56"
E3_AD_Stan_WCP_N10000_chunks8_chains1_tpc8_oneCCD,E3,AD_Stan_WCP,10000,8,1,8,30,0-7
E3_AD_Stan_WCP_N10000_chunks8_chains1_tpc8_spread8CCD,E3,AD_Stan_WCP,10000,8,1,8,30,"0,8,16,24,32,40,48,56"
E3_AD_Stan_WCP_N10000_chunks100_chains1_tpc8_oneCCD,E3,AD_Stan_WCP,10000,100,1,8,30,0-7
E3_AD_Stan_WCP_N10000_chunks100_chains1_tpc8_spread8CCD,E3,AD_Stan_WCP,10000,100,1,8,30,"0,8,16,24,32,40,48,56"
E4_MD_BayesMVP_N50000_chunks1_chains16_tpc1_SMT_oneCCD,E4,MD_BayesMVP,50000,1,16,1,20,"0-7,96-103"
E4_MD_BayesMVP_N50000_chunks1_chains16_tpc1_noSMT_twoCCD,E4,MD_BayesMVP,50000,1,16,1,20,0-15
E4_MD_BayesMVP_N50000_chunks25_chains16_tpc1_SMT_oneCCD,E4,MD_BayesMVP,50000,25,16,1,20,"0-7,96-103"
E4_MD_BayesMVP_N50000_chunks25_chains16_tpc1_noSMT_twoCCD,E4,MD_BayesMVP,50000,25,16,1,20,0-15
E4_MD_BayesMVP_N50000_chunks500_chains16_tpc1_SMT_oneCCD,E4,MD_BayesMVP,50000,500,16,1,20,"0-7,96-103"
E4_MD_BayesMVP_N50000_chunks500_chains16_tpc1_noSMT_twoCCD,E4,MD_BayesMVP,50000,500,16,1,20,0-15
E4_AD_Stan_N50000_chunks1_chains16_tpc1_SMT_oneCCD,E4,AD_Stan,50000,1,16,1,10,"0-7,96-103"
E4_AD_Stan_N50000_chunks1_chains16_tpc1_noSMT_twoCCD,E4,AD_Stan,50000,1,16,1,10,0-15
E4_AD_Stan_tape_chunked_N50000_chunks250_chains16_tpc1_SMT_oneCCD,E4,AD_Stan_tape_chunked,50000,250,16,1,10,"0-7,96-103"
E4_AD_Stan_tape_chunked_N50000_chunks250_chains16_tpc1_noSMT_twoCCD,E4,AD_Stan_tape_chunked,50000,250,16,1,10,0-15
E1_AD_Stan_N50000_chunks1_chains1_tpc1_unpinned,E1,AD_Stan,50000,1,1,1,10,all
E1_AD_Stan_N50000_chunks1_chains8_tpc1_unpinned,E1,AD_Stan,50000,1,8,1,10,all
E1_AD_Stan_N50000_chunks1_chains48_tpc1_unpinned,E1,AD_Stan,50000,1,48,1,10,all
E1_AD_Stan_N50000_chunks1_chains96_tpc1_unpinned,E1,AD_Stan,50000,1,96,1,10,all
E1_AD_Stan_N50000_chunks1_chains180_tpc1_unpinned,E1,AD_Stan,50000,1,180,1,10,all
E1_AD_Stan_tape_chunked_N50000_chunks10_chains1_tpc1_unpinned,E1,AD_Stan_tape_chunked,50000,10,1,1,10,all
E1_AD_Stan_tape_chunked_N50000_chunks10_chains8_tpc1_unpinned,E1,AD_Stan_tape_chunked,50000,10,8,1,10,all
E1_AD_Stan_tape_chunked_N50000_chunks10_chains48_tpc1_unpinned,E1,AD_Stan_tape_chunked,50000,10,48,1,10,all
E1_AD_Stan_tape_chunked_N50000_chunks10_chains96_tpc1_unpinned,E1,AD_Stan_tape_chunked,50000,10,96,1,10,all
E1_AD_Stan_tape_chunked_N50000_chunks10_chains180_tpc1_unpinned,E1,AD_Stan_tape_chunked,50000,10,180,1,10,all
E1_AD_Stan_tape_chunked_N50000_chunks50_chains1_tpc1_unpinned,E1,AD_Stan_tape_chunked,50000,50,1,1,10,all
E1_AD_Stan_tape_chunked_N50000_chunks50_chains8_tpc1_unpinned,E1,AD_Stan_tape_chunked,50000,50,8,1,10,all
E1_AD_Stan_tape_chunked_N50000_chunks50_chains48_tpc1_unpinned,E1,AD_Stan_tape_chunked,50000,50,48,1,10,all
E1_AD_Stan_tape_chunked_N50000_chunks50_chains96_tpc1_unpinned,E1,AD_Stan_tape_chunked,50000,50,96,1,10,all
E1_AD_Stan_tape_chunked_N50000_chunks50_chains180_tpc1_unpinned,E1,AD_Stan_tape_chunked,50000,50,180,1,10,all
E1_AD_Stan_tape_chunked_N50000_chunks250_chains1_tpc1_unpinned,E1,AD_Stan_tape_chunked,50000,250,1,1,10,all
E1_AD_Stan_tape_chunked_N50000_chunks250_chains8_tpc1_unpinned,E1,AD_Stan_tape_chunked,50000,250,8,1,10,all
E1_AD_Stan_tape_chunked_N50000_chunks250_chains48_tpc1_unpinned,E1,AD_Stan_tape_chunked,50000,250,48,1,10,all
E1_AD_Stan_tape_chunked_N50000_chunks250_chains96_tpc1_unpinned,E1,AD_Stan_tape_chunked,50000,250,96,1,10,all
E1_AD_Stan_tape_chunked_N50000_chunks250_chains180_tpc1_unpinned,E1,AD_Stan_tape_chunked,50000,250,180,1,10,all
E1_AD_Stan_tape_chunked_N50000_chunks500_chains1_tpc1_unpinned,E1,AD_Stan_tape_chunked,50000,500,1,1,10,all
E1_AD_Stan_tape_chunked_N50000_chunks500_chains8_tpc1_unpinned,E1,AD_Stan_tape_chunked,50000,500,8,1,10,all
E1_AD_Stan_tape_chunked_N50000_chunks500_chains48_tpc1_unpinned,E1,AD_Stan_tape_chunked,50000,500,48,1,10,all
E1_AD_Stan_tape_chunked_N50000_chunks500_chains96_tpc1_unpinned,E1,AD_Stan_tape_chunked,50000,500,96,1,10,all
E1_AD_Stan_tape_chunked_N50000_chunks500_chains180_tpc1_unpinned,E1,AD_Stan_tape_chunked,50000,500,180,1,10,all
E1_AD_Stan_N10000_chunks1_chains1_tpc1_unpinned,E1,AD_Stan,10000,1,1,1,30,all
E1_AD_Stan_N10000_chunks1_chains8_tpc1_unpinned,E1,AD_Stan,10000,1,8,1,30,all
E1_AD_Stan_N10000_chunks1_chains48_tpc1_unpinned,E1,AD_Stan,10000,1,48,1,30,all
E1_AD_Stan_N10000_chunks1_chains96_tpc1_unpinned,E1,AD_Stan,10000,1,96,1,30,all
E1_AD_Stan_N10000_chunks1_chains180_tpc1_unpinned,E1,AD_Stan,10000,1,180,1,30,all
E1_AD_Stan_tape_chunked_N10000_chunks4_chains1_tpc1_unpinned,E1,AD_Stan_tape_chunked,10000,4,1,1,30,all
E1_AD_Stan_tape_chunked_N10000_chunks4_chains8_tpc1_unpinned,E1,AD_Stan_tape_chunked,10000,4,8,1,30,all
E1_AD_Stan_tape_chunked_N10000_chunks4_chains48_tpc1_unpinned,E1,AD_Stan_tape_chunked,10000,4,48,1,30,all
E1_AD_Stan_tape_chunked_N10000_chunks4_chains96_tpc1_unpinned,E1,AD_Stan_tape_chunked,10000,4,96,1,30,all
E1_AD_Stan_tape_chunked_N10000_chunks4_chains180_tpc1_unpinned,E1,AD_Stan_tape_chunked,10000,4,180,1,30,all
E1_AD_Stan_tape_chunked_N10000_chunks25_chains1_tpc1_unpinned,E1,AD_Stan_tape_chunked,10000,25,1,1,30,all
E1_AD_Stan_tape_chunked_N10000_chunks25_chains8_tpc1_unpinned,E1,AD_Stan_tape_chunked,10000,25,8,1,30,all
E1_AD_Stan_tape_chunked_N10000_chunks25_chains48_tpc1_unpinned,E1,AD_Stan_tape_chunked,10000,25,48,1,30,all
E1_AD_Stan_tape_chunked_N10000_chunks25_chains96_tpc1_unpinned,E1,AD_Stan_tape_chunked,10000,25,96,1,30,all
E1_AD_Stan_tape_chunked_N10000_chunks25_chains180_tpc1_unpinned,E1,AD_Stan_tape_chunked,10000,25,180,1,30,all
E1_AD_Stan_tape_chunked_N10000_chunks100_chains1_tpc1_unpinned,E1,AD_Stan_tape_chunked,10000,100,1,1,30,all
E1_AD_Stan_tape_chunked_N10000_chunks100_chains8_tpc1_unpinned,E1,AD_Stan_tape_chunked,10000,100,8,1,30,all
E1_AD_Stan_tape_chunked_N10000_chunks100_chains48_tpc1_unpinned,E1,AD_Stan_tape_chunked,10000,100,48,1,30,all
E1_AD_Stan_tape_chunked_N10000_chunks100_chains96_tpc1_unpinned,E1,AD_Stan_tape_chunked,10000,100,96,1,30,all
E1_AD_Stan_tape_chunked_N10000_chunks100_chains180_tpc1_unpinned,E1,AD_Stan_tape_chunked,10000,100,180,1,30,all
