"label","device","algorithm","N","num_chunks","n_chains","threads_per_chain","n_iter_short","n_iter_long","elapsed_seconds_short_run","elapsed_seconds_long_run"
"E1_MD_BayesMVP_N50000_chunks1_chains1_tpc1_unpinned","Laptop","MD_BayesMVP",50000,1,1,1,2,20,1.01400000000001,9.61600000000001
"E1_MD_BayesMVP_N50000_chunks1_chains4_tpc1_unpinned","Laptop","MD_BayesMVP",50000,1,4,1,2,20,2.73899999999999,26.237
"E1_MD_BayesMVP_N50000_chunks1_chains8_tpc1_unpinned","Laptop","MD_BayesMVP",50000,1,8,1,2,20,6.61000000000001,65.462
"E1_MD_BayesMVP_N50000_chunks1_chains16_tpc1_unpinned","Laptop","MD_BayesMVP",50000,1,16,1,2,20,16.475,147.443
"E1_MD_BayesMVP_N50000_chunks4_chains1_tpc1_unpinned","Laptop","MD_BayesMVP",50000,4,1,1,2,20,0.861999999999995,8.071
"E1_MD_BayesMVP_N50000_chunks4_chains4_tpc1_unpinned","Laptop","MD_BayesMVP",50000,4,4,1,2,20,1.461,13.483
"E1_MD_BayesMVP_N50000_chunks4_chains8_tpc1_unpinned","Laptop","MD_BayesMVP",50000,4,8,1,2,20,3.378,32.951
"E1_MD_BayesMVP_N50000_chunks4_chains16_tpc1_unpinned","Laptop","MD_BayesMVP",50000,4,16,1,2,20,9.23999999999999,89.385
"E1_MD_BayesMVP_N50000_chunks25_chains1_tpc1_unpinned","Laptop","MD_BayesMVP",50000,25,1,1,2,20,0.72399999999999,6.88300000000001
"E1_MD_BayesMVP_N50000_chunks25_chains4_tpc1_unpinned","Laptop","MD_BayesMVP",50000,25,4,1,2,20,0.813000000000002,7.46300000000001
"E1_MD_BayesMVP_N50000_chunks25_chains8_tpc1_unpinned","Laptop","MD_BayesMVP",50000,25,8,1,2,20,1.244,11.157
"E1_MD_BayesMVP_N50000_chunks25_chains16_tpc1_unpinned","Laptop","MD_BayesMVP",50000,25,16,1,2,20,3.673,33.25
"E1_MD_BayesMVP_N50000_chunks100_chains1_tpc1_unpinned","Laptop","MD_BayesMVP",50000,100,1,1,2,20,0.698999999999998,6.44899999999998
"E1_MD_BayesMVP_N50000_chunks100_chains4_tpc1_unpinned","Laptop","MD_BayesMVP",50000,100,4,1,2,20,0.731000000000009,6.747
"E1_MD_BayesMVP_N50000_chunks100_chains8_tpc1_unpinned","Laptop","MD_BayesMVP",50000,100,8,1,2,20,0.855999999999995,7.42999999999999
"E1_MD_BayesMVP_N50000_chunks100_chains16_tpc1_unpinned","Laptop","MD_BayesMVP",50000,100,16,1,2,20,1.71299999999999,13.549
"E1_MD_BayesMVP_N50000_chunks500_chains1_tpc1_unpinned","Laptop","MD_BayesMVP",50000,500,1,1,2,20,0.727000000000004,6.73999999999999
"E1_MD_BayesMVP_N50000_chunks500_chains4_tpc1_unpinned","Laptop","MD_BayesMVP",50000,500,4,1,2,20,0.772000000000006,7.054
"E1_MD_BayesMVP_N50000_chunks500_chains8_tpc1_unpinned","Laptop","MD_BayesMVP",50000,500,8,1,2,20,0.86099999999999,7.521
"E1_MD_BayesMVP_N50000_chunks500_chains16_tpc1_unpinned","Laptop","MD_BayesMVP",50000,500,16,1,2,20,1.747,13.78
"E1_MD_BayesMVP_N10000_chunks1_chains1_tpc1_unpinned","Laptop","MD_BayesMVP",10000,1,1,1,2,50,0.172000000000001,3.982
"E1_MD_BayesMVP_N10000_chunks1_chains4_tpc1_unpinned","Laptop","MD_BayesMVP",10000,1,4,1,2,50,0.276,6.228
"E1_MD_BayesMVP_N10000_chunks1_chains8_tpc1_unpinned","Laptop","MD_BayesMVP",10000,1,8,1,2,50,0.600000000000001,14.257
"E1_MD_BayesMVP_N10000_chunks1_chains16_tpc1_unpinned","Laptop","MD_BayesMVP",10000,1,16,1,2,50,1.634,39.634
"E1_MD_BayesMVP_N10000_chunks4_chains1_tpc1_unpinned","Laptop","MD_BayesMVP",10000,4,1,1,2,50,0.146999999999998,3.626
"E1_MD_BayesMVP_N10000_chunks4_chains4_tpc1_unpinned","Laptop","MD_BayesMVP",10000,4,4,1,2,50,0.190999999999999,4.402
"E1_MD_BayesMVP_N10000_chunks4_chains8_tpc1_unpinned","Laptop","MD_BayesMVP",10000,4,8,1,2,50,0.331,7.587
"E1_MD_BayesMVP_N10000_chunks4_chains16_tpc1_unpinned","Laptop","MD_BayesMVP",10000,4,16,1,2,50,0.805000000000003,18.768
"E1_MD_BayesMVP_N10000_chunks25_chains1_tpc1_unpinned","Laptop","MD_BayesMVP",10000,25,1,1,2,50,0.140000000000001,3.419
"E1_MD_BayesMVP_N10000_chunks25_chains4_tpc1_unpinned","Laptop","MD_BayesMVP",10000,25,4,1,2,50,0.151,3.464
"E1_MD_BayesMVP_N10000_chunks25_chains8_tpc1_unpinned","Laptop","MD_BayesMVP",10000,25,8,1,2,50,0.220000000000002,3.972
"E1_MD_BayesMVP_N10000_chunks25_chains16_tpc1_unpinned","Laptop","MD_BayesMVP",10000,25,16,1,2,50,0.324999999999999,6.727
"E1_MD_BayesMVP_N10000_chunks100_chains1_tpc1_unpinned","Laptop","MD_BayesMVP",10000,100,1,1,2,50,0.144000000000002,3.571
"E1_MD_BayesMVP_N10000_chunks100_chains4_tpc1_unpinned","Laptop","MD_BayesMVP",10000,100,4,1,2,50,0.148000000000003,3.472
"E1_MD_BayesMVP_N10000_chunks100_chains8_tpc1_unpinned","Laptop","MD_BayesMVP",10000,100,8,1,2,50,0.238999999999997,3.731
"E1_MD_BayesMVP_N10000_chunks100_chains16_tpc1_unpinned","Laptop","MD_BayesMVP",10000,100,16,1,2,50,0.344000000000001,7.005
"E3_MD_BayesMVP_WCP_N50000_chunks8_chains1_tpc8_unpinned","Laptop","MD_BayesMVP_WCP",50000,8,1,8,2,20,0.376999999999995,3.319
"E3_MD_BayesMVP_WCP_N50000_chunks200_chains1_tpc8_unpinned","Laptop","MD_BayesMVP_WCP",50000,200,1,8,2,20,0.171999999999997,1.416
"E3_AD_Stan_WCP_N50000_chunks8_chains1_tpc8_unpinned","Laptop","AD_Stan_WCP",50000,8,1,8,2,10,1.214,3.15799999999999
"E3_AD_Stan_WCP_N50000_chunks250_chains1_tpc8_unpinned","Laptop","AD_Stan_WCP",50000,250,1,8,2,10,0.97399999999999,2.27699999999999
"E3_MD_BayesMVP_WCP_N10000_chunks8_chains1_tpc8_unpinned","Laptop","MD_BayesMVP_WCP",10000,8,1,8,2,50,0.036999999999999,0.885000000000002
"E3_MD_BayesMVP_WCP_N10000_chunks100_chains1_tpc8_unpinned","Laptop","MD_BayesMVP_WCP",10000,100,1,8,2,50,0.0300000000000011,0.821999999999999
"E3_AD_Stan_WCP_N10000_chunks8_chains1_tpc8_unpinned","Laptop","AD_Stan_WCP",10000,8,1,8,2,30,0.217000000000002,1.461
"E3_AD_Stan_WCP_N10000_chunks100_chains1_tpc8_unpinned","Laptop","AD_Stan_WCP",10000,100,1,8,2,30,0.176000000000002,1.05
"E1_AD_Stan_N50000_chunks1_chains1_tpc1_unpinned","Laptop","AD_Stan",50000,1,1,1,2,10,2.30199999999999,7.12300000000002
"E1_AD_Stan_N50000_chunks1_chains4_tpc1_unpinned","Laptop","AD_Stan",50000,1,4,1,2,10,3.16,10.637
"E1_AD_Stan_N50000_chunks1_chains8_tpc1_unpinned","Laptop","AD_Stan",50000,1,8,1,2,10,5.309,21.235
"E1_AD_Stan_N50000_chunks1_chains16_tpc1_unpinned","Laptop","AD_Stan",50000,1,16,1,2,10,10.232,42.763
"E1_AD_Stan_tape_chunked_N50000_chunks10_chains1_tpc1_unpinned","Laptop","AD_Stan_tape_chunked",50000,10,1,1,2,10,2.318,8.51599999999999
"E1_AD_Stan_tape_chunked_N50000_chunks10_chains4_tpc1_unpinned","Laptop","AD_Stan_tape_chunked",50000,10,4,1,2,10,2.577,9.34100000000001
"E1_AD_Stan_tape_chunked_N50000_chunks10_chains8_tpc1_unpinned","Laptop","AD_Stan_tape_chunked",50000,10,8,1,2,10,3.99299999999999,16.478
"E1_AD_Stan_tape_chunked_N50000_chunks10_chains16_tpc1_unpinned","Laptop","AD_Stan_tape_chunked",50000,10,16,1,2,10,8.05799999999999,35.634
"E1_AD_Stan_tape_chunked_N50000_chunks50_chains1_tpc1_unpinned","Laptop","AD_Stan_tape_chunked",50000,50,1,1,2,10,2.13100000000001,7.798
"E1_AD_Stan_tape_chunked_N50000_chunks50_chains4_tpc1_unpinned","Laptop","AD_Stan_tape_chunked",50000,50,4,1,2,10,2.43899999999999,9.06100000000001
"E1_AD_Stan_tape_chunked_N50000_chunks50_chains8_tpc1_unpinned","Laptop","AD_Stan_tape_chunked",50000,50,8,1,2,10,3.607,14.716
"E1_AD_Stan_tape_chunked_N50000_chunks50_chains16_tpc1_unpinned","Laptop","AD_Stan_tape_chunked",50000,50,16,1,2,10,7.18799999999999,31.26
"E1_AD_Stan_tape_chunked_N50000_chunks250_chains1_tpc1_unpinned","Laptop","AD_Stan_tape_chunked",50000,250,1,1,2,10,2.13199999999999,7.881
"E1_AD_Stan_tape_chunked_N50000_chunks250_chains4_tpc1_unpinned","Laptop","AD_Stan_tape_chunked",50000,250,4,1,2,10,2.309,8.35299999999998
"E1_AD_Stan_tape_chunked_N50000_chunks250_chains8_tpc1_unpinned","Laptop","AD_Stan_tape_chunked",50000,250,8,1,2,10,2.84899999999999,10.79
"E1_AD_Stan_tape_chunked_N50000_chunks250_chains16_tpc1_unpinned","Laptop","AD_Stan_tape_chunked",50000,250,16,1,2,10,6.51300000000001,28.382
"E1_AD_Stan_tape_chunked_N50000_chunks500_chains1_tpc1_unpinned","Laptop","AD_Stan_tape_chunked",50000,500,1,1,2,10,2.15000000000001,8.11200000000002
"E1_AD_Stan_tape_chunked_N50000_chunks500_chains4_tpc1_unpinned","Laptop","AD_Stan_tape_chunked",50000,500,4,1,2,10,2.30400000000002,8.322
"E1_AD_Stan_tape_chunked_N50000_chunks500_chains8_tpc1_unpinned","Laptop","AD_Stan_tape_chunked",50000,500,8,1,2,10,2.50800000000001,9.11599999999999
"E1_AD_Stan_tape_chunked_N50000_chunks500_chains16_tpc1_unpinned","Laptop","AD_Stan_tape_chunked",50000,500,16,1,2,10,4.90199999999999,19.944
"E1_AD_Stan_N10000_chunks1_chains1_tpc1_unpinned","Laptop","AD_Stan",10000,1,1,1,2,30,0.462,3.738
"E1_AD_Stan_N10000_chunks1_chains4_tpc1_unpinned","Laptop","AD_Stan",10000,1,4,1,2,30,0.551000000000002,5.228
"E1_AD_Stan_N10000_chunks1_chains8_tpc1_unpinned","Laptop","AD_Stan",10000,1,8,1,2,30,0.895,10.207
"E1_AD_Stan_N10000_chunks1_chains16_tpc1_unpinned","Laptop","AD_Stan",10000,1,16,1,2,30,1.801,21.575
"E1_AD_Stan_tape_chunked_N10000_chunks4_chains1_tpc1_unpinned","Laptop","AD_Stan_tape_chunked",10000,4,1,1,2,30,0.430999999999997,4.473
"E1_AD_Stan_tape_chunked_N10000_chunks4_chains4_tpc1_unpinned","Laptop","AD_Stan_tape_chunked",10000,4,4,1,2,30,0.497,5.447
"E1_AD_Stan_tape_chunked_N10000_chunks4_chains8_tpc1_unpinned","Laptop","AD_Stan_tape_chunked",10000,4,8,1,2,30,0.803000000000001,9.424
"E1_AD_Stan_tape_chunked_N10000_chunks4_chains16_tpc1_unpinned","Laptop","AD_Stan_tape_chunked",10000,4,16,1,2,30,1.686,20.215
"E1_AD_Stan_tape_chunked_N10000_chunks25_chains1_tpc1_unpinned","Laptop","AD_Stan_tape_chunked",10000,25,1,1,2,30,0.407,4.403
"E1_AD_Stan_tape_chunked_N10000_chunks25_chains4_tpc1_unpinned","Laptop","AD_Stan_tape_chunked",10000,25,4,1,2,30,0.449000000000002,5.149
"E1_AD_Stan_tape_chunked_N10000_chunks25_chains8_tpc1_unpinned","Laptop","AD_Stan_tape_chunked",10000,25,8,1,2,30,0.673999999999999,7.44
"E1_AD_Stan_tape_chunked_N10000_chunks25_chains16_tpc1_unpinned","Laptop","AD_Stan_tape_chunked",10000,25,16,1,2,30,1.472,17.412
"E1_AD_Stan_tape_chunked_N10000_chunks100_chains1_tpc1_unpinned","Laptop","AD_Stan_tape_chunked",10000,100,1,1,2,30,0.424999999999997,4.762
"E1_AD_Stan_tape_chunked_N10000_chunks100_chains4_tpc1_unpinned","Laptop","AD_Stan_tape_chunked",10000,100,4,1,2,30,0.439,5.001
"E1_AD_Stan_tape_chunked_N10000_chunks100_chains8_tpc1_unpinned","Laptop","AD_Stan_tape_chunked",10000,100,8,1,2,30,0.510000000000002,5.211
"E1_AD_Stan_tape_chunked_N10000_chunks100_chains16_tpc1_unpinned","Laptop","AD_Stan_tape_chunked",10000,100,16,1,2,30,0.998000000000001,10.431
"E4_MD_BayesMVP_N50000_chunks1_chains8_tpc1_physical_cores_only","Laptop","MD_BayesMVP",50000,1,8,1,2,20,6.67500000000001,65.402
"E4_MD_BayesMVP_N50000_chunks25_chains8_tpc1_physical_cores_only","Laptop","MD_BayesMVP",50000,25,8,1,2,20,1.214,11.282
"E4_MD_BayesMVP_N50000_chunks500_chains8_tpc1_physical_cores_only","Laptop","MD_BayesMVP",50000,500,8,1,2,20,0.831999999999994,7.47799999999999
"E4_AD_Stan_N50000_chunks1_chains8_tpc1_physical_cores_only","Laptop","AD_Stan",50000,1,8,1,2,10,5.26499999999999,21.256
"E4_AD_Stan_tape_chunked_N50000_chunks250_chains8_tpc1_physical_cores_only","Laptop","AD_Stan_tape_chunked",50000,250,8,1,2,10,2.81900000000002,10.684
