start_marker_ignore,0.000000,-3,3197184,253696
E5_MD_BayesMVP_N50000_chunks1_chains8_tpc1_unpinned:snapshot_1,64.422085,-2,311737890944,121751189312
E5_MD_BayesMVP_N50000_chunks1_chains8_tpc1_unpinned:snapshot_2,65.392294,-2,354653723392,146623273792
E5_MD_BayesMVP_N50000_chunks1_chains8_tpc1_unpinned:snapshot_3,71.012784,-2,722201749440,371709212672
E5_MD_BayesMVP_N50000_chunks1_chains8_tpc1_unpinned,71.442496,0,723704226816,371973081920
start_marker_ignore,0.000000,-3,1395456,128896
E5_MD_BayesMVP_N50000_chunks1_chains48_tpc1_unpinned:snapshot_1,67.786254,-2,536109711872,211266011328
E5_MD_BayesMVP_N50000_chunks1_chains48_tpc1_unpinned:snapshot_2,73.773917,-2,1059320536064,422303278080
E5_MD_BayesMVP_N50000_chunks1_chains48_tpc1_unpinned:snapshot_3,98.102204,-2,5769533618560,2333717929664
E5_MD_BayesMVP_N50000_chunks1_chains48_tpc1_unpinned,99.112535,0,5773042190464,2334360787392
start_marker_ignore,0.000000,-3,2086400,425088
E5_MD_BayesMVP_N50000_chunks1_chains96_tpc1_unpinned:snapshot_1,72.365952,-2,981164048704,389159769792
E5_MD_BayesMVP_N50000_chunks1_chains96_tpc1_unpinned:snapshot_2,84.614533,-2,2397731022976,946202086784
E5_MD_BayesMVP_N50000_chunks1_chains96_tpc1_unpinned:snapshot_3,145.778331,-2,16025417670144,6234887195200
E5_MD_BayesMVP_N50000_chunks1_chains96_tpc1_unpinned,147.555303,0,16033574405952,6236682056512
start_marker_ignore,0.000000,-3,962240,261696
E5_MD_BayesMVP_N50000_chunks1_chains180_tpc1_unpinned:snapshot_1,81.262362,-2,2045660362816,858439659520
E5_MD_BayesMVP_N50000_chunks1_chains180_tpc1_unpinned:snapshot_2,96.779034,-2,5427208617344,2295022921536
E5_MD_BayesMVP_N50000_chunks1_chains180_tpc1_unpinned:snapshot_3,232.800339,-2,39095386831040,16471645498048
E5_MD_BayesMVP_N50000_chunks1_chains180_tpc1_unpinned,235.704486,0,39109195598976,16474342314240
start_marker_ignore,0.000000,-3,1165696,200704
E5_MD_BayesMVP_N50000_chunks25_chains8_tpc1_unpinned:snapshot_1,63.794033,-2,320327822400,116060423744
E5_MD_BayesMVP_N50000_chunks25_chains8_tpc1_unpinned:snapshot_2,64.512505,-2,326018077184,118039452096
E5_MD_BayesMVP_N50000_chunks25_chains8_tpc1_unpinned:snapshot_3,68.713907,-2,361786301952,129264645888
E5_MD_BayesMVP_N50000_chunks25_chains8_tpc1_unpinned,69.071381,0,363239124864,129601659328
start_marker_ignore,0.000000,-3,1222656,239872
E5_MD_BayesMVP_N50000_chunks25_chains48_tpc1_unpinned:snapshot_1,66.094587,-2,347500773824,128966324928
E5_MD_BayesMVP_N50000_chunks25_chains48_tpc1_unpinned:snapshot_2,67.169390,-2,387388470336,149166508992
E5_MD_BayesMVP_N50000_chunks25_chains48_tpc1_unpinned:snapshot_3,72.470377,-2,692076933248,291402403520
E5_MD_BayesMVP_N50000_chunks25_chains48_tpc1_unpinned,73.087317,0,694846224448,291966546304
start_marker_ignore,0.000000,-3,617280,240512
E5_MD_BayesMVP_N50000_chunks25_chains96_tpc1_unpinned:snapshot_1,65.549273,-2,398693535680,158904627776
E5_MD_BayesMVP_N50000_chunks25_chains96_tpc1_unpinned:snapshot_2,67.401154,-2,506817320832,222778278144
E5_MD_BayesMVP_N50000_chunks25_chains96_tpc1_unpinned:snapshot_3,76.424729,-2,1324823080448,710370512000
E5_MD_BayesMVP_N50000_chunks25_chains96_tpc1_unpinned,77.394334,0,1329053701568,711290531008
start_marker_ignore,0.000000,-3,2771136,230272
E5_MD_BayesMVP_N50000_chunks25_chains180_tpc1_unpinned:snapshot_1,67.434669,-2,498114313280,233383861312
E5_MD_BayesMVP_N50000_chunks25_chains180_tpc1_unpinned:snapshot_2,70.818697,-2,859924731584,462442470976
E5_MD_BayesMVP_N50000_chunks25_chains180_tpc1_unpinned:snapshot_3,90.366071,-2,4256013109184,2610767118080
E5_MD_BayesMVP_N50000_chunks25_chains180_tpc1_unpinned,91.932645,0,4263252257344,2612395505536
start_marker_ignore,0.000000,-3,790912,136000
E5_MD_BayesMVP_N50000_chunks100_chains8_tpc1_unpinned:snapshot_1,64.137888,-2,311360504896,120229697344
E5_MD_BayesMVP_N50000_chunks100_chains8_tpc1_unpinned:snapshot_2,64.805730,-2,318797888000,122383758592
E5_MD_BayesMVP_N50000_chunks100_chains8_tpc1_unpinned:snapshot_3,68.604857,-2,356205098240,132172738048
E5_MD_BayesMVP_N50000_chunks100_chains8_tpc1_unpinned,68.959109,0,357691341120,132491546496
start_marker_ignore,0.000000,-3,985472,147712
E5_MD_BayesMVP_N50000_chunks100_chains48_tpc1_unpinned:snapshot_1,64.603142,-2,340326537792,129510190912
E5_MD_BayesMVP_N50000_chunks100_chains48_tpc1_unpinned:snapshot_2,65.610207,-2,374539186816,144693496064
E5_MD_BayesMVP_N50000_chunks100_chains48_tpc1_unpinned:snapshot_3,70.240501,-2,639877256320,254905391936
E5_MD_BayesMVP_N50000_chunks100_chains48_tpc1_unpinned,70.866054,0,642468224768,255471839488
start_marker_ignore,0.000000,-3,1380672,173184
E5_MD_BayesMVP_N50000_chunks100_chains96_tpc1_unpinned:snapshot_1,66.160475,-2,370017978816,143354050688
E5_MD_BayesMVP_N50000_chunks100_chains96_tpc1_unpinned:snapshot_2,67.915305,-2,440649898944,178979267392
E5_MD_BayesMVP_N50000_chunks100_chains96_tpc1_unpinned:snapshot_3,75.564507,-2,939894788160,438014622016
E5_MD_BayesMVP_N50000_chunks100_chains96_tpc1_unpinned,76.523600,0,944024929216,439002695872
start_marker_ignore,0.000000,-3,3124096,319616
E5_MD_BayesMVP_N50000_chunks100_chains180_tpc1_unpinned:snapshot_1,66.714871,-2,384467942592,160571628608
E5_MD_BayesMVP_N50000_chunks100_chains180_tpc1_unpinned:snapshot_2,69.352802,-2,527025149376,234110556736
E5_MD_BayesMVP_N50000_chunks100_chains180_tpc1_unpinned:snapshot_3,81.090536,-2,1624308025920,798367626752
E5_MD_BayesMVP_N50000_chunks100_chains180_tpc1_unpinned,82.610110,0,1630538936000,799769758016
start_marker_ignore,0.000000,-3,3084928,206976
E5_MD_BayesMVP_N50000_chunks500_chains8_tpc1_unpinned:snapshot_1,64.717553,-2,308379673920,117090182208
E5_MD_BayesMVP_N50000_chunks500_chains8_tpc1_unpinned:snapshot_2,65.435786,-2,313390672640,118982529792
E5_MD_BayesMVP_N50000_chunks500_chains8_tpc1_unpinned:snapshot_3,69.685187,-2,343733756608,128937642688
E5_MD_BayesMVP_N50000_chunks500_chains8_tpc1_unpinned,70.038929,0,345272412480,129241769216
start_marker_ignore,0.000000,-3,627328,136704
E5_MD_BayesMVP_N50000_chunks500_chains48_tpc1_unpinned:snapshot_1,64.971649,-2,311914046016,118812965760
E5_MD_BayesMVP_N50000_chunks500_chains48_tpc1_unpinned:snapshot_2,66.062338,-2,338929934016,132556681344
E5_MD_BayesMVP_N50000_chunks500_chains48_tpc1_unpinned:snapshot_3,71.431859,-2,529547589440,226943392896
E5_MD_BayesMVP_N50000_chunks500_chains48_tpc1_unpinned,72.037036,0,531682574976,227314149312
start_marker_ignore,0.000000,-3,1396416,278912
E5_MD_BayesMVP_N50000_chunks500_chains96_tpc1_unpinned:snapshot_1,65.206877,-2,291904013632,118858468480
E5_MD_BayesMVP_N50000_chunks500_chains96_tpc1_unpinned:snapshot_2,66.980654,-2,352682340224,151552229952
E5_MD_BayesMVP_N50000_chunks500_chains96_tpc1_unpinned:snapshot_3,74.838486,-2,787912501056,389797897920
E5_MD_BayesMVP_N50000_chunks500_chains96_tpc1_unpinned,75.771080,0,792251669888,390523276672
start_marker_ignore,0.000000,-3,1720256,207040
E5_MD_BayesMVP_N50000_chunks500_chains180_tpc1_unpinned:snapshot_1,67.037367,-2,342205937472,143566270016
E5_MD_BayesMVP_N50000_chunks500_chains180_tpc1_unpinned:snapshot_2,69.715596,-2,466655329792,210338182464
E5_MD_BayesMVP_N50000_chunks500_chains180_tpc1_unpinned:snapshot_3,81.611850,-2,1388692012672,709498344192
E5_MD_BayesMVP_N50000_chunks500_chains180_tpc1_unpinned,83.142266,0,1397220448896,711082055680
start_marker_ignore,0.000000,-3,3401792,432384
E5_AD_Stan_N50000_chunks1_chains8_tpc1_unpinned:snapshot_1,67.668989,-2,366817340800,146727962304
E5_AD_Stan_N50000_chunks1_chains8_tpc1_unpinned:snapshot_2,69.499922,-2,434580924608,190325178048
E5_AD_Stan_N50000_chunks1_chains8_tpc1_unpinned:snapshot_3,73.849984,-2,722244713152,393117478848
E5_AD_Stan_N50000_chunks1_chains8_tpc1_unpinned,74.252678,0,723981912256,393461662336
start_marker_ignore,0.000000,-3,1119232,291904
E5_AD_Stan_N50000_chunks1_chains48_tpc1_unpinned:snapshot_1,70.057699,-2,584723204800,282926758976
E5_AD_Stan_N50000_chunks1_chains48_tpc1_unpinned:snapshot_2,74.461840,-2,1031238764672,558352714496
E5_AD_Stan_N50000_chunks1_chains48_tpc1_unpinned:snapshot_3,87.466180,-2,3085215583424,1863535002368
E5_AD_Stan_N50000_chunks1_chains48_tpc1_unpinned,88.382100,0,3089480226816,1864491200384
start_marker_ignore,0.000000,-3,7485952,1593600
E5_AD_Stan_N50000_chunks1_chains96_tpc1_unpinned:snapshot_1,72.833530,-2,845411921984,446321096896
E5_AD_Stan_N50000_chunks1_chains96_tpc1_unpinned:snapshot_2,81.065679,-2,1837548088576,1004676735680
E5_AD_Stan_N50000_chunks1_chains96_tpc1_unpinned:snapshot_3,107.231434,-2,6488975035136,3656676605504
E5_AD_Stan_N50000_chunks1_chains96_tpc1_unpinned,108.738586,0,6495956048448,3658111735488
start_marker_ignore,0.000000,-3,3255424,292544
E5_AD_Stan_N50000_chunks1_chains180_tpc1_unpinned:snapshot_1,80.147878,-2,1307179984448,728264740480
E5_AD_Stan_N50000_chunks1_chains180_tpc1_unpinned:snapshot_2,95.672090,-2,3321529430656,1780147131968
E5_AD_Stan_N50000_chunks1_chains180_tpc1_unpinned:snapshot_3,147.306393,-2,13119650042816,6786713559552
E5_AD_Stan_N50000_chunks1_chains180_tpc1_unpinned,149.809740,0,13133197821952,6789747829696
start_marker_ignore,0.000000,-3,5915200,839424
E5_AD_Stan_tape_chunked_N50000_chunks10_chains8_tpc1_unpinned:snapshot_1,67.054005,-2,336704578304,132944012800
E5_AD_Stan_tape_chunked_N50000_chunks10_chains8_tpc1_unpinned:snapshot_2,68.589859,-2,377485692032,160020570688
E5_AD_Stan_tape_chunked_N50000_chunks10_chains8_tpc1_unpinned:snapshot_3,73.121354,-2,530348653760,266907931648
E5_AD_Stan_tape_chunked_N50000_chunks10_chains8_tpc1_unpinned,73.537194,0,532324816512,267294792768
start_marker_ignore,0.000000,-3,6769984,1670912
E5_AD_Stan_tape_chunked_N50000_chunks10_chains48_tpc1_unpinned:snapshot_1,68.251248,-2,502270808256,249055139520
E5_AD_Stan_tape_chunked_N50000_chunks10_chains48_tpc1_unpinned:snapshot_2,71.269861,-2,824771989312,486496360448
E5_AD_Stan_tape_chunked_N50000_chunks10_chains48_tpc1_unpinned:snapshot_3,81.509095,-2,2346433737472,1622441254400
E5_AD_Stan_tape_chunked_N50000_chunks10_chains48_tpc1_unpinned,82.536204,0,2350840148096,1623372498560
start_marker_ignore,0.000000,-3,1672704,295040
E5_AD_Stan_tape_chunked_N50000_chunks10_chains96_tpc1_unpinned:snapshot_1,69.692521,-2,691306422080,386217892800
E5_AD_Stan_tape_chunked_N50000_chunks10_chains96_tpc1_unpinned:snapshot_2,74.995401,-2,1387907635392,885903181952
E5_AD_Stan_tape_chunked_N50000_chunks10_chains96_tpc1_unpinned:snapshot_3,95.061598,-2,4660313237376,3273454127040
E5_AD_Stan_tape_chunked_N50000_chunks10_chains96_tpc1_unpinned,96.847977,0,4668476954304,3275220430976
start_marker_ignore,0.000000,-3,1116160,300992
E5_AD_Stan_tape_chunked_N50000_chunks10_chains180_tpc1_unpinned:snapshot_1,73.537630,-2,1090563956032,649166207936
E5_AD_Stan_tape_chunked_N50000_chunks10_chains180_tpc1_unpinned:snapshot_2,83.428657,-2,2502922299520,1638439097280
E5_AD_Stan_tape_chunked_N50000_chunks10_chains180_tpc1_unpinned:snapshot_3,122.727642,-2,9234867987776,6389764463552
E5_AD_Stan_tape_chunked_N50000_chunks10_chains180_tpc1_unpinned,125.464112,0,9248102422016,6392635551104
start_marker_ignore,0.000000,-3,1599232,295232
E5_AD_Stan_tape_chunked_N50000_chunks250_chains8_tpc1_unpinned:snapshot_1,67.109383,-2,329441375232,124119529920
E5_AD_Stan_tape_chunked_N50000_chunks250_chains8_tpc1_unpinned:snapshot_2,68.558273,-2,343931797824,129243871360
E5_AD_Stan_tape_chunked_N50000_chunks250_chains8_tpc1_unpinned:snapshot_3,72.882996,-2,396590688896,145616119552
E5_AD_Stan_tape_chunked_N50000_chunks250_chains8_tpc1_unpinned,73.277805,0,398394148544,145941546752
start_marker_ignore,0.000000,-3,1406016,294016
E5_AD_Stan_tape_chunked_N50000_chunks250_chains48_tpc1_unpinned:snapshot_1,68.158232,-2,375621436928,142908535616
E5_AD_Stan_tape_chunked_N50000_chunks250_chains48_tpc1_unpinned:snapshot_2,70.244762,-2,445405075008,173347777984
E5_AD_Stan_tape_chunked_N50000_chunks250_chains48_tpc1_unpinned:snapshot_3,76.254772,-2,700075891712,267414859648
E5_AD_Stan_tape_chunked_N50000_chunks250_chains48_tpc1_unpinned,77.147329,0,704085977024,268186672128
start_marker_ignore,0.000000,-3,3319296,252544
E5_AD_Stan_tape_chunked_N50000_chunks250_chains96_tpc1_unpinned:snapshot_1,68.651742,-2,410948007552,175308545728
E5_AD_Stan_tape_chunked_N50000_chunks250_chains96_tpc1_unpinned:snapshot_2,71.684370,-2,562244302912,259717530304
E5_AD_Stan_tape_chunked_N50000_chunks250_chains96_tpc1_unpinned:snapshot_3,80.700836,-2,1113648799680,571611857600
E5_AD_Stan_tape_chunked_N50000_chunks250_chains96_tpc1_unpinned,82.178007,0,1120158054208,573091664384
start_marker_ignore,0.000000,-3,2043200,316800
E5_AD_Stan_tape_chunked_N50000_chunks250_chains180_tpc1_unpinned:snapshot_1,71.323540,-2,684944496576,356185358208
E5_AD_Stan_tape_chunked_N50000_chunks250_chains180_tpc1_unpinned:snapshot_2,77.339883,-2,1332722326016,783424801216
E5_AD_Stan_tape_chunked_N50000_chunks250_chains180_tpc1_unpinned:snapshot_3,97.893711,-2,4237570414208,2734135500544
E5_AD_Stan_tape_chunked_N50000_chunks250_chains180_tpc1_unpinned,100.275993,0,4251416624128,2736864605440
