label,wall_seconds,exit_status,max_rss_kb,cycles,instructions,fills_local_L2,fills_local_L3,fills_other_CCX,fills_DRAM
E1_MD_BayesMVP_N50000_chunks1_chains1_tpc1_unpinned:snapshot_1,63.753228,-2,0,232541068825,608619360527,11955761479,296516057,258911,498379186
E1_MD_BayesMVP_N50000_chunks1_chains1_tpc1_unpinned:snapshot_2,64.552352,-2,0,234424334120,610333613097,12401164774,325401892,342981,533326388
E1_MD_BayesMVP_N50000_chunks1_chains1_tpc1_unpinned:snapshot_3,69.664627,-2,0,252139870235,626326945111,16836179635,596674387,344770,875656934
E1_MD_BayesMVP_N50000_chunks1_chains1_tpc1_unpinned,69.978461,0,590888,252149453807,626339432170,16836296778,596687989,345199,875688949
E1_MD_BayesMVP_N50000_chunks1_chains8_tpc1_unpinned:snapshot_1,64.764483,-2,0,241747599360,614303493342,13763861792,376620676,385621,607566655
E1_MD_BayesMVP_N50000_chunks1_chains8_tpc1_unpinned:snapshot_2,65.713660,-2,0,257503034406,627279111421,17296622408,589486168,402320,916486361
E1_MD_BayesMVP_N50000_chunks1_chains8_tpc1_unpinned:snapshot_3,71.411618,-2,0,407009100150,755120897654,52725571724,2748429173,1205425,3625565152
E1_MD_BayesMVP_N50000_chunks1_chains8_tpc1_unpinned,71.826173,0,1801780,407019220826,755133420964,52725689530,2748446946,1206367,3625599763
E1_MD_BayesMVP_N50000_chunks1_chains48_tpc1_unpinned:snapshot_1,67.909834,-2,0,397146966265,647272308466,20944960668,1202219610,405043,2666451796
E1_MD_BayesMVP_N50000_chunks1_chains48_tpc1_unpinned:snapshot_2,73.769873,-2,0,735048972643,724807804330,37882687417,3632998493,472055,7499040656
E1_MD_BayesMVP_N50000_chunks1_chains48_tpc1_unpinned:snapshot_3,98.153615,-2,0,3960500523481,1491314949519,211488863557,25955547783,1302472,52646326177
E1_MD_BayesMVP_N50000_chunks1_chains48_tpc1_unpinned,99.076883,0,8509124,3960512533817,1491327916114,211488982440,25955562748,1306072,52646368242
E1_MD_BayesMVP_N50000_chunks1_chains96_tpc1_unpinned:snapshot_1,72.215669,-2,0,1022356995063,686093103247,27826402038,2919017774,595457,5962785876
E1_MD_BayesMVP_N50000_chunks1_chains96_tpc1_unpinned:snapshot_2,84.299635,-2,0,2778571803092,840707592185,55848205646,9697499049,755653,19678051549
E1_MD_BayesMVP_N50000_chunks1_chains96_tpc1_unpinned:snapshot_3,146.237127,-2,0,20599001748563,2373010312125,300504867712,90719537418,2136342,176909268768
E1_MD_BayesMVP_N50000_chunks1_chains96_tpc1_unpinned,147.890066,0,16837044,20599016341165,2373023945648,300504992697,90719556586,2142554,176909320967
E1_MD_BayesMVP_N50000_chunks1_chains180_tpc1_unpinned:snapshot_1,80.432942,-2,0,4328418488008,754613270776,35273944598,6755157773,650947,16220370622
E1_MD_BayesMVP_N50000_chunks1_chains180_tpc1_unpinned:snapshot_2,96.061209,-2,0,12821109267009,1044426292145,81755616368,19880278101,1034697,48077786193
E1_MD_BayesMVP_N50000_chunks1_chains180_tpc1_unpinned:snapshot_3,232.821650,-2,0,98369612964549,3916864264701,536640802355,152858112455,5769923,369570942275
E1_MD_BayesMVP_N50000_chunks1_chains180_tpc1_unpinned,235.585704,0,31470940,98369652163171,3916879078012,536640939573,152858139004,5782462,369571008638
E1_MD_BayesMVP_N50000_chunks4_chains1_tpc1_unpinned:snapshot_1,63.789794,-2,0,232844184304,608604077318,12008257264,357224639,360726,476233135
E1_MD_BayesMVP_N50000_chunks4_chains1_tpc1_unpinned:snapshot_2,64.507286,-2,0,234482281761,610325623153,12467977475,400587724,361386,482375594
E1_MD_BayesMVP_N50000_chunks4_chains1_tpc1_unpinned:snapshot_3,69.017146,-2,0,249992253964,626430019016,17030556106,836237855,363155,531660975
E1_MD_BayesMVP_N50000_chunks4_chains1_tpc1_unpinned,69.323906,0,502588,250010914039,626447346416,17030765990,836316918,363573,531788203
E1_MD_BayesMVP_N50000_chunks4_chains8_tpc1_unpinned:snapshot_1,64.070246,-2,0,239085144658,614316995495,13530182440,435308198,475245,508750537
E1_MD_BayesMVP_N50000_chunks4_chains8_tpc1_unpinned:snapshot_2,64.881584,-2,0,252351945358,627347855669,17158965426,756890711,537085,611792174
E1_MD_BayesMVP_N50000_chunks4_chains8_tpc1_unpinned:snapshot_3,69.783047,-2,0,379665986096,756104420180,53500137611,4034910249,1127207,1367065579
E1_MD_BayesMVP_N50000_chunks4_chains8_tpc1_unpinned,70.154814,0,1204152,379675965242,756116962002,53500255777,4034928153,1128176,1367099547
E1_MD_BayesMVP_N50000_chunks4_chains48_tpc1_unpinned:snapshot_1,66.666315,-2,0,295320883023,647331252856,22221506648,1177213733,281845,1167341237
E1_MD_BayesMVP_N50000_chunks4_chains48_tpc1_unpinned:snapshot_2,68.555409,-2,0,423123820755,725170710351,42993448823,2956207080,464686,2615772728
E1_MD_BayesMVP_N50000_chunks4_chains48_tpc1_unpinned:snapshot_3,80.856372,-2,0,1544311759645,1498279086511,251359410712,20946235586,1568524,15221763118
E1_MD_BayesMVP_N50000_chunks4_chains48_tpc1_unpinned,81.529241,0,5008388,1544323609226,1498292318308,251359529491,20946250675,1571819,15221807059
E1_MD_BayesMVP_N50000_chunks4_chains96_tpc1_unpinned:snapshot_1,67.874071,-2,0,424019238031,686117079981,32426840662,2004157844,714008,2126878352
E1_MD_BayesMVP_N50000_chunks4_chains96_tpc1_unpinned:snapshot_2,71.533522,-2,0,815402503491,841545471110,73021039572,5829414222,1145257,5719257821
E1_MD_BayesMVP_N50000_chunks4_chains96_tpc1_unpinned:snapshot_3,97.343569,-2,0,3702801858026,2388900938107,485244658170,41283113850,5336212,35968950543
E1_MD_BayesMVP_N50000_chunks4_chains96_tpc1_unpinned,98.410448,0,9867848,3702816859370,2388915088039,485244784416,41283133116,5341976,35969007069
E1_MD_BayesMVP_N50000_chunks4_chains180_tpc1_unpinned:snapshot_1,72.210125,-2,0,939589937512,754582291191,49076543572,4112541128,700560,4467948041
E1_MD_BayesMVP_N50000_chunks4_chains180_tpc1_unpinned:snapshot_2,79.799166,-2,0,1881036450348,1046392614079,126730331111,10629129912,1555828,10470989599
E1_MD_BayesMVP_N50000_chunks4_chains180_tpc1_unpinned:snapshot_3,137.350305,-2,0,7232002799920,3951857849782,918985588223,69096225192,7299185,57112927601
E1_MD_BayesMVP_N50000_chunks4_chains180_tpc1_unpinned,139.057655,0,18472604,7232031805637,3951873715065,918985734223,69096248866,7310580,57113003200
E1_MD_BayesMVP_N50000_chunks25_chains1_tpc1_unpinned:snapshot_1,63.785525,-2,0,233110884074,608682972007,11863024801,291616124,575312,473015953
E1_MD_BayesMVP_N50000_chunks25_chains1_tpc1_unpinned:snapshot_2,64.469313,-2,0,234594056069,610474753975,12313340357,317081504,581870,475108289
E1_MD_BayesMVP_N50000_chunks25_chains1_tpc1_unpinned:snapshot_3,68.487577,-2,0,248311236724,627314117232,16805727472,551982451,583502,487614326
E1_MD_BayesMVP_N50000_chunks25_chains1_tpc1_unpinned,68.794397,0,500592,248330706925,627331440014,16805939366,552062313,583906,487742037
E1_MD_BayesMVP_N50000_chunks25_chains8_tpc1_unpinned:snapshot_1,64.387079,-2,0,239060061783,614647291447,13600869657,350596169,443762,479946115
E1_MD_BayesMVP_N50000_chunks25_chains8_tpc1_unpinned:snapshot_2,65.099826,-2,0,250251376256,628115760443,17200409299,542779833,766868,493409792
E1_MD_BayesMVP_N50000_chunks25_chains8_tpc1_unpinned:snapshot_3,69.346995,-2,0,360435856910,761455367965,53053782970,2457827757,3539114,602987448
E1_MD_BayesMVP_N50000_chunks25_chains8_tpc1_unpinned,69.702689,0,1065056,360445988345,761467893560,53053900411,2457845585,3540058,603021894
E1_MD_BayesMVP_N50000_chunks25_chains48_tpc1_unpinned:snapshot_1,65.249999,-2,0,268374954855,648540312428,22608751144,811187827,912886,578117605
E1_MD_BayesMVP_N50000_chunks25_chains48_tpc1_unpinned:snapshot_2,66.310163,-2,0,340409080099,728939832621,44070522668,1933205020,5172616,800281723
E1_MD_BayesMVP_N50000_chunks25_chains48_tpc1_unpinned:snapshot_3,71.603301,-2,0,1029637247588,1528402767836,258120865404,13120312139,54168802,2583091892
E1_MD_BayesMVP_N50000_chunks25_chains48_tpc1_unpinned,72.220815,0,4073644,1029648762031,1528415748665,258120983729,13120329325,54172330,2583133160
E1_MD_BayesMVP_N50000_chunks25_chains96_tpc1_unpinned:snapshot_1,65.861585,-2,0,327820069961,688451269667,33510706855,1369369497,1499884,856313456
E1_MD_BayesMVP_N50000_chunks25_chains96_tpc1_unpinned:snapshot_2,67.892152,-2,0,513859151019,848998337875,76737032633,3625478352,6324683,1566058423
E1_MD_BayesMVP_N50000_chunks25_chains96_tpc1_unpinned:snapshot_3,76.927508,-2,0,2066190334880,2447901613146,505964641850,25486720784,58909736,7100101745
E1_MD_BayesMVP_N50000_chunks25_chains96_tpc1_unpinned,77.906612,0,7991032,2066203973840,2447915229631,505964767410,25486740977,58915892,7100152449
E1_MD_BayesMVP_N50000_chunks25_chains180_tpc1_unpinned:snapshot_1,68.580084,-2,0,613234025970,758943706764,53390483240,3096969395,2028166,2031868493
E1_MD_BayesMVP_N50000_chunks25_chains180_tpc1_unpinned:snapshot_2,71.959831,-2,0,1455837379865,1059752454509,135009935504,8782962125,5819706,5498230716
E1_MD_BayesMVP_N50000_chunks25_chains180_tpc1_unpinned:snapshot_3,91.441028,-2,0,9531997848121,4056720066591,947928864152,64875570647,46034270,38565812346
E1_MD_BayesMVP_N50000_chunks25_chains180_tpc1_unpinned,92.962420,0,14907816,9532056141657,4056734268931,947928999356,64875595196,46044393,38565869350
E1_MD_BayesMVP_N50000_chunks100_chains1_tpc1_unpinned:snapshot_1,63.608619,-2,0,232192486645,608868909857,11912295167,305807375,293886,476146630
E1_MD_BayesMVP_N50000_chunks100_chains1_tpc1_unpinned:snapshot_2,64.269473,-2,0,233539426409,610927948349,12233249383,314296325,300393,477831259
E1_MD_BayesMVP_N50000_chunks100_chains1_tpc1_unpinned:snapshot_3,67.886972,-2,0,245746181257,630444389408,15379967491,401366405,301854,487526440
E1_MD_BayesMVP_N50000_chunks100_chains1_tpc1_unpinned,68.189716,0,501708,245755744045,630456775736,15380080918,401379581,302127,487558790
E1_MD_BayesMVP_N50000_chunks100_chains8_tpc1_unpinned:snapshot_1,63.648060,-2,0,236129440498,615617395551,12979611876,270741146,797079,477636043
E1_MD_BayesMVP_N50000_chunks100_chains8_tpc1_unpinned:snapshot_2,64.342713,-2,0,245940815110,631303498414,15472256935,330718282,854415,491557260
E1_MD_BayesMVP_N50000_chunks100_chains8_tpc1_unpinned:snapshot_3,68.105289,-2,0,341326956889,786876062287,40240185408,929205584,1529982,575997425
E1_MD_BayesMVP_N50000_chunks100_chains8_tpc1_unpinned,68.461495,0,1045736,341336870965,786888616519,40240303199,929223804,1530984,576031796
E1_MD_BayesMVP_N50000_chunks100_chains48_tpc1_unpinned:snapshot_1,64.366514,-2,0,262458005601,655408002342,19144111677,415144887,695039,567089142
E1_MD_BayesMVP_N50000_chunks100_chains48_tpc1_unpinned:snapshot_2,65.380396,-2,0,324058779843,749406861110,33962890971,758824282,1219251,746378242
E1_MD_BayesMVP_N50000_chunks100_chains48_tpc1_unpinned:snapshot_3,69.899228,-2,0,911344780690,1685003334721,181717775853,4193965008,3649550,2146348267
E1_MD_BayesMVP_N50000_chunks100_chains48_tpc1_unpinned,70.508645,0,3988776,911356883967,1685016468165,181717894699,4193980135,3652586,2146391996
E1_MD_BayesMVP_N50000_chunks100_chains96_tpc1_unpinned:snapshot_1,65.345862,-2,0,299988475039,702188873773,26919274029,702850015,909050,657734627
E1_MD_BayesMVP_N50000_chunks100_chains96_tpc1_unpinned:snapshot_2,67.016035,-2,0,440903205733,890044911935,57146664000,1453820123,1579822,1045239146
E1_MD_BayesMVP_N50000_chunks100_chains96_tpc1_unpinned:snapshot_3,74.664095,-2,0,1690662732109,2761861774878,356359496340,8642153991,5914906,4118461494
E1_MD_BayesMVP_N50000_chunks100_chains96_tpc1_unpinned,75.610783,0,7803508,1690677733292,2761875737873,356359621450,8642173247,5921089,4118516904
E1_MD_BayesMVP_N50000_chunks100_chains180_tpc1_unpinned:snapshot_1,67.229264,-2,0,417864990866,784639852522,43980305201,1558585712,925187,804403507
E1_MD_BayesMVP_N50000_chunks100_chains180_tpc1_unpinned:snapshot_2,69.855926,-2,0,840193924056,1136632777066,109426166283,4307502242,2318968,1499990492
E1_MD_BayesMVP_N50000_chunks100_chains180_tpc1_unpinned:snapshot_3,81.484121,-2,0,4535064180875,4645855221895,755783129542,30860534655,7572885,7099186044
E1_MD_BayesMVP_N50000_chunks100_chains180_tpc1_unpinned,82.962342,0,14578416,4535102834676,4645870787872,755783275779,30860560192,7585785,7099260272
E1_MD_BayesMVP_N50000_chunks500_chains1_tpc1_unpinned:snapshot_1,63.661385,-2,0,232482462634,609277719430,11820076440,237659068,417298,478429541
E1_MD_BayesMVP_N50000_chunks500_chains1_tpc1_unpinned:snapshot_2,64.323888,-2,0,233837105439,612248011271,11994190463,239194640,423899,479972570
E1_MD_BayesMVP_N50000_chunks500_chains1_tpc1_unpinned:snapshot_3,68.108772,-2,0,246649723066,640790972133,13657890672,252304016,472208,489150416
E1_MD_BayesMVP_N50000_chunks500_chains1_tpc1_unpinned,68.414047,0,497200,246668925622,640808164971,13658102290,252379851,472605,489280217
E1_MD_BayesMVP_N50000_chunks500_chains8_tpc1_unpinned:snapshot_1,63.796589,-2,0,237346110342,619282773425,12511043158,260810708,1608470,478531149
E1_MD_BayesMVP_N50000_chunks500_chains8_tpc1_unpinned:snapshot_2,64.511193,-2,0,248018889424,642313120544,13857439159,271378705,4678018,490254203
E1_MD_BayesMVP_N50000_chunks500_chains8_tpc1_unpinned:snapshot_3,68.669217,-2,0,353172557541,871627088060,27207631955,376420542,30981813,574879204
E1_MD_BayesMVP_N50000_chunks500_chains8_tpc1_unpinned,69.023969,0,1040940,353182563087,871639668333,27207752638,376438358,30983037,574914114
E1_MD_BayesMVP_N50000_chunks500_chains48_tpc1_unpinned:snapshot_1,64.429875,-2,0,266386815986,677280013093,16067346495,293320753,3130868,552806086
E1_MD_BayesMVP_N50000_chunks500_chains48_tpc1_unpinned:snapshot_2,65.598115,-2,0,334397722902,815099588505,24319220809,331283690,13978980,702379949
E1_MD_BayesMVP_N50000_chunks500_chains48_tpc1_unpinned:snapshot_3,70.822875,-2,0,972559153148,2191256970661,104030976023,647706290,92698069,1890670093
E1_MD_BayesMVP_N50000_chunks500_chains48_tpc1_unpinned,71.429602,0,3974820,972572058954,2191270343360,104031101169,647722693,92703690,1890717985
E1_MD_BayesMVP_N50000_chunks500_chains96_tpc1_unpinned:snapshot_1,65.911723,-2,0,311799336384,745998601930,21070523837,332570470,3704705,653289814
E1_MD_BayesMVP_N50000_chunks500_chains96_tpc1_unpinned:snapshot_2,67.648459,-2,0,470754640068,1021367432213,39759208985,398371748,10983770,1020481466
E1_MD_BayesMVP_N50000_chunks500_chains96_tpc1_unpinned:snapshot_3,75.498736,-2,0,1845944361553,3773980405975,205520963629,927099509,73093306,4000311163
E1_MD_BayesMVP_N50000_chunks500_chains96_tpc1_unpinned,76.426935,0,7728052,1845961020622,3773994843810,205521099403,927123402,73104340,4000372971
E1_MD_BayesMVP_N50000_chunks500_chains180_tpc1_unpinned:snapshot_1,67.180380,-2,0,430296608751,866743237959,35856532029,446811594,3572883,834915256
E1_MD_BayesMVP_N50000_chunks500_chains180_tpc1_unpinned:snapshot_2,69.821885,-2,0,864411869141,1382818883829,85338839962,666260695,24545956,1619976251
E1_MD_BayesMVP_N50000_chunks500_chains180_tpc1_unpinned:snapshot_3,81.936571,-2,0,4765312185871,6543527031959,565269206899,3092951739,199125269,8051053469
E1_MD_BayesMVP_N50000_chunks500_chains180_tpc1_unpinned,83.423105,0,14382044,4765358581047,6543543511531,565269377078,3092980668,199148812,8051143732
E1_MD_BayesMVP_N10000_chunks1_chains1_tpc1_unpinned:snapshot_1,16.083166,-2,0,58115942489,147903958718,2848839101,113116325,273584,110342922
E1_MD_BayesMVP_N10000_chunks1_chains1_tpc1_unpinned:snapshot_2,16.444245,-2,0,58474463115,148322646241,2942395439,122261786,274220,111195859
E1_MD_BayesMVP_N10000_chunks1_chains1_tpc1_unpinned:snapshot_3,18.791499,-2,0,66123855098,156800616982,5245913517,340875079,346902,120338958
E1_MD_BayesMVP_N10000_chunks1_chains1_tpc1_unpinned,19.073023,0,250964,66133567121,156812987617,5246029673,340887052,347304,120371010
E1_MD_BayesMVP_N10000_chunks1_chains8_tpc1_unpinned:snapshot_1,16.329947,-2,0,59601519058,149125995304,3255128352,136657620,323504,113804117
E1_MD_BayesMVP_N10000_chunks1_chains8_tpc1_unpinned:snapshot_2,16.719502,-2,0,62176291262,151922287706,3993032701,206348735,388369,122745673
E1_MD_BayesMVP_N10000_chunks1_chains8_tpc1_unpinned:snapshot_3,19.264448,-2,0,124389547542,219478869439,22329806423,1953896896,733930,286345384
E1_MD_BayesMVP_N10000_chunks1_chains8_tpc1_unpinned,19.573651,0,536828,124399494769,219491359660,22329924792,1953909310,734879,286378304
E1_MD_BayesMVP_N10000_chunks1_chains48_tpc1_unpinned:snapshot_1,16.892942,-2,0,73343660852,156044896076,4944284870,287546468,446409,247728723
E1_MD_BayesMVP_N10000_chunks1_chains48_tpc1_unpinned:snapshot_2,17.651342,-2,0,105571166142,172563166331,9188660915,643415407,520470,539085714
E1_MD_BayesMVP_N10000_chunks1_chains48_tpc1_unpinned:snapshot_3,22.929762,-2,0,796236284049,578471714623,114544901213,9608027917,2358089,7465336340
E1_MD_BayesMVP_N10000_chunks1_chains48_tpc1_unpinned,23.401449,0,2150124,796248289273,578484818108,114545021305,9608042467,2361759,7465378753
E1_MD_BayesMVP_N10000_chunks1_chains96_tpc1_unpinned:snapshot_1,17.652690,-2,0,122825645831,164331664629,6703949630,661539831,362007,561998482
E1_MD_BayesMVP_N10000_chunks1_chains96_tpc1_unpinned:snapshot_2,18.804682,-2,0,265317270016,197196855323,14197923576,1890125786,461342,1624801820
E1_MD_BayesMVP_N10000_chunks1_chains96_tpc1_unpinned:snapshot_3,31.089460,-2,0,3724049877835,1008353592583,196074679094,35785329942,2407432,28496108572
E1_MD_BayesMVP_N10000_chunks1_chains96_tpc1_unpinned,31.705346,0,3613240,3724066564815,1008367500399,196074813572,35785352799,2414358,28496161338
E1_MD_BayesMVP_N10000_chunks1_chains180_tpc1_unpinned:snapshot_1,18.842233,-2,0,340492918970,178758564408,9796120251,1217536751,524635,1217692114
E1_MD_BayesMVP_N10000_chunks1_chains180_tpc1_unpinned:snapshot_2,20.735767,-2,0,1033741762347,240096012680,23537407273,3480626759,662982,3623520012
E1_MD_BayesMVP_N10000_chunks1_chains180_tpc1_unpinned:snapshot_3,50.488918,-2,0,18475482072185,1760615266479,363271823615,61157907779,3438508,62999633976
E1_MD_BayesMVP_N10000_chunks1_chains180_tpc1_unpinned,51.409869,0,6740352,18475510458834,1760630682595,363271966897,61157931097,3451488,62999704174
E1_MD_BayesMVP_N10000_chunks4_chains1_tpc1_unpinned:snapshot_1,16.205029,-2,0,58622137660,147914814438,2849312153,116596531,408372,112561872
E1_MD_BayesMVP_N10000_chunks4_chains1_tpc1_unpinned:snapshot_2,16.564534,-2,0,58957226519,148346508990,2943170172,122069870,414515,113040370
E1_MD_BayesMVP_N10000_chunks4_chains1_tpc1_unpinned:snapshot_3,18.741479,-2,0,65997398797,157081099324,5247700468,258132282,415100,115823923
E1_MD_BayesMVP_N10000_chunks4_chains1_tpc1_unpinned,19.022081,0,233816,66006857101,157093472026,5247818122,258144876,415362,115855363
E1_MD_BayesMVP_N10000_chunks4_chains8_tpc1_unpinned:snapshot_1,16.138518,-2,0,59215813387,149158938768,3207444047,127026993,516173,110810255
E1_MD_BayesMVP_N10000_chunks4_chains8_tpc1_unpinned:snapshot_2,16.506476,-2,0,61607708270,152043986597,3951661118,170302750,767944,112808688
E1_MD_BayesMVP_N10000_chunks4_chains8_tpc1_unpinned:snapshot_3,18.784764,-2,0,118927121987,222013022111,22453383578,1256176806,985789,136799882
E1_MD_BayesMVP_N10000_chunks4_chains8_tpc1_unpinned,19.083438,0,426628,118937334712,222025516111,22453501676,1256189350,986725,136835428
E1_MD_BayesMVP_N10000_chunks4_chains48_tpc1_unpinned:snapshot_1,16.356695,-2,0,65977330539,156237511979,5051657673,229000068,490601,127918881
E1_MD_BayesMVP_N10000_chunks4_chains48_tpc1_unpinned:snapshot_2,16.869888,-2,0,81067787588,173248764504,9495404858,479593890,623671,170582550
E1_MD_BayesMVP_N10000_chunks4_chains48_tpc1_unpinned:snapshot_3,19.721385,-2,0,435880919624,592996968961,120231884825,6757826762,1368227,862745133
E1_MD_BayesMVP_N10000_chunks4_chains48_tpc1_unpinned,20.127511,0,1460800,435892610528,593010200165,120232009074,6757841399,1371523,862788532
E1_MD_BayesMVP_N10000_chunks4_chains96_tpc1_unpinned:snapshot_1,16.816462,-2,0,76805453757,164767046149,7260317335,358391925,624955,190459118
E1_MD_BayesMVP_N10000_chunks4_chains96_tpc1_unpinned:snapshot_2,17.506537,-2,0,115546175266,198621850466,16124918903,839042603,732885,381159724
E1_MD_BayesMVP_N10000_chunks4_chains96_tpc1_unpinned:snapshot_3,22.480064,-2,0,952118758993,1037310519492,236834583658,12542919180,2195512,4171983570
E1_MD_BayesMVP_N10000_chunks4_chains96_tpc1_unpinned,22.939241,0,2268240,952133766757,1037324679564,236834709181,12542938601,2201370,4172040135
E1_MD_BayesMVP_N10000_chunks4_chains180_tpc1_unpinned:snapshot_1,17.329452,-2,0,121166130402,179575589580,11051017324,638736723,498555,382534698
E1_MD_BayesMVP_N10000_chunks4_chains180_tpc1_unpinned:snapshot_2,18.462530,-2,0,375998805042,242868570675,27267042780,1910549049,736096,1247189013
E1_MD_BayesMVP_N10000_chunks4_chains180_tpc1_unpinned:snapshot_3,32.177858,-2,0,7086394572595,1814810408328,429947710187,33822875459,3545142,22966552148
E1_MD_BayesMVP_N10000_chunks4_chains180_tpc1_unpinned,32.789316,0,4183964,7086435914016,1814826412814,429947857003,33822901065,3557442,22966629157
E1_MD_BayesMVP_N10000_chunks25_chains1_tpc1_unpinned:snapshot_1,15.980145,-2,0,57843088799,147965636706,2836810716,101647910,392369,108548575
E1_MD_BayesMVP_N10000_chunks25_chains1_tpc1_unpinned:snapshot_2,16.339003,-2,0,58167865771,148471879184,2903566776,103250832,398416,108951260
E1_MD_BayesMVP_N10000_chunks25_chains1_tpc1_unpinned:snapshot_3,18.296873,-2,0,64403242677,158996751147,4423392707,130520593,399061,110653619
E1_MD_BayesMVP_N10000_chunks25_chains1_tpc1_unpinned,18.577638,0,235124,64412836128,159009129334,4423507745,130532304,399456,110685118
E1_MD_BayesMVP_N10000_chunks25_chains8_tpc1_unpinned:snapshot_1,16.138051,-2,0,59183386678,149460978112,3075838803,104276689,398602,109915013
E1_MD_BayesMVP_N10000_chunks25_chains8_tpc1_unpinned:snapshot_2,16.495913,-2,0,61201964682,152893121903,3557051490,114112731,536308,110951964
E1_MD_BayesMVP_N10000_chunks25_chains8_tpc1_unpinned:snapshot_3,18.565297,-2,0,110504056854,236749426404,15697450877,332327372,2583112,123576833
E1_MD_BayesMVP_N10000_chunks25_chains8_tpc1_unpinned,18.859367,0,391552,110513632248,236761990007,15697571263,332344035,2584060,123609614
E1_MD_BayesMVP_N10000_chunks25_chains48_tpc1_unpinned:snapshot_1,16.343680,-2,0,65015539967,157956051250,4300532090,155107439,734506,115350664
E1_MD_BayesMVP_N10000_chunks25_chains48_tpc1_unpinned:snapshot_2,16.839705,-2,0,77551795619,178277453985,7192449428,213415133,1864449,127575066
E1_MD_BayesMVP_N10000_chunks25_chains48_tpc1_unpinned:snapshot_3,19.407369,-2,0,374125668454,680632807334,79119666945,1584593887,27108200,235636646
E1_MD_BayesMVP_N10000_chunks25_chains48_tpc1_unpinned,19.795272,0,1271816,374137755128,680645911268,79119789747,1584609374,27111548,235678368
E1_MD_BayesMVP_N10000_chunks25_chains96_tpc1_unpinned:snapshot_1,16.583432,-2,0,72726254626,168168601424,5803062120,184047354,1109737,127144485
E1_MD_BayesMVP_N10000_chunks25_chains96_tpc1_unpinned:snapshot_2,17.194138,-2,0,101401560180,208643664085,11803908924,329600734,3291814,160718845
E1_MD_BayesMVP_N10000_chunks25_chains96_tpc1_unpinned:snapshot_3,21.145367,-2,0,736856957055,1213648420829,157618064937,3473964357,60572273,532940552
E1_MD_BayesMVP_N10000_chunks25_chains96_tpc1_unpinned,21.553262,0,1875248,736871603165,1213662308726,157618190302,3473983713,60578683,532992822
E1_MD_BayesMVP_N10000_chunks25_chains180_tpc1_unpinned:snapshot_1,16.953039,-2,0,92253745468,185952909575,8829905417,293212519,1525954,158741297
E1_MD_BayesMVP_N10000_chunks25_chains180_tpc1_unpinned:snapshot_2,17.767653,-2,0,170316728631,261676296498,21533920095,751887817,5429603,263177857
E1_MD_BayesMVP_N10000_chunks25_chains180_tpc1_unpinned:snapshot_3,23.591315,-2,0,1995238911852,2145755268989,337813395403,12189095725,99904347,2079316621
E1_MD_BayesMVP_N10000_chunks25_chains180_tpc1_unpinned,24.116149,0,3422296,1995292179216,2145770529125,337813538339,12189123152,99917507,2079383751
E1_MD_BayesMVP_N10000_chunks100_chains1_tpc1_unpinned:snapshot_1,16.028885,-2,0,57932792374,148049357140,2827573397,104761836,368874,109739670
E1_MD_BayesMVP_N10000_chunks100_chains1_tpc1_unpinned:snapshot_2,16.379614,-2,0,58243318890,148717619092,2863066504,105426379,375490,110082992
E1_MD_BayesMVP_N10000_chunks100_chains1_tpc1_unpinned:snapshot_3,18.403602,-2,0,64700568562,163482249105,3691835163,115626546,376063,111599635
E1_MD_BayesMVP_N10000_chunks100_chains1_tpc1_unpinned,18.684219,0,235204,64710035421,163494622425,3691950463,115638239,376471,111630768
E1_MD_BayesMVP_N10000_chunks100_chains8_tpc1_unpinned:snapshot_1,16.069865,-2,0,58880914757,150115917514,2923780700,104173505,738986,110814479
E1_MD_BayesMVP_N10000_chunks100_chains8_tpc1_unpinned:snapshot_2,16.437906,-2,0,61172901736,154933211096,3200085759,107920398,1894841,111896322
E1_MD_BayesMVP_N10000_chunks100_chains8_tpc1_unpinned:snapshot_3,18.647039,-2,0,115899936011,273112908060,10153162396,185503874,19171891,123662196
E1_MD_BayesMVP_N10000_chunks100_chains8_tpc1_unpinned,18.939655,0,385988,115909588531,273125426206,10153279090,185515606,19173038,123695938
E1_MD_BayesMVP_N10000_chunks100_chains48_tpc1_unpinned:snapshot_1,16.303138,-2,0,64984630410,162041018030,3702026036,115471488,1443528,115309484
E1_MD_BayesMVP_N10000_chunks100_chains48_tpc1_unpinned:snapshot_2,16.807465,-2,0,78642602309,190667795116,5375150368,136319783,2989370,125837647
E1_MD_BayesMVP_N10000_chunks100_chains48_tpc1_unpinned:snapshot_3,19.540487,-2,0,400576105135,900491502305,46482416734,589124109,29678042,214264632
E1_MD_BayesMVP_N10000_chunks100_chains48_tpc1_unpinned,19.924014,0,1242424,400588831567,900504845453,46482542001,589141466,29683810,214310156
E1_MD_BayesMVP_N10000_chunks100_chains96_tpc1_unpinned:snapshot_1,16.589255,-2,0,75342447264,176381596353,4927122631,150004831,1039125,127835494
E1_MD_BayesMVP_N10000_chunks100_chains96_tpc1_unpinned:snapshot_2,17.202237,-2,0,108174075685,233466143710,9062460779,191507551,3023761,158330152
E1_MD_BayesMVP_N10000_chunks100_chains96_tpc1_unpinned:snapshot_3,21.202831,-2,0,809762460136,1652947142506,100116856613,1109431580,50509339,446493507
E1_MD_BayesMVP_N10000_chunks100_chains96_tpc1_unpinned,21.608502,0,1804412,809779640151,1652961518730,100116996665,1109454064,50520546,446554216
E1_MD_BayesMVP_N10000_chunks100_chains180_tpc1_unpinned:snapshot_1,16.856759,-2,0,95153983389,201350677233,7427217460,145765669,1270273,153834070
E1_MD_BayesMVP_N10000_chunks100_chains180_tpc1_unpinned:snapshot_2,17.671753,-2,0,178171286299,308223369106,17852714940,231328300,4894848,239326370
E1_MD_BayesMVP_N10000_chunks100_chains180_tpc1_unpinned:snapshot_3,23.687083,-2,0,2116881860534,2969169544747,275851574565,2192321261,53706832,1641089068
E1_MD_BayesMVP_N10000_chunks100_chains180_tpc1_unpinned,24.211863,0,3334908,2116913159514,2969185764575,275851743813,2192350181,53727214,1641171790
E2_MD_BayesMVP_N50000_chunks1_chains8_tpc1_oneCCD:snapshot_1,66.079432,-2,0,275467944427,614334203716,13496733437,379724644,1484,697015846
E2_MD_BayesMVP_N50000_chunks1_chains8_tpc1_oneCCD:snapshot_2,69.237839,-2,0,357239697249,627309544776,16960652914,533435098,1779,1137866979
E2_MD_BayesMVP_N50000_chunks1_chains8_tpc1_oneCCD:snapshot_3,97.552399,-2,0,1169583933921,755132505136,51480749878,2033864453,4178,5468583410
E2_MD_BayesMVP_N50000_chunks1_chains8_tpc1_oneCCD,97.976339,0,1808016,1169593860378,755145026915,51480868639,2033885526,4180,5468616147
E2_MD_BayesMVP_N50000_chunks25_chains8_tpc1_oneCCD:snapshot_1,63.496756,-2,0,236922141438,614656886860,13551298778,338053943,1183,497631998
E2_MD_BayesMVP_N50000_chunks25_chains8_tpc1_oneCCD:snapshot_2,64.250773,-2,0,249281099036,628125368089,17109373067,522068561,1277,548570376
E2_MD_BayesMVP_N50000_chunks25_chains8_tpc1_oneCCD:snapshot_3,68.798498,-2,0,368401215025,761471493552,52624664111,2349291648,1629,1041458031
E2_MD_BayesMVP_N50000_chunks25_chains8_tpc1_oneCCD,69.153372,0,1073536,368410861787,761484014066,52624782817,2349312236,1875,1041490155
E2_MD_BayesMVP_N50000_chunks500_chains8_tpc1_oneCCD:snapshot_1,63.925239,-2,0,237891823778,619375594917,12725036002,266460793,1740,485138571
E2_MD_BayesMVP_N50000_chunks500_chains8_tpc1_oneCCD:snapshot_2,64.814603,-2,0,249045644839,642397092214,14078660939,274025735,1794,513050578
E2_MD_BayesMVP_N50000_chunks500_chains8_tpc1_oneCCD:snapshot_3,68.919147,-2,0,355454820576,871719196259,27445790820,348410148,2133,766922913
E2_MD_BayesMVP_N50000_chunks500_chains8_tpc1_oneCCD,69.272162,0,1046616,355464935901,871731773011,27445908439,348430866,2135,766956114
E2_AD_Stan_N50000_chunks1_chains8_tpc1_oneCCD:snapshot_1,67.995326,-2,0,273522958681,688800510974,12423314198,327781016,1404,683000386
E2_AD_Stan_N50000_chunks1_chains8_tpc1_oneCCD:snapshot_2,70.856511,-2,0,331359754322,766758095717,13602441232,343166815,1651,975919122
E2_AD_Stan_N50000_chunks1_chains8_tpc1_oneCCD:snapshot_3,80.875420,-2,0,594218807799,1008417073716,19463846591,401230502,2775,2417390941
E2_AD_Stan_N50000_chunks1_chains8_tpc1_oneCCD,81.278891,0,6783728,594227634546,1008427664335,19463959205,401248169,2781,2417420640
E2_AD_Stan_tape_chunked_N50000_chunks10_chains8_tpc1_oneCCD:snapshot_1,67.173141,-2,0,270762051595,694449946968,12520623624,343947365,1679,695053458
E2_AD_Stan_tape_chunked_N50000_chunks10_chains8_tpc1_oneCCD:snapshot_2,69.406963,-2,0,321552879467,789969556811,13879115505,400477494,1918,1037089156
E2_AD_Stan_tape_chunked_N50000_chunks10_chains8_tpc1_oneCCD:snapshot_3,77.419227,-2,0,536195232694,1120908199946,20438471261,666669978,2986,2688433637
E2_AD_Stan_tape_chunked_N50000_chunks10_chains8_tpc1_oneCCD,77.838064,0,1829148,536203962705,1120918775237,20438581043,666683691,2987,2688463977
E2_AD_Stan_tape_chunked_N50000_chunks250_chains8_tpc1_oneCCD:snapshot_1,66.461068,-2,0,259443067592,696009506485,12537406157,338900667,1727,551167184
E2_AD_Stan_tape_chunked_N50000_chunks250_chains8_tpc1_oneCCD:snapshot_2,67.964401,-2,0,290347389990,794715346322,13824575206,520097528,1878,602333179
E2_AD_Stan_tape_chunked_N50000_chunks250_chains8_tpc1_oneCCD:snapshot_3,72.411276,-2,0,403313322267,1141581882769,20025762808,1403789882,2262,799487832
E2_AD_Stan_tape_chunked_N50000_chunks250_chains8_tpc1_oneCCD,72.804940,0,1487396,403322275951,1141592457383,20025874709,1403803601,2266,799518464
E3_MD_BayesMVP_WCP_N50000_chunks8_chains1_tpc8_oneCCD:snapshot_1,63.799774,-2,0,234252178410,608936443951,12107490583,239566762,2803,491251984
E3_MD_BayesMVP_WCP_N50000_chunks8_chains1_tpc8_oneCCD:snapshot_2,64.223147,-2,0,242666706782,614898041565,12561418295,275014347,2826,522345661
E3_MD_BayesMVP_WCP_N50000_chunks8_chains1_tpc8_oneCCD:snapshot_3,65.774290,-2,0,283422666035,638918662223,16989408909,632022731,3231,821319268
E3_MD_BayesMVP_WCP_N50000_chunks8_chains1_tpc8_oneCCD,66.088053,0,589564,287897082481,642536416316,16996651025,632106348,3275,821449881
E3_MD_BayesMVP_WCP_N50000_chunks200_chains1_tpc8_oneCCD:snapshot_1,63.405042,-2,0,232866399021,609804130950,11904891840,279937087,1543,475454312
E3_MD_BayesMVP_WCP_N50000_chunks200_chains1_tpc8_oneCCD:snapshot_2,63.770788,-2,0,239299126959,616456964976,12176722628,283184999,1577,476592020
E3_MD_BayesMVP_WCP_N50000_chunks200_chains1_tpc8_oneCCD:snapshot_3,64.675096,-2,0,261006665609,648045891030,14867730101,312970201,1606,480838051
E3_MD_BayesMVP_WCP_N50000_chunks200_chains1_tpc8_oneCCD,64.981656,0,503888,265316174647,651530578345,14867973326,313053407,1665,480969656
E3_AD_Stan_WCP_N50000_chunks8_chains1_tpc8_oneCCD:snapshot_1,65.765560,-2,0,241826246400,637031879864,12033756175,278604116,1377,527560039
E3_AD_Stan_WCP_N50000_chunks8_chains1_tpc8_oneCCD:snapshot_2,66.670137,-2,0,248517269932,649108430616,12201129247,285988269,1421,572763984
E3_AD_Stan_WCP_N50000_chunks8_chains1_tpc8_oneCCD:snapshot_3,68.551204,-2,0,277621802508,690632374029,13006530896,321576665,1535,791784910
E3_AD_Stan_WCP_N50000_chunks8_chains1_tpc8_oneCCD,68.937097,0,1396592,277630579152,690642934339,13006640425,321592211,1545,791815255
E3_AD_Stan_WCP_N50000_chunks250_chains1_tpc8_oneCCD:snapshot_1,65.840228,-2,0,241195171453,637020165184,11992691480,313690821,1278,512042446
E3_AD_Stan_WCP_N50000_chunks250_chains1_tpc8_oneCCD:snapshot_2,66.603312,-2,0,245073609938,649506794418,12155378029,336354819,1307,520062577
E3_AD_Stan_WCP_N50000_chunks250_chains1_tpc8_oneCCD:snapshot_3,67.910609,-2,0,259522213892,693083472715,12934789111,449200495,1416,551424633
E3_AD_Stan_WCP_N50000_chunks250_chains1_tpc8_oneCCD,68.222752,0,616708,259531212924,693094072814,12934898450,449214798,1422,551456467
E3_MD_BayesMVP_WCP_N10000_chunks8_chains1_tpc8_oneCCD:snapshot_1,15.934257,-2,0,57885493159,148077967558,2876056939,104706617,666,109539211
E3_MD_BayesMVP_WCP_N10000_chunks8_chains1_tpc8_oneCCD:snapshot_2,16.219865,-2,0,62895442293,152323876885,2956467787,109205901,709,110091092
E3_MD_BayesMVP_WCP_N10000_chunks8_chains1_tpc8_oneCCD:snapshot_3,16.838732,-2,0,77241200498,167880587822,4922580603,220358966,741,111769375
E3_MD_BayesMVP_WCP_N10000_chunks8_chains1_tpc8_oneCCD,17.121335,0,264652,81781456582,171554407667,4922730849,220375128,743,111804588
E3_MD_BayesMVP_WCP_N10000_chunks100_chains1_tpc8_oneCCD:snapshot_1,15.903175,-2,0,57860666902,148256918296,2841286440,102925352,476,108981611
E3_MD_BayesMVP_WCP_N10000_chunks100_chains1_tpc8_oneCCD:snapshot_2,16.193578,-2,0,63031057808,152867865847,2876867608,103800069,545,109333610
E3_MD_BayesMVP_WCP_N10000_chunks100_chains1_tpc8_oneCCD:snapshot_3,16.865211,-2,0,78869547450,175565514945,3737717203,117995988,566,109932137
E3_MD_BayesMVP_WCP_N10000_chunks100_chains1_tpc8_oneCCD,17.144527,0,241436,83450390416,179271827014,3737866471,118011768,570,109967279
E3_AD_Stan_WCP_N10000_chunks8_chains1_tpc8_oneCCD:snapshot_1,16.644768,-2,0,59249010188,153694591678,2860665343,118124807,628,109576697
E3_AD_Stan_WCP_N10000_chunks8_chains1_tpc8_oneCCD:snapshot_2,17.040743,-2,0,60473803730,156211501305,2895353352,119617678,651,117934047
E3_AD_Stan_WCP_N10000_chunks8_chains1_tpc8_oneCCD:snapshot_3,18.016802,-2,0,74755088731,179408102053,3385909919,139371362,795,236630764
E3_AD_Stan_WCP_N10000_chunks8_chains1_tpc8_oneCCD,18.314383,0,456884,74764422246,179418740266,3386026307,139390410,825,236662610
E3_AD_Stan_WCP_N10000_chunks100_chains1_tpc8_oneCCD:snapshot_1,16.495967,-2,0,59670105396,154040362234,2857209950,121992334,462,106666877
E3_AD_Stan_WCP_N10000_chunks100_chains1_tpc8_oneCCD:snapshot_2,16.877926,-2,0,60486231140,156725691747,2890749531,126506848,513,107167301
E3_AD_Stan_WCP_N10000_chunks100_chains1_tpc8_oneCCD:snapshot_3,17.627505,-2,0,68724590136,182447502301,3360701544,192312426,546,109370719
E3_AD_Stan_WCP_N10000_chunks100_chains1_tpc8_oneCCD,17.910652,0,286012,68733881939,182458196219,3360815545,192332111,552,109403111
E4_MD_BayesMVP_N50000_chunks1_chains16_tpc1_noSMT_twoCCD:snapshot_1,66.304759,-2,0,314905055125,620837128027,15261333806,438492479,110392,926298266
E4_MD_BayesMVP_N50000_chunks1_chains16_tpc1_noSMT_twoCCD:snapshot_2,70.669660,-2,0,478874825455,646810293007,22152537440,751013015,116533,1828820928
E4_MD_BayesMVP_N50000_chunks1_chains16_tpc1_noSMT_twoCCD:snapshot_3,99.491097,-2,0,2097200079950,902410754140,91036842532,3789406253,200964,10597064544
E4_MD_BayesMVP_N50000_chunks1_chains16_tpc1_noSMT_twoCCD,100.039771,0,3185840,2097210153748,902423281622,91036959678,3789419955,201841,10597099070
E4_MD_BayesMVP_N50000_chunks25_chains16_tpc1_noSMT_twoCCD:snapshot_1,64.494082,-2,0,245808998495,621307674795,15283420898,453403900,165312,528203032
E4_MD_BayesMVP_N50000_chunks25_chains16_tpc1_noSMT_twoCCD:snapshot_2,65.405764,-2,0,271176341365,648269954597,22413718047,821061104,419711,633014828
E4_MD_BayesMVP_N50000_chunks25_chains16_tpc1_noSMT_twoCCD:snapshot_3,70.177571,-2,0,509689062642,914958786702,93382468552,4537686125,3098834,1603219379
E4_MD_BayesMVP_N50000_chunks25_chains16_tpc1_noSMT_twoCCD,70.580619,0,1709216,509698861909,914971323159,93382583290,4537701028,3099693,1603253430
E4_MD_BayesMVP_N50000_chunks500_chains16_tpc1_noSMT_twoCCD:snapshot_1,64.177282,-2,0,243821749723,630877296181,13264700608,282588381,1402651,502860316
E4_MD_BayesMVP_N50000_chunks500_chains16_tpc1_noSMT_twoCCD:snapshot_2,65.128926,-2,0,266542104441,676977794155,15939842587,293660588,4045115,562326878
E4_MD_BayesMVP_N50000_chunks500_chains16_tpc1_noSMT_twoCCD:snapshot_3,69.507132,-2,0,480833884321,1135677969964,42463478996,380549908,28259176,1052094339
E4_MD_BayesMVP_N50000_chunks500_chains16_tpc1_noSMT_twoCCD,69.903993,0,1671040,480844490206,1135690635634,42463597416,380565308,28260269,1052130099
E4_AD_Stan_N50000_chunks1_chains16_tpc1_noSMT_twoCCD:snapshot_1,67.801381,-2,0,302702552929,746400557795,13030832146,329781013,219880,841379986
E4_AD_Stan_N50000_chunks1_chains16_tpc1_noSMT_twoCCD:snapshot_2,70.966023,-2,0,420996204794,902148056738,15388153933,360376562,226947,1432630399
E4_AD_Stan_N50000_chunks1_chains16_tpc1_noSMT_twoCCD:snapshot_3,81.803153,-2,0,964601034622,1385133453015,26987887528,471370054,1291554,4435054969
E4_AD_Stan_N50000_chunks1_chains16_tpc1_noSMT_twoCCD,82.306393,0,13332084,964610201019,1385144139457,26987998582,471383568,1292346,4435086795
E4_AD_Stan_tape_chunked_N50000_chunks250_chains16_tpc1_noSMT_twoCCD:snapshot_1,66.317085,-2,0,277483117767,763268766820,13212924023,428537117,188768,571973816
E4_AD_Stan_tape_chunked_N50000_chunks250_chains16_tpc1_noSMT_twoCCD:snapshot_2,67.877075,-2,0,339073511878,960341413943,15784532289,786959042,224376,671748926
E4_AD_Stan_tape_chunked_N50000_chunks250_chains16_tpc1_noSMT_twoCCD:snapshot_3,72.743827,-2,0,565358523394,1653901957541,28203047512,2539273944,309579,1069254950
E4_AD_Stan_tape_chunked_N50000_chunks250_chains16_tpc1_noSMT_twoCCD,73.240544,0,2756452,565368607918,1653912772246,28203159587,2539287622,311403,1069289854
E1_AD_Stan_N50000_chunks1_chains1_tpc1_unpinned:snapshot_1,66.267334,-2,0,240421984698,638161718299,11949429939,245061097,387334,517025537
E1_AD_Stan_N50000_chunks1_chains1_tpc1_unpinned:snapshot_2,67.801827,-2,0,243862471268,648059650825,12104668887,247997071,393964,548951992
E1_AD_Stan_N50000_chunks1_chains1_tpc1_unpinned:snapshot_3,71.672238,-2,0,255898219066,678509888070,12869667854,257835417,394694,708770939
E1_AD_Stan_N50000_chunks1_chains1_tpc1_unpinned,71.990888,0,1252968,255907005174,678520379056,12869778789,257851225,395109,708801887
E1_AD_Stan_N50000_chunks1_chains8_tpc1_unpinned:snapshot_1,67.130439,-2,0,259144543949,688823216394,12536606609,254544856,306963,629460426
E1_AD_Stan_N50000_chunks1_chains8_tpc1_unpinned:snapshot_2,68.947897,-2,0,286486686233,766784025638,13792255066,276628523,329610,842378273
E1_AD_Stan_N50000_chunks1_chains8_tpc1_unpinned:snapshot_3,73.324386,-2,0,384381343603,1008444141221,20046391224,341283036,822266,1895110237
E1_AD_Stan_N50000_chunks1_chains8_tpc1_unpinned,73.729201,0,6780136,384390624511,1008454717421,20046506897,341297612,823273,1895141447
E1_AD_Stan_N50000_chunks1_chains48_tpc1_unpinned:snapshot_1,69.751895,-2,0,383881165819,975562734404,15425788617,361080515,425581,1484431349
E1_AD_Stan_N50000_chunks1_chains48_tpc1_unpinned:snapshot_2,77.729454,-2,0,677286597246,1442490815710,21539530305,618354593,564473,3989691374
E1_AD_Stan_N50000_chunks1_chains48_tpc1_unpinned:snapshot_3,90.724804,-2,0,2270938487848,2890147315565,47340687474,2616665658,880799,20255141679
E1_AD_Stan_N50000_chunks1_chains48_tpc1_unpinned,91.632010,0,39476832,2270950116424,2890158665815,47340801805,2616680674,884480,20255185243
E1_AD_Stan_N50000_chunks1_chains96_tpc1_unpinned:snapshot_1,74.829844,-2,0,520042081478,1318608381930,19268933112,398785235,2857976,2217627966
E1_AD_Stan_N50000_chunks1_chains96_tpc1_unpinned:snapshot_2,83.094997,-2,0,1701660643256,2249937735429,27931198178,1366637657,3424183,10338926175
E1_AD_Stan_N50000_chunks1_chains96_tpc1_unpinned:snapshot_3,109.575578,-2,0,8371371400892,5144625203341,64784128080,6727849041,4503753,56186907613
E1_AD_Stan_N50000_chunks1_chains96_tpc1_unpinned,111.102892,0,78793132,8371385673806,5144637556323,64784246949,6727867731,4509305,56186967244
E1_AD_Stan_N50000_chunks1_chains180_tpc1_unpinned:snapshot_1,86.130864,-2,0,890451861711,1923000676636,25739253843,566215065,1822679,3806119647
E1_AD_Stan_N50000_chunks1_chains180_tpc1_unpinned:snapshot_2,101.217597,-2,0,4049039852785,3668686343684,44425715516,1647810685,2267028,17719395769
E1_AD_Stan_N50000_chunks1_chains180_tpc1_unpinned:snapshot_3,152.085145,-2,0,26912266976769,9093639141229,116257013347,7606705232,4834435,106417462850
E1_AD_Stan_N50000_chunks1_chains180_tpc1_unpinned,154.755931,0,147791388,26912305344754,9093653552212,116257173719,7606733734,4848829,106417544374
E1_AD_Stan_tape_chunked_N50000_chunks10_chains1_tpc1_unpinned:snapshot_1,67.325875,-2,0,242985754724,636806299416,11953692167,297451704,436575,525493406
E1_AD_Stan_tape_chunked_N50000_chunks10_chains1_tpc1_unpinned:snapshot_2,68.670798,-2,0,246840466464,648897840943,12147419805,307251530,443819,543990071
E1_AD_Stan_tape_chunked_N50000_chunks10_chains1_tpc1_unpinned:snapshot_3,72.927675,-2,0,261363284087,690453652900,13080771506,352085635,606124,631819646
E1_AD_Stan_tape_chunked_N50000_chunks10_chains1_tpc1_unpinned,73.242308,0,616084,261372354656,690464145003,13080880661,352102209,606563,631850811
E1_AD_Stan_tape_chunked_N50000_chunks10_chains8_tpc1_unpinned:snapshot_1,67.174929,-2,0,260323464036,695070768857,12537211485,437205445,408981,587965941
E1_AD_Stan_tape_chunked_N50000_chunks10_chains8_tpc1_unpinned:snapshot_2,68.697750,-2,0,290719340325,790606420653,14071169878,506768587,445277,738298151
E1_AD_Stan_tape_chunked_N50000_chunks10_chains8_tpc1_unpinned:snapshot_3,73.224123,-2,0,405212008376,1121557947987,21564294212,846605985,546153,1378449289
E1_AD_Stan_tape_chunked_N50000_chunks10_chains8_tpc1_unpinned,73.637584,0,1814656,405220764003,1121568502168,21564402002,846615852,547452,1378481914
E1_AD_Stan_tape_chunked_N50000_chunks10_chains48_tpc1_unpinned:snapshot_1,68.365017,-2,0,422308830088,1023875510345,16188631003,491841315,1684364,1508920486
E1_AD_Stan_tape_chunked_N50000_chunks10_chains48_tpc1_unpinned:snapshot_2,71.352237,-2,0,736870108714,1595307891474,24153456372,931006328,1844399,3507682567
E1_AD_Stan_tape_chunked_N50000_chunks10_chains48_tpc1_unpinned:snapshot_3,81.564082,-2,0,2113828486470,3578679463817,62441449691,3126507778,2332546,13588374903
E1_AD_Stan_tape_chunked_N50000_chunks10_chains48_tpc1_unpinned,82.570420,0,10037272,2113840659725,3578690856368,62441575079,3126523686,2340838,13588424919
E1_AD_Stan_tape_chunked_N50000_chunks10_chains96_tpc1_unpinned:snapshot_1,69.944763,-2,0,854141762367,1418527679744,19146605365,899222177,856448,3366730985
E1_AD_Stan_tape_chunked_N50000_chunks10_chains96_tpc1_unpinned:snapshot_2,75.223589,-2,0,2041365628665,2561005634612,32686823891,2226402782,1488540,9284309540
E1_AD_Stan_tape_chunked_N50000_chunks10_chains96_tpc1_unpinned:snapshot_3,95.504919,-2,0,7632914289483,6527200899764,97606472712,8763425197,4968247,38892148676
E1_AD_Stan_tape_chunked_N50000_chunks10_chains96_tpc1_unpinned,97.300466,0,19744820,7632929966608,6527213355010,97606606425,8763446549,4983823,38892219591
E1_AD_Stan_tape_chunked_N50000_chunks10_chains180_tpc1_unpinned:snapshot_1,73.077878,-2,0,2389325812005,2109082964929,25247193663,1707468413,1583345,5980891959
E1_AD_Stan_tape_chunked_N50000_chunks10_chains180_tpc1_unpinned:snapshot_2,83.006760,-2,0,6709132875945,4250930642109,50454102814,4671932514,3202574,17291226254
E1_AD_Stan_tape_chunked_N50000_chunks10_chains180_tpc1_unpinned:snapshot_3,122.365390,-2,0,27464342696146,11687044899363,171614447561,19407343027,7904764,72936433889
E1_AD_Stan_tape_chunked_N50000_chunks10_chains180_tpc1_unpinned,125.210676,0,36367668,27464420076201,11687058827086,171614601993,19407373733,7925811,72936527763
E1_AD_Stan_tape_chunked_N50000_chunks50_chains1_tpc1_unpinned:snapshot_1,66.490921,-2,0,242671509250,637042289010,12441486392,301819333,257248,510983994
E1_AD_Stan_tape_chunked_N50000_chunks50_chains1_tpc1_unpinned:snapshot_2,67.781512,-2,0,246333334407,649208789126,12641944614,317820667,264064,517269354
E1_AD_Stan_tape_chunked_N50000_chunks50_chains1_tpc1_unpinned:snapshot_3,71.734461,-2,0,259856070368,691143888874,13609035459,396579788,299040,540078779
E1_AD_Stan_tape_chunked_N50000_chunks50_chains1_tpc1_unpinned,72.044874,0,592676,259864668542,691154381370,13609147511,396595962,299434,540109881
E1_AD_Stan_tape_chunked_N50000_chunks50_chains8_tpc1_unpinned:snapshot_1,67.199446,-2,0,261722736113,695349741427,12572478717,426428394,1410217,535938592
E1_AD_Stan_tape_chunked_N50000_chunks50_chains8_tpc1_unpinned:snapshot_2,68.625812,-2,0,289892080978,791521059381,14161066463,549171216,1493794,574115039
E1_AD_Stan_tape_chunked_N50000_chunks50_chains8_tpc1_unpinned:snapshot_3,72.745450,-2,0,393448144756,1125679636689,21845907070,1145509860,1782343,702753875
E1_AD_Stan_tape_chunked_N50000_chunks50_chains8_tpc1_unpinned,73.142820,0,1534736,393456754281,1125690206119,21846013790,1145521757,1783455,702784514
E1_AD_Stan_tape_chunked_N50000_chunks50_chains48_tpc1_unpinned:snapshot_1,68.104049,-2,0,381469272255,1026577054787,16382544488,627166817,1744495,1066887861
E1_AD_Stan_tape_chunked_N50000_chunks50_chains48_tpc1_unpinned:snapshot_2,70.507967,-2,0,603952041846,1601856305494,25241410111,1162294042,1913248,2074086731
E1_AD_Stan_tape_chunked_N50000_chunks50_chains48_tpc1_unpinned:snapshot_3,77.900430,-2,0,1498595676293,3604506441298,68222750863,3782549230,2491319,6793923127
E1_AD_Stan_tape_chunked_N50000_chunks50_chains48_tpc1_unpinned,78.815741,0,8162984,1498608249792,3604518062265,68222874142,3782565128,2500491,6793975989
E1_AD_Stan_tape_chunked_N50000_chunks50_chains96_tpc1_unpinned:snapshot_1,69.085655,-2,0,734461731337,1421838398582,20162644588,797587234,1133549,2507841172
E1_AD_Stan_tape_chunked_N50000_chunks50_chains96_tpc1_unpinned:snapshot_2,73.523012,-2,0,1668987742577,2571838665168,35940004631,1821572714,2260185,6668523884
E1_AD_Stan_tape_chunked_N50000_chunks50_chains96_tpc1_unpinned:snapshot_3,89.755594,-2,0,5903707492820,6576487298934,111459163647,6821991874,4720555,27274158406
E1_AD_Stan_tape_chunked_N50000_chunks50_chains96_tpc1_unpinned,91.299940,0,16130028,5903725584068,6576500081201,111459313820,6822014294,4742609,27274233332
E1_AD_Stan_tape_chunked_N50000_chunks50_chains180_tpc1_unpinned:snapshot_1,72.892573,-2,0,2282675004528,2116025545832,27025891174,1293310940,1127380,5051895383
E1_AD_Stan_tape_chunked_N50000_chunks50_chains180_tpc1_unpinned:snapshot_2,81.980657,-2,0,6177115076579,4271789604150,56687445416,3183640137,1920650,13917448108
E1_AD_Stan_tape_chunked_N50000_chunks50_chains180_tpc1_unpinned:snapshot_3,117.399744,-2,0,24597055776642,11779573248740,199998795177,12337343065,5287398,57316356919
E1_AD_Stan_tape_chunked_N50000_chunks50_chains180_tpc1_unpinned,119.882062,0,30037664,24597105003310,11779587881932,199998968643,12337371978,5311320,57316461180
E1_AD_Stan_tape_chunked_N50000_chunks250_chains1_tpc1_unpinned:snapshot_1,66.751342,-2,0,243576794846,636916802350,11892374819,352559780,310917,510835737
E1_AD_Stan_tape_chunked_N50000_chunks250_chains1_tpc1_unpinned:snapshot_2,68.050713,-2,0,247326156168,649388488721,12055130804,376630082,318106,516212127
E1_AD_Stan_tape_chunked_N50000_chunks250_chains1_tpc1_unpinned:snapshot_3,72.099201,-2,0,261220533072,692853923800,12833164601,496287618,318872,535647920
E1_AD_Stan_tape_chunked_N50000_chunks250_chains1_tpc1_unpinned,72.407449,0,571704,261229633011,692864415421,12833274542,496304980,319308,535678554
E1_AD_Stan_tape_chunked_N50000_chunks250_chains8_tpc1_unpinned:snapshot_1,67.293354,-2,0,262028519964,696257989615,12460550071,401903079,1080314,536235134
E1_AD_Stan_tape_chunked_N50000_chunks250_chains8_tpc1_unpinned:snapshot_2,68.749130,-2,0,291354256373,794967964466,13762396401,591574130,1138465,566589581
E1_AD_Stan_tape_chunked_N50000_chunks250_chains8_tpc1_unpinned:snapshot_3,73.029275,-2,0,399381506187,1141832211233,20024247519,1518077601,1240401,657969504
E1_AD_Stan_tape_chunked_N50000_chunks250_chains8_tpc1_unpinned,73.429291,0,1514600,399390664080,1141842788006,20024355773,1518088057,1241975,658001921
E1_AD_Stan_tape_chunked_N50000_chunks250_chains48_tpc1_unpinned:snapshot_1,67.464797,-2,0,359312825612,1033288141566,15882016874,844539656,636079,640133815
E1_AD_Stan_tape_chunked_N50000_chunks250_chains48_tpc1_unpinned:snapshot_2,69.560170,-2,0,536574735613,1623873646438,23654022638,1969887154,2035138,842432482
E1_AD_Stan_tape_chunked_N50000_chunks250_chains48_tpc1_unpinned:snapshot_3,75.559574,-2,0,1190805916000,3703138277132,61191291678,7488064613,2731967,1500798224
E1_AD_Stan_tape_chunked_N50000_chunks250_chains48_tpc1_unpinned,76.459709,0,7891412,1190818732112,3703150054801,61191418700,7488079923,2741660,1500852432
E1_AD_Stan_tape_chunked_N50000_chunks250_chains96_tpc1_unpinned:snapshot_1,70.930735,-2,0,513895738253,1437488121935,19908851689,1534803530,2037052,870339056
E1_AD_Stan_tape_chunked_N50000_chunks250_chains96_tpc1_unpinned:snapshot_2,73.963239,-2,0,926162011639,2618127217907,35537165040,3752104428,5531486,1538040736
E1_AD_Stan_tape_chunked_N50000_chunks250_chains96_tpc1_unpinned:snapshot_3,83.114142,-2,0,2404605471221,6776058047535,111168770672,14480076511,13023601,4181575261
E1_AD_Stan_tape_chunked_N50000_chunks250_chains96_tpc1_unpinned,84.590909,0,15684724,2404623961435,6776071094642,111168932424,14480099814,13048616,4181653898
E1_AD_Stan_tape_chunked_N50000_chunks250_chains180_tpc1_unpinned:snapshot_1,71.031005,-2,0,1220355443321,2144274675649,28025300589,2341567724,1540219,2912315068
E1_AD_Stan_tape_chunked_N50000_chunks250_chains180_tpc1_unpinned:snapshot_2,77.054178,-2,0,2978218905428,4357431395322,59678476198,6199891122,3387539,7893465290
E1_AD_Stan_tape_chunked_N50000_chunks250_chains180_tpc1_unpinned:snapshot_3,97.606647,-2,0,10371207516471,12152562014634,213341240303,25190599887,7758685,32115570808
E1_AD_Stan_tape_chunked_N50000_chunks250_chains180_tpc1_unpinned,99.999118,0,29300516,10371265422656,12152577658228,213341435001,25190633829,7791657,32115687223
E1_AD_Stan_tape_chunked_N50000_chunks500_chains1_tpc1_unpinned:snapshot_1,66.313917,-2,0,242120539599,637737038208,12056016476,258652014,390084,506958506
E1_AD_Stan_tape_chunked_N50000_chunks500_chains1_tpc1_unpinned:snapshot_2,67.665829,-2,0,246037473517,650512075234,12215121285,284707230,396580,512247836
E1_AD_Stan_tape_chunked_N50000_chunks500_chains1_tpc1_unpinned:snapshot_3,71.925572,-2,0,260698664651,695480884286,12975822609,413819103,431384,530978289
E1_AD_Stan_tape_chunked_N50000_chunks500_chains1_tpc1_unpinned,72.235903,0,581332,260707582628,695491375340,12975931954,413835463,431677,531008680
E1_AD_Stan_tape_chunked_N50000_chunks500_chains8_tpc1_unpinned:snapshot_1,66.742649,-2,0,260061888301,697308943519,12756647471,441648244,324537,532604566
E1_AD_Stan_tape_chunked_N50000_chunks500_chains8_tpc1_unpinned:snapshot_2,68.225082,-2,0,290381353143,798497373074,14037403973,643453968,369729,561441105
E1_AD_Stan_tape_chunked_N50000_chunks500_chains8_tpc1_unpinned:snapshot_3,72.695717,-2,0,404111149877,1157769344088,20172065215,1632166923,502835,649523021
E1_AD_Stan_tape_chunked_N50000_chunks500_chains8_tpc1_unpinned,73.088345,0,1455820,404120673629,1157779979153,20172173877,1632176986,504306,649557237
E1_AD_Stan_tape_chunked_N50000_chunks500_chains48_tpc1_unpinned:snapshot_1,68.093526,-2,0,360801523835,1040745280177,15753069094,933078894,1217816,637192129
E1_AD_Stan_tape_chunked_N50000_chunks500_chains48_tpc1_unpinned:snapshot_2,70.216010,-2,0,544565104709,1646266059014,23276970432,2160297064,2291036,823356915
E1_AD_Stan_tape_chunked_N50000_chunks500_chains48_tpc1_unpinned:snapshot_3,76.385019,-2,0,1232015460576,3800177394597,59743850536,8109495013,2837906,1405461233
E1_AD_Stan_tape_chunked_N50000_chunks500_chains48_tpc1_unpinned,77.262227,0,7776564,1232028810363,3800189334177,59743980761,8109509955,2846327,1405517002
E1_AD_Stan_tape_chunked_N50000_chunks500_chains96_tpc1_unpinned:snapshot_1,69.078794,-2,0,513075852435,1452144880637,19661464475,1645360403,1180830,756516598
E1_AD_Stan_tape_chunked_N50000_chunks500_chains96_tpc1_unpinned:snapshot_2,72.116641,-2,0,929701373957,2662654338033,34784187062,4334704779,4601847,1156804894
E1_AD_Stan_tape_chunked_N50000_chunks500_chains96_tpc1_unpinned:snapshot_3,81.252713,-2,0,2422591454229,6969788928912,108274368470,17015639419,14789660,2483008221
E1_AD_Stan_tape_chunked_N50000_chunks500_chains96_tpc1_unpinned,82.704805,0,15358616,2422610376968,6969802393258,108274524285,17015661788,14812573,2483091697
E1_AD_Stan_tape_chunked_N50000_chunks500_chains180_tpc1_unpinned:snapshot_1,70.963553,-2,0,955511324235,2172556862044,27678112539,3765100073,2525984,1141500467
E1_AD_Stan_tape_chunked_N50000_chunks500_chains180_tpc1_unpinned:snapshot_2,76.060268,-2,0,2125598719856,4441718929472,59021638169,10238447542,3989630,2352656108
E1_AD_Stan_tape_chunked_N50000_chunks500_chains180_tpc1_unpinned:snapshot_3,91.815203,-2,0,6379380042316,12516928621975,214570439938,40555323058,8848158,6728682572
E1_AD_Stan_tape_chunked_N50000_chunks500_chains180_tpc1_unpinned,94.157933,0,28763652,6379424685823,12516944068352,214570627138,40555349884,8874399,6728797980
E1_AD_Stan_N10000_chunks1_chains1_tpc1_unpinned:snapshot_1,16.877525,-2,0,60438345613,154203917591,2848824450,131289092,253899,115570047
E1_AD_Stan_N10000_chunks1_chains1_tpc1_unpinned:snapshot_2,17.399201,-2,0,61142935393,156283097559,2881240938,132408186,260633,120633033
E1_AD_Stan_N10000_chunks1_chains1_tpc1_unpinned:snapshot_3,19.493876,-2,0,67559629574,172649170261,3344203788,145449082,409800,198147850
E1_AD_Stan_N10000_chunks1_chains1_tpc1_unpinned,19.776542,0,407672,67568631186,172659670978,3344317311,145465507,410425,198178737
E1_AD_Stan_N10000_chunks1_chains8_tpc1_unpinned:snapshot_1,16.620324,-2,0,62648002728,164068637872,2960024097,131258739,549850,125555248
E1_AD_Stan_N10000_chunks1_chains8_tpc1_unpinned:snapshot_2,17.196810,-2,0,68034862624,179749417221,3213576421,140181654,577946,165307894
E1_AD_Stan_N10000_chunks1_chains8_tpc1_unpinned:snapshot_3,19.685855,-2,0,121548933256,310266665915,6958959101,240931933,608586,758076257
E1_AD_Stan_N10000_chunks1_chains8_tpc1_unpinned,19.999624,0,1624368,121557942190,310277269704,6959072747,240947146,609619,758107363
E1_AD_Stan_N10000_chunks1_chains48_tpc1_unpinned:snapshot_1,17.283432,-2,0,89137534923,221297061569,3573697552,150033953,734377,272306061
E1_AD_Stan_N10000_chunks1_chains48_tpc1_unpinned:snapshot_2,18.328585,-2,0,147782022444,314434043750,4888015173,216750483,768398,695277046
E1_AD_Stan_N10000_chunks1_chains48_tpc1_unpinned:snapshot_3,24.840954,-2,0,917491646359,1096310795611,23037519089,1462917661,969217,7875758650
E1_AD_Stan_N10000_chunks1_chains48_tpc1_unpinned,25.385609,0,8752732,917502984859,1096322127305,23037637607,1462931666,972655,7875801080
E1_AD_Stan_N10000_chunks1_chains96_tpc1_unpinned:snapshot_1,18.051376,-2,0,133580095156,289927838781,4339662154,190305570,397969,478347907
E1_AD_Stan_N10000_chunks1_chains96_tpc1_unpinned:snapshot_2,19.911565,-2,0,340014440936,476128669402,6561084766,449635826,468780,1616636165
E1_AD_Stan_N10000_chunks1_chains96_tpc1_unpinned:snapshot_3,32.687172,-2,0,3461825126784,2039010226225,36039493389,4857362557,782261,20814980822
E1_AD_Stan_N10000_chunks1_chains96_tpc1_unpinned,33.334416,0,17330260,3461839581910,2039022526472,36039613745,4857382305,788391,20815036745
E1_AD_Stan_N10000_chunks1_chains180_tpc1_unpinned:snapshot_1,19.405395,-2,0,347127459736,409346623546,5129480033,371762259,749939,1143612609
E1_AD_Stan_N10000_chunks1_chains180_tpc1_unpinned:snapshot_2,22.769607,-2,0,1026587028423,757953129755,9165926723,954441008,1049197,3355285627
E1_AD_Stan_N10000_chunks1_chains180_tpc1_unpinned:snapshot_3,47.290736,-2,0,13353668056580,3687539092931,60017533331,11560038846,1792017,42024518107
E1_AD_Stan_N10000_chunks1_chains180_tpc1_unpinned,48.270166,0,32345940,13353700250349,3687553264278,60017678933,11560065708,1804678,42024597872
E1_AD_Stan_tape_chunked_N10000_chunks4_chains1_tpc1_unpinned:snapshot_1,16.684856,-2,0,60127120852,153959097948,2922586466,111346568,373837,108971404
E1_AD_Stan_tape_chunked_N10000_chunks4_chains1_tpc1_unpinned:snapshot_2,17.185394,-2,0,60920821430,156475774499,2962578751,113583423,380155,111539174
E1_AD_Stan_tape_chunked_N10000_chunks4_chains1_tpc1_unpinned:snapshot_3,19.621607,-2,0,68783797026,179531208831,3531562158,144233391,463908,145478371
E1_AD_Stan_tape_chunked_N10000_chunks4_chains1_tpc1_unpinned,19.903865,0,305564,68792543474,179541641848,3531675600,144244750,464318,145509322
E1_AD_Stan_tape_chunked_N10000_chunks4_chains8_tpc1_unpinned:snapshot_1,16.677872,-2,0,63427001235,165393079253,2993300383,124041704,396280,124432665
E1_AD_Stan_tape_chunked_N10000_chunks4_chains8_tpc1_unpinned:snapshot_2,17.259904,-2,0,69843121241,184601127504,3300227437,138983681,446501,154584888
E1_AD_Stan_tape_chunked_N10000_chunks4_chains8_tpc1_unpinned:snapshot_3,20.092772,-2,0,134755408283,368883589155,7823207703,367077632,665988,474948895
E1_AD_Stan_tape_chunked_N10000_chunks4_chains8_tpc1_unpinned,20.424539,0,865852,134764579743,368894128799,7823315314,367087720,667324,474980546
E1_AD_Stan_tape_chunked_N10000_chunks4_chains48_tpc1_unpinned:snapshot_1,16.978555,-2,0,92448699077,231234240947,3701721834,151250550,577299,271853838
E1_AD_Stan_tape_chunked_N10000_chunks4_chains48_tpc1_unpinned:snapshot_2,17.838710,-2,0,152257104542,345601220461,5371154614,238064028,803527,608162221
E1_AD_Stan_tape_chunked_N10000_chunks4_chains48_tpc1_unpinned:snapshot_3,23.921508,-2,0,925900429943,1450620191600,28997065502,1445034582,3523464,6044404154
E1_AD_Stan_tape_chunked_N10000_chunks4_chains48_tpc1_unpinned,24.622454,0,4228652,925913261104,1450631707636,28997192032,1445050397,3535629,6044452796
E1_AD_Stan_tape_chunked_N10000_chunks4_chains96_tpc1_unpinned:snapshot_1,17.853169,-2,0,163023855557,310305102128,4422654484,254523438,1041706,567348803
E1_AD_Stan_tape_chunked_N10000_chunks4_chains96_tpc1_unpinned:snapshot_2,19.265992,-2,0,376254404592,538909439208,7314386125,519952158,1808679,1602441114
E1_AD_Stan_tape_chunked_N10000_chunks4_chains96_tpc1_unpinned:snapshot_3,31.159180,-2,0,3490648084266,2748928167940,47415717131,4562248647,7536113,17882515373
E1_AD_Stan_tape_chunked_N10000_chunks4_chains96_tpc1_unpinned,32.110612,0,8080912,3490668891299,2748940894566,47415860627,4562274119,7559290,17882585788
E1_AD_Stan_tape_chunked_N10000_chunks4_chains180_tpc1_unpinned:snapshot_1,18.335107,-2,0,286296238736,449177634792,6059935527,323863131,2943323,882941099
E1_AD_Stan_tape_chunked_N10000_chunks4_chains180_tpc1_unpinned:snapshot_2,20.659279,-2,0,1034998568926,877960943972,11646415299,877935948,4938986,2856932007
E1_AD_Stan_tape_chunked_N10000_chunks4_chains180_tpc1_unpinned:snapshot_3,43.099253,-2,0,12831963205707,5020169677265,89856681855,9381651372,12410492,32864427228
E1_AD_Stan_tape_chunked_N10000_chunks4_chains180_tpc1_unpinned,44.600166,0,14821748,12832012449236,5020184686823,89856853992,9381682358,12439810,32864529586
E1_AD_Stan_tape_chunked_N10000_chunks25_chains1_tpc1_unpinned:snapshot_1,16.649069,-2,0,59865936934,153726193763,2839317864,121033311,278369,108282776
E1_AD_Stan_tape_chunked_N10000_chunks25_chains1_tpc1_unpinned:snapshot_2,17.128562,-2,0,60635796441,156287104541,2875846113,125012528,284697,108828645
E1_AD_Stan_tape_chunked_N10000_chunks25_chains1_tpc1_unpinned:snapshot_3,19.425276,-2,0,68025760047,180011157281,3386383160,182150013,286470,112628331
E1_AD_Stan_tape_chunked_N10000_chunks25_chains1_tpc1_unpinned,19.709069,0,274980,68034014964,180021589795,3386493389,182160926,286889,112659233
E1_AD_Stan_tape_chunked_N10000_chunks25_chains8_tpc1_unpinned:snapshot_1,16.568002,-2,0,62876372628,165347142761,2974500632,130853919,278980,112462948
E1_AD_Stan_tape_chunked_N10000_chunks25_chains8_tpc1_unpinned:snapshot_2,17.103701,-2,0,68884529918,184915410862,3263995754,162596965,785145,117705153
E1_AD_Stan_tape_chunked_N10000_chunks25_chains8_tpc1_unpinned:snapshot_3,19.724994,-2,0,129008458885,374759456977,7389296933,619096009,1193458,155911876
E1_AD_Stan_tape_chunked_N10000_chunks25_chains8_tpc1_unpinned,20.034663,0,628860,129017234609,374770025415,7389405872,619106519,1194982,155943583
E1_AD_Stan_tape_chunked_N10000_chunks25_chains48_tpc1_unpinned:snapshot_1,16.915742,-2,0,83108277963,232016284501,3710758672,207027646,716691,145967328
E1_AD_Stan_tape_chunked_N10000_chunks25_chains48_tpc1_unpinned:snapshot_2,17.577368,-2,0,118899183597,348495169461,5406010483,377456147,891465,214827257
E1_AD_Stan_tape_chunked_N10000_chunks25_chains48_tpc1_unpinned:snapshot_3,21.296899,-2,0,495182478212,1486486801781,29866179045,2921526147,3148008,887630685
E1_AD_Stan_tape_chunked_N10000_chunks25_chains48_tpc1_unpinned,21.839370,0,2835308,495194796218,1486498378386,29866302020,2921542189,3157630,887679942
E1_AD_Stan_tape_chunked_N10000_chunks25_chains96_tpc1_unpinned:snapshot_1,17.147170,-2,0,119023622533,311935795550,4556977386,313067976,580806,237370890
E1_AD_Stan_tape_chunked_N10000_chunks25_chains96_tpc1_unpinned:snapshot_2,18.136092,-2,0,216958754259,544733430877,7843816676,653681267,1370379,545337996
E1_AD_Stan_tape_chunked_N10000_chunks25_chains96_tpc1_unpinned:snapshot_3,24.384228,-2,0,1317544703716,2820063632580,54802938461,5369650754,10281236,5154776929
E1_AD_Stan_tape_chunked_N10000_chunks25_chains96_tpc1_unpinned,25.035845,0,5328064,1317562357238,2820076390116,54803082892,5369674304,10304280,5154844991
E1_AD_Stan_tape_chunked_N10000_chunks25_chains180_tpc1_unpinned:snapshot_1,17.819317,-2,0,291338626909,451517161645,6120176155,425619515,906612,655193074
E1_AD_Stan_tape_chunked_N10000_chunks25_chains180_tpc1_unpinned:snapshot_2,19.593571,-2,0,820457437231,887717830282,12459115833,964682455,1750874,1933366818
E1_AD_Stan_tape_chunked_N10000_chunks25_chains180_tpc1_unpinned:snapshot_3,35.366693,-2,0,8180165427018,5153512396356,103400000462,8682988914,10104987,21045303729
E1_AD_Stan_tape_chunked_N10000_chunks25_chains180_tpc1_unpinned,36.361767,0,9890664,8180198325186,5153527577265,103400185288,8683020596,10146855,21045410484
E1_AD_Stan_tape_chunked_N10000_chunks100_chains1_tpc1_unpinned:snapshot_1,16.880817,-2,0,60410360830,153790938755,2819310080,124267762,480873,115421444
E1_AD_Stan_tape_chunked_N10000_chunks100_chains1_tpc1_unpinned:snapshot_2,17.371822,-2,0,61232034929,156477122880,2853128359,128770508,488049,115966425
E1_AD_Stan_tape_chunked_N10000_chunks100_chains1_tpc1_unpinned:snapshot_3,19.881134,-2,0,69417218934,182079078392,3322325606,192343305,489769,119225383
E1_AD_Stan_tape_chunked_N10000_chunks100_chains1_tpc1_unpinned,20.164422,0,273136,69426427079,182089509097,3322434758,192355717,490176,119257026
E1_AD_Stan_tape_chunked_N10000_chunks100_chains8_tpc1_unpinned:snapshot_1,16.554735,-2,0,62969610267,165861959204,2973547238,135351046,259666,108357476
E1_AD_Stan_tape_chunked_N10000_chunks100_chains8_tpc1_unpinned:snapshot_2,17.086023,-2,0,69050706814,186459497844,3234403933,171796133,304039,112862647
E1_AD_Stan_tape_chunked_N10000_chunks100_chains8_tpc1_unpinned:snapshot_3,19.888422,-2,0,134612499544,391768607058,6971636930,693568115,411964,143669738
E1_AD_Stan_tape_chunked_N10000_chunks100_chains8_tpc1_unpinned,20.197212,0,614068,134621745000,391779212761,6971744880,693578049,413871,143702338
E1_AD_Stan_tape_chunked_N10000_chunks100_chains48_tpc1_unpinned:snapshot_1,16.792588,-2,0,84334332597,235102492228,3630940061,227979201,808684,127317975
E1_AD_Stan_tape_chunked_N10000_chunks100_chains48_tpc1_unpinned:snapshot_2,17.470236,-2,0,121979012289,357790961524,5198480033,440855877,1219814,157819359
E1_AD_Stan_tape_chunked_N10000_chunks100_chains48_tpc1_unpinned:snapshot_3,21.291340,-2,0,520391241493,1588958978323,27608765975,3515566115,2483190,421552590
E1_AD_Stan_tape_chunked_N10000_chunks100_chains48_tpc1_unpinned,21.814198,0,2676036,520404323242,1588970895108,27608895599,3515581412,2497679,421607592
E1_AD_Stan_tape_chunked_N10000_chunks100_chains96_tpc1_unpinned:snapshot_1,17.236647,-2,0,112182405971,318179975115,4473478918,346301554,990020,149228435
E1_AD_Stan_tape_chunked_N10000_chunks100_chains96_tpc1_unpinned:snapshot_2,18.167788,-2,0,192426269734,563391484081,7575677224,816038282,2302622,222367893
E1_AD_Stan_tape_chunked_N10000_chunks100_chains96_tpc1_unpinned:snapshot_3,23.598955,-2,0,1034674167368,3025263632827,52595321393,7329769090,16143620,829857856
E1_AD_Stan_tape_chunked_N10000_chunks100_chains96_tpc1_unpinned,24.235829,0,4994120,1034692696465,3025277036873,52595474262,7329793312,16167772,829937287
E1_AD_Stan_tape_chunked_N10000_chunks100_chains180_tpc1_unpinned:snapshot_1,17.661698,-2,0,198300122234,463157318924,6071938535,754774148,1264976,198781033
E1_AD_Stan_tape_chunked_N10000_chunks100_chains180_tpc1_unpinned:snapshot_2,19.046294,-2,0,431392393388,922624619722,12467028280,2001011206,2502314,356942695
E1_AD_Stan_tape_chunked_N10000_chunks100_chains180_tpc1_unpinned:snapshot_3,28.151341,-2,0,2796331392994,5537610372520,107231908602,19001813384,7923914,1783990140
E1_AD_Stan_tape_chunked_N10000_chunks100_chains180_tpc1_unpinned,29.051032,0,9289440,2796390188648,5537626919397,107232104861,19001846984,7958639,1784115035
E2_MD_BayesMVP_N50000_chunks1_chains8_tpc1_spread8CCD:snapshot_1,64.495249,-2,0,239811992984,614443134625,13516462478,398284228,322986,622425290
E2_MD_BayesMVP_N50000_chunks1_chains8_tpc1_spread8CCD:snapshot_2,65.357990,-2,0,254873133210,627429702258,17075663766,625315045,353504,890836968
E2_MD_BayesMVP_N50000_chunks1_chains8_tpc1_spread8CCD:snapshot_3,70.944302,-2,0,403373188045,755278066074,52468209608,2871784862,493515,3551556530
E2_MD_BayesMVP_N50000_chunks1_chains8_tpc1_spread8CCD,71.372431,0,1807212,403383537319,755290584076,52468329035,2871802879,494500,3551591053
E2_MD_BayesMVP_N50000_chunks25_chains8_tpc1_spread8CCD:snapshot_1,63.868257,-2,0,237387487459,614680044104,13791512838,338632198,794532,484399622
E2_MD_BayesMVP_N50000_chunks25_chains8_tpc1_spread8CCD:snapshot_2,64.752264,-2,0,248665622933,628158671669,17385322352,532904293,1129315,499199110
E2_MD_BayesMVP_N50000_chunks25_chains8_tpc1_spread8CCD:snapshot_3,69.014253,-2,0,359022175367,761526263871,53211311736,2448655834,3580934,611586614
E2_MD_BayesMVP_N50000_chunks25_chains8_tpc1_spread8CCD,69.370343,0,1069508,359032391838,761538786715,53211429310,2448673738,3581933,611620793
E2_MD_BayesMVP_N50000_chunks500_chains8_tpc1_spread8CCD:snapshot_1,63.828745,-2,0,237011366145,619471021735,12438319953,270163098,1808780,479927618
E2_MD_BayesMVP_N50000_chunks500_chains8_tpc1_spread8CCD:snapshot_2,64.828366,-2,0,247966520669,642540712913,13797227302,281149810,4804303,491733590
E2_MD_BayesMVP_N50000_chunks500_chains8_tpc1_spread8CCD:snapshot_3,69.086278,-2,0,353910872710,871938797015,27163346465,386798042,41039740,573812377
E2_MD_BayesMVP_N50000_chunks500_chains8_tpc1_spread8CCD,69.440389,0,1043740,353920838122,871951378584,27163465077,386816813,41040880,573847147
E2_AD_Stan_N50000_chunks1_chains8_tpc1_spread8CCD:snapshot_1,67.025047,-2,0,258000721746,687864138050,12487709004,365358820,586107,636591327
E2_AD_Stan_N50000_chunks1_chains8_tpc1_spread8CCD:snapshot_2,69.057437,-2,0,285276463473,765833113590,13746650622,386814125,899939,853583084
E2_AD_Stan_N50000_chunks1_chains8_tpc1_spread8CCD:snapshot_3,73.442497,-2,0,382778704946,1007500232977,20027272677,451679197,950425,1900781448
E2_AD_Stan_N50000_chunks1_chains8_tpc1_spread8CCD,73.851945,0,6777476,382787790784,1007510803489,20027383863,451694230,951366,1900812483
E2_AD_Stan_tape_chunked_N50000_chunks10_chains8_tpc1_spread8CCD:snapshot_1,66.578039,-2,0,259606401664,694622629320,12803805682,297334546,391924,590593205
E2_AD_Stan_tape_chunked_N50000_chunks10_chains8_tpc1_spread8CCD:snapshot_2,68.120380,-2,0,289963127559,790161756826,14349574827,371046028,414268,727558343
E2_AD_Stan_tape_chunked_N50000_chunks10_chains8_tpc1_spread8CCD:snapshot_3,72.631791,-2,0,404650702310,1121110964418,21864485887,717748288,456337,1349425188
E2_AD_Stan_tape_chunked_N50000_chunks10_chains8_tpc1_spread8CCD,73.040433,0,1871428,404659980730,1121121508940,21864600623,717759445,457810,1349456381
E2_AD_Stan_tape_chunked_N50000_chunks250_chains8_tpc1_spread8CCD:snapshot_1,66.844771,-2,0,259605740496,696656375420,12500535980,363244466,661842,535549564
E2_AD_Stan_tape_chunked_N50000_chunks250_chains8_tpc1_spread8CCD:snapshot_2,68.311578,-2,0,288846125423,795372148488,13805299334,552263127,716618,565049478
E2_AD_Stan_tape_chunked_N50000_chunks250_chains8_tpc1_spread8CCD:snapshot_3,72.600108,-2,0,397318301860,1142245251220,20095215535,1476290472,872635,654883146
E2_AD_Stan_tape_chunked_N50000_chunks250_chains8_tpc1_spread8CCD,73.001391,0,1508796,397327492714,1142255818908,20095325770,1476300487,874318,654915918
E3_MD_BayesMVP_WCP_N50000_chunks8_chains1_tpc8_spread8CCD:snapshot_1,63.441321,-2,0,232928887707,609504984469,11976281121,271036442,1462334,470304957
E3_MD_BayesMVP_WCP_N50000_chunks8_chains1_tpc8_spread8CCD:snapshot_2,63.889553,-2,0,240454081011,615923962519,12440379369,313189509,3301051,475050092
E3_MD_BayesMVP_WCP_N50000_chunks8_chains1_tpc8_spread8CCD:snapshot_3,65.080828,-2,0,269543202305,642451539456,17062941110,726529614,21468465,492372098
E3_MD_BayesMVP_WCP_N50000_chunks8_chains1_tpc8_spread8CCD,65.393529,0,589056,273894751999,645852285239,17063072663,726544484,21469612,492409623
E3_MD_BayesMVP_WCP_N50000_chunks200_chains1_tpc8_spread8CCD:snapshot_1,63.555527,-2,0,233505271226,609840762149,11908960176,301542270,1596208,468627998
E3_MD_BayesMVP_WCP_N50000_chunks200_chains1_tpc8_spread8CCD:snapshot_2,63.977173,-2,0,239565781010,616101894890,12190313765,303955071,3518646,470014181
E3_MD_BayesMVP_WCP_N50000_chunks200_chains1_tpc8_spread8CCD:snapshot_3,65.184680,-2,0,268277973404,652312428897,14907712058,323346031,22571592,475755237
E3_MD_BayesMVP_WCP_N50000_chunks200_chains1_tpc8_spread8CCD,65.486888,0,503024,272548546802,655766750653,14914582946,323360690,22572591,475791659
E3_AD_Stan_WCP_N50000_chunks8_chains1_tpc8_spread8CCD:snapshot_1,65.971834,-2,0,241546614572,636896701785,12028733548,252094641,639190,521696221
E3_AD_Stan_WCP_N50000_chunks8_chains1_tpc8_spread8CCD:snapshot_2,66.780054,-2,0,245587958532,648983655528,12217005788,259416528,764030,547816465
E3_AD_Stan_WCP_N50000_chunks8_chains1_tpc8_spread8CCD:snapshot_3,68.242916,-2,0,260775941682,690520662648,13128886423,295032331,1488315,668134664
E3_AD_Stan_WCP_N50000_chunks8_chains1_tpc8_spread8CCD,68.625469,0,1408552,260785349018,690531264770,13128997988,295048894,1489951,668168092
E3_AD_Stan_WCP_N50000_chunks250_chains1_tpc8_spread8CCD:snapshot_1,65.967332,-2,0,241600879132,636954334186,11990032076,254192490,502153,512777753
E3_AD_Stan_WCP_N50000_chunks250_chains1_tpc8_spread8CCD:snapshot_2,66.805240,-2,0,245539713879,649451114154,12154233138,277786099,799254,518265256
E3_AD_Stan_WCP_N50000_chunks250_chains1_tpc8_spread8CCD:snapshot_3,68.309018,-2,0,260262751046,693030138611,12942377886,395078845,2398136,535414969
E3_AD_Stan_WCP_N50000_chunks250_chains1_tpc8_spread8CCD,68.621368,0,618896,260272098107,693040800483,12942494256,395095458,2400024,535448723
E3_MD_BayesMVP_WCP_N10000_chunks8_chains1_tpc8_spread8CCD:snapshot_1,16.144769,-2,0,58494199524,148036001795,2864226889,104288882,977958,112793509
E3_MD_BayesMVP_WCP_N10000_chunks8_chains1_tpc8_spread8CCD:snapshot_2,16.449262,-2,0,61488226218,150628303441,2944628354,108635951,1508785,113382697
E3_MD_BayesMVP_WCP_N10000_chunks8_chains1_tpc8_spread8CCD:snapshot_3,17.447556,-2,0,80537139060,169146874315,4915926018,210876865,11815080,116176311
E3_MD_BayesMVP_WCP_N10000_chunks8_chains1_tpc8_spread8CCD,17.729407,0,254348,84438859485,172175134668,4916093800,210890600,11816228,116213714
E3_MD_BayesMVP_WCP_N10000_chunks100_chains1_tpc8_spread8CCD:snapshot_1,16.080696,-2,0,58331615358,148202850602,2807726883,108613076,774379,111981114
E3_MD_BayesMVP_WCP_N10000_chunks100_chains1_tpc8_spread8CCD:snapshot_2,16.386627,-2,0,62050832875,151618990480,2843848123,109125098,1270991,112351811
E3_MD_BayesMVP_WCP_N10000_chunks100_chains1_tpc8_spread8CCD:snapshot_3,17.367940,-2,0,81402574864,176283626582,3756650097,116571514,13164753,113397203
E3_MD_BayesMVP_WCP_N10000_chunks100_chains1_tpc8_spread8CCD,17.647766,0,240104,85933148532,179826662296,3756774410,116584681,13165838,113435473
E3_AD_Stan_WCP_N10000_chunks8_chains1_tpc8_spread8CCD:snapshot_1,16.528559,-2,0,59722218963,153711175034,2882599429,110756940,574619,112020653
E3_AD_Stan_WCP_N10000_chunks8_chains1_tpc8_spread8CCD:snapshot_2,16.936396,-2,0,60619955811,156242985226,2922296918,113116397,762873,114541875
E3_AD_Stan_WCP_N10000_chunks8_chains1_tpc8_spread8CCD:snapshot_3,17.973609,-2,0,69238991712,179474193128,3496326848,151497368,1932396,132352477
E3_AD_Stan_WCP_N10000_chunks8_chains1_tpc8_spread8CCD,18.271214,0,458048,69248582615,179484749548,3496438969,151508681,1934144,132386019
E3_AD_Stan_WCP_N10000_chunks100_chains1_tpc8_spread8CCD:snapshot_1,16.499006,-2,0,59694038487,153770723293,2849370222,116070506,217841,115776265
E3_AD_Stan_WCP_N10000_chunks100_chains1_tpc8_spread8CCD:snapshot_2,16.889608,-2,0,60567950068,156465248230,2883038152,120564320,334321,116304620
E3_AD_Stan_WCP_N10000_chunks100_chains1_tpc8_spread8CCD:snapshot_3,17.814219,-2,0,70053382981,182183426153,3356789513,184957658,2034437,118676379
E3_AD_Stan_WCP_N10000_chunks100_chains1_tpc8_spread8CCD,18.098369,0,288732,70062883806,182194048932,3356902020,184968684,2036731,118711029
E4_MD_BayesMVP_N50000_chunks1_chains16_tpc1_SMT_oneCCD:snapshot_1,68.425700,-2,0,438644444512,620934070804,15450145035,327666187,2089,817492709
E4_MD_BayesMVP_N50000_chunks1_chains16_tpc1_SMT_oneCCD:snapshot_2,77.025251,-2,0,848404222777,646918682584,22742230848,495649530,3233,1491657129
E4_MD_BayesMVP_N50000_chunks1_chains16_tpc1_SMT_oneCCD:snapshot_3,147.637454,-2,0,4894441372611,902521150409,95435293165,2158899583,13913,8093312072
E4_MD_BayesMVP_N50000_chunks1_chains16_tpc1_SMT_oneCCD,148.180477,0,3186072,4894451334262,902533676523,95435411130,2158914333,13920,8093344997
E4_MD_BayesMVP_N50000_chunks25_chains16_tpc1_SMT_oneCCD:snapshot_1,64.444327,-2,0,262558128741,621346997216,15468280969,502806580,1954,615963184
E4_MD_BayesMVP_N50000_chunks25_chains16_tpc1_SMT_oneCCD:snapshot_2,65.954140,-2,0,322134154234,648318647739,22903060119,947266433,2192,905880206
E4_MD_BayesMVP_N50000_chunks25_chains16_tpc1_SMT_oneCCD:snapshot_3,76.461110,-2,0,896964932586,914986431105,96967556894,5311427029,3751,3724877257
E4_MD_BayesMVP_N50000_chunks25_chains16_tpc1_SMT_oneCCD,76.861894,0,1707964,896975070813,914998977866,96967673081,5311441807,3785,3724910639
E4_MD_BayesMVP_N50000_chunks500_chains16_tpc1_SMT_oneCCD:snapshot_1,64.284755,-2,0,252029244794,630902168311,14132602972,291574483,2304,504110296
E4_MD_BayesMVP_N50000_chunks500_chains16_tpc1_SMT_oneCCD:snapshot_2,65.422513,-2,0,290361099000,676994355666,18885063747,316989318,2434,567090117
E4_MD_BayesMVP_N50000_chunks500_chains16_tpc1_SMT_oneCCD:snapshot_3,72.132237,-2,0,649079373603,1135789153928,65799895009,612194187,3415,1111597766
E4_MD_BayesMVP_N50000_chunks500_chains16_tpc1_SMT_oneCCD,72.527145,0,1674140,649089858095,1135801822863,65800014166,612210154,3514,1111632429
E4_AD_Stan_N50000_chunks1_chains16_tpc1_SMT_oneCCD:snapshot_1,71.032033,-2,0,366730654910,745938713749,13210052295,334071728,3125,717694734
E4_AD_Stan_N50000_chunks1_chains16_tpc1_SMT_oneCCD:snapshot_2,76.580184,-2,0,607395040671,901699449632,16034764093,352445979,4307,963081774
E4_AD_Stan_N50000_chunks1_chains16_tpc1_SMT_oneCCD:snapshot_3,98.125899,-2,0,1757986691075,1384696692939,30010148925,414019334,8554,1906909805
E4_AD_Stan_N50000_chunks1_chains16_tpc1_SMT_oneCCD,98.628489,0,13340012,1757995754099,1384707433126,30010264334,414036012,8557,1906942008
E4_AD_Stan_tape_chunked_N50000_chunks250_chains16_tpc1_SMT_oneCCD:snapshot_1,67.464901,-2,0,316556539700,764043268390,13411006483,425320412,1714,703596144
E4_AD_Stan_tape_chunked_N50000_chunks250_chains16_tpc1_SMT_oneCCD:snapshot_2,70.049154,-2,0,437773213533,961122821722,16493787791,664681199,2085,1060207796
E4_AD_Stan_tape_chunked_N50000_chunks250_chains16_tpc1_SMT_oneCCD:snapshot_3,79.162629,-2,0,913154830549,1654663931942,31381520374,1848400740,3527,2784365908
E4_AD_Stan_tape_chunked_N50000_chunks250_chains16_tpc1_SMT_oneCCD,79.663725,0,2760160,913164695644,1654674738864,31381634332,1848416091,3529,2784400200
E5_MD_BayesMVP_N50000_chunks1_chains8_tpc1_unpinned:snapshot_1,64.420387,-2,0,240411006937,614333541802,13600962056,391753708,421368,609512874
E5_MD_BayesMVP_N50000_chunks1_chains8_tpc1_unpinned:snapshot_2,65.390580,-2,0,256157026685,627318998518,17132383373,613152599,440854,914315686
E5_MD_BayesMVP_N50000_chunks1_chains8_tpc1_unpinned:snapshot_3,71.011077,-2,0,405695383774,755150109759,52454906327,2845670191,736337,3655324829
E5_MD_BayesMVP_N50000_chunks1_chains8_tpc1_unpinned,71.440306,0,1802544,405705627107,755162631913,52455025777,2845687840,737324,3655359042
E5_MD_BayesMVP_N50000_chunks1_chains48_tpc1_unpinned:snapshot_1,67.784454,-2,0,401832827696,646953420506,20978997445,1180322375,399543,2659567659
E5_MD_BayesMVP_N50000_chunks1_chains48_tpc1_unpinned:snapshot_2,73.772098,-2,0,733285477347,724407044196,39242496159,2840274859,500725,6936440595
E5_MD_BayesMVP_N50000_chunks1_chains48_tpc1_unpinned:snapshot_3,98.100399,-2,0,3899967675458,1491203430978,210755510219,26752469928,1343907,52552755724
E5_MD_BayesMVP_N50000_chunks1_chains48_tpc1_unpinned,99.110217,0,8516072,3899979655460,1491216413591,210755629648,26752485787,1347504,52552796683
E5_MD_BayesMVP_N50000_chunks1_chains96_tpc1_unpinned:snapshot_1,72.363675,-2,0,1052702705119,686020970943,27368542457,3317490056,885330,6373612221
E5_MD_BayesMVP_N50000_chunks1_chains96_tpc1_unpinned:snapshot_2,84.612272,-2,0,2826368118948,840682686047,53175101577,11048038921,1204261,21347292627
E5_MD_BayesMVP_N50000_chunks1_chains96_tpc1_unpinned:snapshot_3,145.776062,-2,0,20648397991103,2372964497324,291307668320,95419506317,2758087,181742170653
E5_MD_BayesMVP_N50000_chunks1_chains96_tpc1_unpinned,147.552431,0,16827216,20648413979268,2372978149162,291307797719,95419525566,2765181,181742222410
E5_MD_BayesMVP_N50000_chunks1_chains180_tpc1_unpinned:snapshot_1,81.260377,-2,0,4304469911043,754373493597,35835576234,6706465351,704413,15917111578
E5_MD_BayesMVP_N50000_chunks1_chains180_tpc1_unpinned:snapshot_2,96.777101,-2,0,12680547910919,1044124882208,83156279484,19626116689,1124219,47134753418
E5_MD_BayesMVP_N50000_chunks1_chains180_tpc1_unpinned:snapshot_3,232.798384,-2,0,98154182033862,3917173579929,537188179754,153442795453,5613601,368564513421
E5_MD_BayesMVP_N50000_chunks1_chains180_tpc1_unpinned,235.702001,0,31464248,98154222244260,3917188506047,537188328382,153442823119,5626616,368564582343
E5_MD_BayesMVP_N50000_chunks25_chains8_tpc1_unpinned:snapshot_1,63.792128,-2,0,237333768319,614574561920,13674639121,406217192,546070,477360774
E5_MD_BayesMVP_N50000_chunks25_chains8_tpc1_unpinned:snapshot_2,64.510613,-2,0,248454439055,628053481322,17276317096,595896613,781001,492189828
E5_MD_BayesMVP_N50000_chunks25_chains8_tpc1_unpinned:snapshot_3,68.712014,-2,0,358117432836,761399980780,53215271938,2481683884,3409894,602884518
E5_MD_BayesMVP_N50000_chunks25_chains8_tpc1_unpinned,69.068960,0,1065556,358127471605,761412505656,53215393861,2481702372,3410900,602918319
E5_MD_BayesMVP_N50000_chunks25_chains48_tpc1_unpinned:snapshot_1,66.093373,-2,0,273376723702,648106086534,22851235887,848888301,1255666,593627180
E5_MD_BayesMVP_N50000_chunks25_chains48_tpc1_unpinned:snapshot_2,67.168154,-2,0,346022387880,728514477333,44276719944,1968846931,5696751,827768344
E5_MD_BayesMVP_N50000_chunks25_chains48_tpc1_unpinned:snapshot_3,72.469139,-2,0,1035804440398,1527979868578,258293291536,13260526944,52497792,2612611395
E5_MD_BayesMVP_N50000_chunks25_chains48_tpc1_unpinned,73.085609,0,4072856,1035816447564,1527992837477,258293411502,13260542231,52501210,2612652969
E5_MD_BayesMVP_N50000_chunks25_chains96_tpc1_unpinned:snapshot_1,65.547261,-2,0,324832919120,688512612859,33605657496,1450911145,1295887,836311491
E5_MD_BayesMVP_N50000_chunks25_chains96_tpc1_unpinned:snapshot_2,67.399153,-2,0,507490477892,849069601661,76903495434,3702369206,5564144,1532842358
E5_MD_BayesMVP_N50000_chunks25_chains96_tpc1_unpinned:snapshot_3,76.422700,-2,0,2118402752240,2447982280677,507361664953,25641754525,56729733,7241050079
E5_MD_BayesMVP_N50000_chunks25_chains96_tpc1_unpinned,77.391767,0,7994832,2118416435978,2447995889012,507361789633,25641773527,56735243,7241102234
E5_MD_BayesMVP_N50000_chunks25_chains180_tpc1_unpinned:snapshot_1,67.433043,-2,0,582918006503,758823133116,52985258307,2902196255,1804223,1923162119
E5_MD_BayesMVP_N50000_chunks25_chains180_tpc1_unpinned:snapshot_2,70.817067,-2,0,1403884512956,1059650417382,134571318262,8550031404,5673053,5320030159
E5_MD_BayesMVP_N50000_chunks25_chains180_tpc1_unpinned:snapshot_3,90.364439,-2,0,9513978564268,4056442689396,947641471708,65207677080,44457142,38705555434
E5_MD_BayesMVP_N50000_chunks25_chains180_tpc1_unpinned,91.930458,0,14908528,9514037291863,4056457718742,947641616267,65207707809,44470076,38705624156
E5_MD_BayesMVP_N50000_chunks100_chains8_tpc1_unpinned:snapshot_1,64.136073,-2,0,238067278136,615641411551,13210609417,311913968,314188,481395350
E5_MD_BayesMVP_N50000_chunks100_chains8_tpc1_unpinned:snapshot_2,64.803893,-2,0,247763385283,631337955617,15693001420,374557531,425466,494113980
E5_MD_BayesMVP_N50000_chunks100_chains8_tpc1_unpinned:snapshot_3,68.603038,-2,0,343308955634,786884096308,40420257704,1007205513,1711887,581572934
E5_MD_BayesMVP_N50000_chunks100_chains8_tpc1_unpinned,68.956845,0,1045292,343319172340,786896629684,40420379529,1007224266,1713028,581607213
E5_MD_BayesMVP_N50000_chunks100_chains48_tpc1_unpinned:snapshot_1,64.601982,-2,0,263302387910,654929965508,19427704296,398043738,621952,569562736
E5_MD_BayesMVP_N50000_chunks100_chains48_tpc1_unpinned:snapshot_2,65.609085,-2,0,325089346547,748939531718,34243165913,739820747,1174135,744587248
E5_MD_BayesMVP_N50000_chunks100_chains48_tpc1_unpinned:snapshot_3,70.239365,-2,0,913516207132,1684518540026,182077220694,4135646732,3373956,2147480915
E5_MD_BayesMVP_N50000_chunks100_chains48_tpc1_unpinned,70.864555,0,3982116,913528232472,1684531674362,182077341724,4135661645,3377347,2147524190
E5_MD_BayesMVP_N50000_chunks100_chains96_tpc1_unpinned:snapshot_1,66.158321,-2,0,313246447709,702146070253,27854305934,783170229,657521,660543907
E5_MD_BayesMVP_N50000_chunks100_chains96_tpc1_unpinned:snapshot_2,67.913147,-2,0,477898933427,890041644019,59528785834,1748777358,1359520,1042658137
E5_MD_BayesMVP_N50000_chunks100_chains96_tpc1_unpinned:snapshot_3,75.562359,-2,0,1765832616926,2761858742167,361238461465,9297609973,4333086,4104874292
E5_MD_BayesMVP_N50000_chunks100_chains96_tpc1_unpinned,76.520901,0,7816716,1765847825424,2761872718612,361238588685,9297630420,4339461,4104929670
E5_MD_BayesMVP_N50000_chunks100_chains180_tpc1_unpinned:snapshot_1,66.712990,-2,0,416077214779,784744405958,43868904340,1502017313,778934,808987559
E5_MD_BayesMVP_N50000_chunks100_chains180_tpc1_unpinned:snapshot_2,69.350915,-2,0,838458628360,1136749076886,109248108685,4255600626,2140555,1526710086
E5_MD_BayesMVP_N50000_chunks100_chains180_tpc1_unpinned:snapshot_3,81.088632,-2,0,4581816256396,4646009895938,757047992212,31128242268,7334736,7315366842
E5_MD_BayesMVP_N50000_chunks100_chains180_tpc1_unpinned,82.607578,0,14576812,4581858294552,4646025512445,757048138411,31128269280,7348421,7315441337
E5_MD_BayesMVP_N50000_chunks500_chains8_tpc1_unpinned:snapshot_1,64.715360,-2,0,240716371193,619228973153,12469103684,347194672,2404063,481430502
E5_MD_BayesMVP_N50000_chunks500_chains8_tpc1_unpinned:snapshot_2,65.433538,-2,0,251391254243,642276824015,13824737260,359432076,5017316,494547131
E5_MD_BayesMVP_N50000_chunks500_chains8_tpc1_unpinned:snapshot_3,69.682956,-2,0,357438361959,871761225106,27179818306,464997888,44734381,575342546
E5_MD_BayesMVP_N50000_chunks500_chains8_tpc1_unpinned,70.036159,0,1037664,357448546456,871773784560,27179937032,465015951,44735510,575377254
E5_MD_BayesMVP_N50000_chunks500_chains48_tpc1_unpinned:snapshot_1,64.969601,-2,0,267214619438,676838473094,15819124553,437982070,2296817,554652078
E5_MD_BayesMVP_N50000_chunks500_chains48_tpc1_unpinned:snapshot_2,66.060283,-2,0,333538879195,814662018810,23840202362,474276138,12018393,706730819
E5_MD_BayesMVP_N50000_chunks500_chains48_tpc1_unpinned:snapshot_3,71.429766,-2,0,971080995078,2190941209835,103417200539,792763478,100235947,1885942602
E5_MD_BayesMVP_N50000_chunks500_chains48_tpc1_unpinned,72.034453,0,3973388,971093969874,2190954590187,103417324887,792780660,100241550,1885990259
E5_MD_BayesMVP_N50000_chunks500_chains96_tpc1_unpinned:snapshot_1,65.204762,-2,0,310177379322,745950013611,21626523030,284845162,4173642,648844245
E5_MD_BayesMVP_N50000_chunks500_chains96_tpc1_unpinned:snapshot_2,66.978558,-2,0,468973504709,1021375837612,40125659701,350908034,13050681,1012650217
E5_MD_BayesMVP_N50000_chunks500_chains96_tpc1_unpinned:snapshot_3,74.836366,-2,0,1842971824201,3773707644527,205650347985,908060503,80837515,4023263509
E5_MD_BayesMVP_N50000_chunks500_chains96_tpc1_unpinned,75.768483,0,7735896,1842987993794,3773722011150,205650484229,908082856,80847721,4023325326
E5_MD_BayesMVP_N50000_chunks500_chains180_tpc1_unpinned:snapshot_1,67.036157,-2,0,426021883829,866566606617,35264906978,366222791,4168659,828636086
E5_MD_BayesMVP_N50000_chunks500_chains180_tpc1_unpinned:snapshot_2,69.714420,-2,0,860365737834,1382663541998,84904425682,583514176,25670251,1597397075
E5_MD_BayesMVP_N50000_chunks500_chains180_tpc1_unpinned:snapshot_3,81.610619,-2,0,4740095443178,6543362955403,563678673567,2930185849,189250457,7978586474
E5_MD_BayesMVP_N50000_chunks500_chains180_tpc1_unpinned,83.140623,0,14381604,4740129726804,6543379417393,563678840765,2930217823,189271764,7978673814
E5_AD_Stan_N50000_chunks1_chains8_tpc1_unpinned:snapshot_1,67.666512,-2,0,260894790946,688174075875,12672729902,356644232,513525,633228302
E5_AD_Stan_N50000_chunks1_chains8_tpc1_unpinned:snapshot_2,69.497582,-2,0,288409895187,766145400937,13920263210,377954339,527706,854270682
E5_AD_Stan_N50000_chunks1_chains8_tpc1_unpinned:snapshot_3,73.847632,-2,0,385744083398,1007770749038,20165340515,442673651,550678,1906251428
E5_AD_Stan_N50000_chunks1_chains8_tpc1_unpinned,74.249803,0,6776576,385753169044,1007781323188,20165452010,442688291,551788,1906282697
E5_AD_Stan_N50000_chunks1_chains48_tpc1_unpinned:snapshot_1,70.055737,-2,0,384244316428,975198743361,15465057659,433830583,436776,1449981304
E5_AD_Stan_N50000_chunks1_chains48_tpc1_unpinned:snapshot_2,74.459857,-2,0,723462710040,1441169050584,20925883022,816120800,530161,4464616355
E5_AD_Stan_N50000_chunks1_chains48_tpc1_unpinned:snapshot_3,87.464197,-2,0,2311308377721,2888498822323,46714464514,2820618437,767710,20721983384
E5_AD_Stan_N50000_chunks1_chains48_tpc1_unpinned,88.379570,0,39529748,2311319986062,2888510171118,46714578041,2820632746,771069,20722027184
E5_AD_Stan_N50000_chunks1_chains96_tpc1_unpinned:snapshot_1,72.831893,-2,0,594537852907,1318171740031,18710524783,478578886,1218280,2805216813
E5_AD_Stan_N50000_chunks1_chains96_tpc1_unpinned:snapshot_2,81.064046,-2,0,1866415914387,2249520951418,27516081724,1419703271,1390688,10850811975
E5_AD_Stan_N50000_chunks1_chains96_tpc1_unpinned:snapshot_3,107.229807,-2,0,8470551513029,5143314311337,64489741028,6787664187,2210415,56751956710
E5_AD_Stan_N50000_chunks1_chains96_tpc1_unpinned,108.736459,0,78867564,8470566015286,5143326664680,64489863040,6787683019,2216443,56752015931
E5_AD_Stan_N50000_chunks1_chains180_tpc1_unpinned:snapshot_1,80.146702,-2,0,1069060254376,1920165818740,24546262164,698165810,1540179,4962417987
E5_AD_Stan_N50000_chunks1_chains180_tpc1_unpinned:snapshot_2,95.670889,-2,0,5006175934609,3665854484929,41635504587,1781550914,1773671,20433753920
E5_AD_Stan_N50000_chunks1_chains180_tpc1_unpinned:snapshot_3,147.305162,-2,0,29648237357467,9090817885553,111177092588,7538038853,2481365,111508238827
E5_AD_Stan_N50000_chunks1_chains180_tpc1_unpinned,149.807952,0,147944956,29648273639303,9090832164696,111177230650,7538064058,2493418,111508323062
E5_AD_Stan_tape_chunked_N50000_chunks10_chains8_tpc1_unpinned:snapshot_1,67.052074,-2,0,261596600576,694875376954,12895904523,333399644,1130426,583099941
E5_AD_Stan_tape_chunked_N50000_chunks10_chains8_tpc1_unpinned:snapshot_2,68.587909,-2,0,292252408797,790413758930,14444669688,401187451,1200042,738048467
E5_AD_Stan_tape_chunked_N50000_chunks10_chains8_tpc1_unpinned:snapshot_3,73.119399,-2,0,406075725451,1121364041632,21987194428,750469112,1281913,1340203141
E5_AD_Stan_tape_chunked_N50000_chunks10_chains8_tpc1_unpinned,73.534727,0,1843840,406084814040,1121374600087,21987302512,750479373,1283330,1340235993
E5_AD_Stan_tape_chunked_N50000_chunks10_chains48_tpc1_unpinned:snapshot_1,68.249152,-2,0,429385812423,1023588003038,16136317908,501708446,1033957,1501534690
E5_AD_Stan_tape_chunked_N50000_chunks10_chains48_tpc1_unpinned:snapshot_2,71.267735,-2,0,749981032883,1595059950848,24120346059,936887747,1215507,3468055328
E5_AD_Stan_tape_chunked_N50000_chunks10_chains48_tpc1_unpinned:snapshot_3,81.506978,-2,0,2129104781178,3578417257768,62667117154,3077093685,1634868,13301062630
E5_AD_Stan_tape_chunked_N50000_chunks10_chains48_tpc1_unpinned,82.533531,0,10013408,2129116761947,3578428634059,62667235653,3077108517,1640851,13301111832
E5_AD_Stan_tape_chunked_N50000_chunks10_chains96_tpc1_unpinned:snapshot_1,69.690488,-2,0,865401709309,1418116417612,19072759916,944170417,715214,3422845960
E5_AD_Stan_tape_chunked_N50000_chunks10_chains96_tpc1_unpinned:snapshot_2,74.993320,-2,0,2056443096231,2560554618368,32600402092,2284363536,1190375,9353123612
E5_AD_Stan_tape_chunked_N50000_chunks10_chains96_tpc1_unpinned:snapshot_3,95.059532,-2,0,7595054423251,6526798769375,97491738627,8844220410,2966997,38887110749
E5_AD_Stan_tape_chunked_N50000_chunks10_chains96_tpc1_unpinned,96.845412,0,19162644,7595070602591,6526811244246,97491881868,8844242973,2983534,38887180225
E5_AD_Stan_tape_chunked_N50000_chunks10_chains180_tpc1_unpinned:snapshot_1,73.535496,-2,0,2405969540312,2108662982245,25409838155,1781486614,1494307,6066143644
E5_AD_Stan_tape_chunked_N50000_chunks10_chains180_tpc1_unpinned:snapshot_2,83.426533,-2,0,6714437432575,4250434950762,50617950280,4735905911,2901851,17347474324
E5_AD_Stan_tape_chunked_N50000_chunks10_chains180_tpc1_unpinned:snapshot_3,122.725487,-2,0,27420480121577,11686026516803,171925348402,19420675673,5433247,72860176217
E5_AD_Stan_tape_chunked_N50000_chunks10_chains180_tpc1_unpinned,125.461405,0,36215484,27420515182991,11686041235001,171925507479,19420702033,5455976,72860283203
E5_AD_Stan_tape_chunked_N50000_chunks250_chains8_tpc1_unpinned:snapshot_1,67.107298,-2,0,261078041170,696129165254,12621295819,430869908,246229,539332351
E5_AD_Stan_tape_chunked_N50000_chunks250_chains8_tpc1_unpinned:snapshot_2,68.556191,-2,0,290326390827,794837936500,13952117191,620092997,300239,568912516
E5_AD_Stan_tape_chunked_N50000_chunks250_chains8_tpc1_unpinned:snapshot_3,72.880895,-2,0,399399211660,1141712682680,20311374163,1549833357,470648,660023244
E5_AD_Stan_tape_chunked_N50000_chunks250_chains8_tpc1_unpinned,73.275206,0,1475124,399408628319,1141723286478,20311484367,1549843759,472438,660056384
E5_AD_Stan_tape_chunked_N50000_chunks250_chains48_tpc1_unpinned:snapshot_1,68.157163,-2,0,358540759561,1033866201957,15827812801,999009276,1191232,645249415
E5_AD_Stan_tape_chunked_N50000_chunks250_chains48_tpc1_unpinned:snapshot_2,70.243718,-2,0,536288287410,1624460180065,23583108786,2126290357,3683182,843484917
E5_AD_Stan_tape_chunked_N50000_chunks250_chains48_tpc1_unpinned:snapshot_3,76.253688,-2,0,1191563606349,3703689791408,61204968107,7647618727,5797642,1496988273
E5_AD_Stan_tape_chunked_N50000_chunks250_chains48_tpc1_unpinned,77.145701,0,7908748,1191576426015,3703701499101,61205097047,7647634169,5807424,1497040879
E5_AD_Stan_tape_chunked_N50000_chunks250_chains96_tpc1_unpinned:snapshot_1,68.649923,-2,0,501799246160,1437603313271,20091518296,1387564811,1624783,858810928
E5_AD_Stan_tape_chunked_N50000_chunks250_chains96_tpc1_unpinned:snapshot_2,71.682575,-2,0,903024392101,2618259035609,35583855672,3602433657,4492608,1510538856
E5_AD_Stan_tape_chunked_N50000_chunks250_chains96_tpc1_unpinned:snapshot_3,80.698988,-2,0,2352038965394,6776110281717,110850367401,14330632628,11817392,4039047528
E5_AD_Stan_tape_chunked_N50000_chunks250_chains96_tpc1_unpinned,82.175654,0,15678188,2352056902269,6776123253370,110850519100,14330655729,11840260,4039123777
E5_AD_Stan_tape_chunked_N50000_chunks250_chains180_tpc1_unpinned:snapshot_1,71.321692,-2,0,1230711472907,2144537237535,28236312896,2273421179,1445963,2967085391
E5_AD_Stan_tape_chunked_N50000_chunks250_chains180_tpc1_unpinned:snapshot_2,77.338005,-2,0,3016885601818,4357706924559,59903289783,6105136304,4707272,8019302611
E5_AD_Stan_tape_chunked_N50000_chunks250_chains180_tpc1_unpinned:snapshot_3,97.891856,-2,0,10534334186335,12152923428436,213587924297,24903956180,11110037,32673780003
E5_AD_Stan_tape_chunked_N50000_chunks250_chains180_tpc1_unpinned,100.273626,0,29332848,10534389384518,12152938903535,213588117264,24903990259,11145493,32673893297
