"label","device","algorithm","N","num_chunks","n_chains","threads_per_chain","n_iter_short","n_iter_long","elapsed_seconds_short_run","elapsed_seconds_long_run","seconds_per_iteration","chain_iterations_per_second","instructions_per_cycle","cycles_per_chain_iteration","instructions_per_chain_iter","L2_fills_per_chain_iter","L3_fills_per_chain_iter","other_CCX_fills_per_chain_iter","DRAM_fills_per_chain_iter","DRAM_MB_per_chain_iteration","share_of_fills_from_L3","share_of_fills_from_DRAM","DRAM_read_GB_per_second","experiment","placement"
"E1_MD_BayesMVP_N50000_chunks1_chains1_tpc1_unpinned","HPC","MD_BayesMVP",50000,1,1,1,2,20,0.528000000000006,4.84399999999999,0.239777777777777,4.17052826691383,0.90189711926618,879570601.111111,793282191.333333,221645087,13465925.5555556,-4571.16666666667,17076852.4444444,1092.91855644444,0.0533973735962665,0.0677160337818827,4.55804773308621,"E1","unpinned"
"E1_MD_BayesMVP_N50000_chunks1_chains8_tpc1_unpinned","HPC","MD_BayesMVP",50000,1,8,1,2,20,0.676999999999992,5.42400000000001,0.263722222222223,30.3349483884558,0.858808422469126,928823824.291667,797681723.291667,221501310.416667,13514427.1736111,5461.15277777778,16667771.4236111,1066.73737111111,0.0536949520062876,0.0662236863720084,32.3594230966925,"E1","unpinned"
"E1_MD_BayesMVP_N50000_chunks1_chains48_tpc1_unpinned","HPC","MD_BayesMVP",50000,1,48,1,2,20,5.58699999999999,24.117,1.02944444444445,46.6270912034538,0.238600806225766,3342071232.01389,797420890.422454,181329223.832176,23022882.4155093,883.570601851852,46660528.5428241,2986.27382674074,0.0917196912972163,0.185888508505337,139.241262077928,"E1","unpinned"
"E1_MD_BayesMVP_N50000_chunks1_chains96_tpc1_unpinned","HPC","MD_BayesMVP",50000,1,96,1,2,20,11.812,61.676,2.77022222222222,34.6542595860741,0.0857613160191639,9296420797.13079,797273281.829861,125367394.940972,42965021.4664352,706.303819444444,83053212.7002315,5315.40561281481,0.170912318667249,0.330380776521896,184.20144591176,"E1","unpinned"
"E1_MD_BayesMVP_N50000_chunks1_chains180_tpc1_unpinned","HPC","MD_BayesMVP",50000,1,180,1,2,20,15.357,136.497,6.73,26.7459138187221,0.0335162897303708,23782658308.191,797106466.415741,126050467.350926,36991578.4030864,1343.04814814815,89393747.0712963,5721.19981256296,0.146537783654897,0.354122806701896,153.018717126498,"E1","unpinned"
"E1_MD_BayesMVP_N50000_chunks4_chains1_tpc1_unpinned","HPC","MD_BayesMVP",50000,4,1,1,2,20,0.446999999999989,4.247,0.211111111111112,4.73684210526314,1.03683534427438,770659708.111111,799047223.777778,227936578.888889,21793724.7777778,61.6111111111111,2396829,153.397056,0.0864394054762963,0.00950642792367461,0.726617633684208,"E1","unpinned"
"E1_MD_BayesMVP_N50000_chunks4_chains8_tpc1_unpinned","HPC","MD_BayesMVP",50000,4,8,1,2,20,0.540999999999997,4.636,0.2275,35.1648351648351,1.01471727240783,791994722.486111,803650724.5625,227169369.4375,20530812.6736111,3668.625,4529387.27777778,289.880785777778,0.0813961428528329,0.0179571388507028,10.1936100493284,"E1","unpinned"
"E1_MD_BayesMVP_N50000_chunks4_chains48_tpc1_unpinned","HPC","MD_BayesMVP",50000,4,48,1,2,20,1.61799999999999,12.038,0.578888888888889,82.9174664107485,0.69989874807302,1149751158.74769,804709396.603009,217122708.002315,18762772.1747685,1065.96875,12913841.318287,826.48584437037,0.0754129539990138,0.0519044260738917,68.5301122395393,"E1","unpinned"
"E1_MD_BayesMVP_N50000_chunks4_chains96_tpc1_unpinned","HPC","MD_BayesMVP",50000,4,96,1,2,20,3.38200000000001,25.54,1.231,77.9853777416735,0.557659496651656,1444453755.25174,805513354.090278,215063321.578704,18303497.2511574,2175.75578703704,15426685.9103009,987.307898259259,0.0735683883846827,0.0620054410894489,76.995579393086,"E1","unpinned"
"E1_MD_BayesMVP_N50000_chunks4_chains180_tpc1_unpinned","HPC","MD_BayesMVP",50000,4,180,1,2,20,7.318,57.289,2.77616666666667,64.8376058113706,0.592730049888985,1360962912.57284,806683615.066358,220556009.127469,16034106.9432099,1508.66944444444,12542869.2728395,802.743633461728,0.0643592410064886,0.0503457753713818,52.0479752739789,"E1","unpinned"
"E1_MD_BayesMVP_N50000_chunks25_chains1_tpc1_unpinned","HPC","MD_BayesMVP",50000,25,1,1,2,20,0.411000000000001,3.756,0.185833333333333,5.38116591928251,1.2299796172451,679667147.777778,835976738.277778,224559531.055556,11635309.2777778,-273.666666666667,578538.944444444,37.0264924444445,0.049141177785995,0.00244343183720649,0.199245699252616,"E1","unpinned"
"E1_MD_BayesMVP_N50000_chunks25_chains8_tpc1_unpinned","HPC","MD_BayesMVP",50000,25,8,1,2,20,0.444000000000003,3.97499999999999,0.196166666666666,40.7816482582839,1.21090316786945,687452542.923611,832438461.986111,223984958.534722,11964335.1388889,17007.9166666667,667458.1875,42.717324,0.0505605588573861,0.00282063805319583,1.74208288190315,"E1","unpinned"
"E1_MD_BayesMVP_N50000_chunks25_chains48_tpc1_unpinned","HPC","MD_BayesMVP",50000,25,48,1,2,20,0.789000000000001,5.03100000000001,0.235666666666667,203.677510608203,1.1650524240423,714344956.302083,832249322.94213,222903438.902778,11649409.6365741,51778.3055555556,1806303.29976852,115.603411185185,0.0492761042369953,0.00764052363680105,23.545815008015,"E1","unpinned"
"E1_MD_BayesMVP_N50000_chunks25_chains96_tpc1_unpinned","HPC","MD_BayesMVP",50000,25,96,1,2,20,1.759,8.774,0.389722222222222,246.329294369209,1.05274428807146,790678300.233218,832382064.27257,223380372.360532,11345563.4126157,27639.0358796296,2791839.32581019,178.677716851852,0.0477616604552747,0.0117528655982618,44.013555911618,"E1","unpinned"
"E1_MD_BayesMVP_N50000_chunks25_chains180_tpc1_unpinned","HPC","MD_BayesMVP",50000,25,180,1,2,20,3.11,19.22,0.895,201.117318435754,0.372729325518732,2232579356.28426,832147797.634876,225709714.933333,15557597.4666667,11241.6740740741,9136178.82932099,584.715445076543,0.0621273248833505,0.0364841905402009,117.596402361763,"E1","unpinned"
"E1_MD_BayesMVP_N50000_chunks100_chains1_tpc1_unpinned","HPC","MD_BayesMVP",50000,100,1,1,2,20,0.387999999999991,3.348,0.164444444444445,6.08108108108106,1.60752300402613,603323060.222222,969855698.166667,156986882.888889,4365618.33333333,-280.333333333333,445030.666666667,28.4819626666667,0.0269820302345144,0.00275054528051645,0.173201124324324,"E1","unpinned"
"E1_MD_BayesMVP_N50000_chunks100_chains8_tpc1_unpinned","HPC","MD_BayesMVP",50000,100,8,1,2,20,0.417999999999999,3.48899999999999,0.170611111111111,46.8902637577338,1.63466949009642,594269216.4375,971433757.013889,154689468.152778,3739653.93055556,4293.27083333333,489714.916666667,31.3417546666667,0.023531212380366,0.00308145778296781,1.46962314295018,"E1","unpinned"
"E1_MD_BayesMVP_N50000_chunks100_chains48_tpc1_unpinned","HPC","MD_BayesMVP",50000,100,48,1,2,20,0.743000000000009,4.256,0.195166666666666,245.943637916312,1.60095352170773,608431975.237269,974071313.475695,153861233.319444,3578080.24421296,2206.11921296296,1412825.14467593,90.4208092592593,0.0225242831607619,0.00889384011630089,22.2384227725591,"E1","unpinned"
"E1_MD_BayesMVP_N50000_chunks100_chains96_tpc1_unpinned","HPC","MD_BayesMVP",50000,100,96,1,2,20,1.398,7.38500000000001,0.332611111111112,288.625354935694,1.5186623333929,641692590.09375,974514366.192708,155662871.741319,3725326.25,2120.55092592593,1554234.85474537,99.4710307037037,0.0231466438060255,0.00965695838685294,28.7098615426757,"E1","unpinned"
"E1_MD_BayesMVP_N50000_chunks100_chains180_tpc1_unpinned","HPC","MD_BayesMVP",50000,100,180,1,2,20,2.349,11.368,0.501055555555556,359.24160106442,0.964763835826486,1010043618.40401,974453555.643519,179293550.05463,7346949.34660494,1191.4,1513459.43425926,96.8614037925926,0.039047293350246,0.00804367795601142,34.7966457797982,"E1","unpinned"
"E1_MD_BayesMVP_N50000_chunks500_chains1_tpc1_unpinned","HPC","MD_BayesMVP",50000,500,1,1,2,20,0.390000000000008,3.51599999999999,0.173666666666666,5.75815738963535,2.23186640032573,636554156.777778,1420703834.5,82754788.1111111,642989.111111111,2317.11111111111,424156.5,27.146016,0.00767068127324583,0.00506006908243469,0.156311032629559,"E1","unpinned"
"E1_MD_BayesMVP_N50000_chunks500_chains8_tpc1_unpinned","HPC","MD_BayesMVP",50000,500,8,1,2,20,0.435999999999993,3.88500000000001,0.191611111111112,41.7512322412291,2.18333699549105,656117284.965278,1432525141.64583,83359699.9652778,656068.333333333,161348.9375,506263.520833333,32.4008653333333,0.0077473091823809,0.00597831022224295,1.35277605334879,"E1","unpinned"
"E1_MD_BayesMVP_N50000_chunks500_chains48_tpc1_unpinned","HPC","MD_BayesMVP",50000,500,48,1,2,20,0.890999999999991,4.962,0.226166666666667,212.232866617538,2.1719489083539,659896439.039352,1433261350.39815,82708195.4861111,322291.27662037,78554.3715277778,1202217.91782407,76.9419467407407,0.00382263626761017,0.014259280804731,16.3296099199214,"E1","unpinned"
"E1_MD_BayesMVP_N50000_chunks500_chains96_tpc1_unpinned","HPC","MD_BayesMVP",50000,500,96,1,2,20,1.465,7.583,0.339888888888889,282.445243543642,2.03681470218377,703839362.153356,1433590360.80961,85111730.0324074,267897.27025463,31730.5966435185,1511943.3130787,96.764372037037,0.00308199604154543,0.0173939932330054,27.3306366263485,"E1","unpinned"
"E1_MD_BayesMVP_N50000_chunks500_chains180_tpc1_unpinned","HPC","MD_BayesMVP",50000,500,180,1,2,20,2.37100000000001,11.851,0.526666666666666,341.772151898735,1.33975208349476,1069995387.75926,1433528550.08025,132854339.198765,681247.513271605,47409.3333333333,1742597.59969136,111.526246380247,0.00503413652156896,0.0128770733809742,38.1165652185654,"E1","unpinned"
"E1_MD_BayesMVP_N10000_chunks1_chains1_tpc1_unpinned","HPC","MD_BayesMVP",10000,1,1,1,2,50,0.0899999999999999,2.086,0.0415833333333333,24.0480961923848,1.10539369347976,151893153.270833,167901733.708333,46040869.5833333,4363913.16666667,1500.95833333333,172711.708333333,11.0535493333333,0.0862791585858323,0.00341469234235565,0.265816817635271,"E1","unpinned"
"E1_MD_BayesMVP_N10000_chunks1_chains8_tpc1_unpinned","HPC","MD_BayesMVP",10000,1,8,1,2,50,0.109999999999999,2.283,0.0452708333333334,176.714219972388,1.08588087598727,155308552.28125,168646586.799479,45830388.9921875,4369419.390625,730.979166666667,402755.611979167,25.7763591666667,0.0863465391507333,0.00795907879489734,4.55504920386562,"E1","unpinned"
"E1_MD_BayesMVP_N10000_chunks1_chains48_tpc1_unpinned","HPC","MD_BayesMVP",10000,1,48,1,2,50,0.488999999999997,5.018,0.0943541666666667,508.721572090969,0.591385228570623,285780213.809462,169006197.06467,43885357.7486979,3736433.84157986,765.433159722222,2879728.14019097,184.302600972222,0.0739854410443753,0.0570217393304202,93.7587089070434,"E1","unpinned"
"E1_MD_BayesMVP_N10000_chunks1_chains96_tpc1_unpinned","HPC","MD_BayesMVP",10000,1,96,1,2,50,0.877000000000002,12.018,0.232104166666667,413.607396104479,0.23469088959667,719670352.351128,168900075.209635,37843485.5842014,7089109.85264757,400.771484375,5600803.69227431,358.451436305556,0.140284519798447,0.110832822849068,148.258165200251,"E1","unpinned"
"E1_MD_BayesMVP_N10000_chunks1_chains180_tpc1_unpinned","HPC","MD_BayesMVP",10000,1,180,1,2,50,1.619,29.486,0.5805625,310.044138228012,0.0871231781351189,1938482808.61817,168886783.047106,37730686.2638889,6413679.51527778,305.229050925926,6593783.10949074,422.002119007407,0.12640667964378,0.129956326501273,130.839283318046,"E1","unpinned"
"E1_MD_BayesMVP_N10000_chunks4_chains1_tpc1_unpinned","HPC","MD_BayesMVP",10000,4,1,1,2,50,0.0810000000000031,1.916,0.0382291666666666,26.158038147139,1.2382986553862,139689237.895833,172976995.458333,46055672.4375,2720605.6875,-115.791666666667,48021.9791666667,3.07340666666667,0.0557225015800923,0.000983569512586246,0.080394288828338,"E1","unpinned"
"E1_MD_BayesMVP_N10000_chunks4_chains8_tpc1_unpinned","HPC","MD_BayesMVP",10000,4,8,1,2,50,0.0960000000000001,2.017,0.0400208333333333,199.895887558563,1.22131836844367,143040413.630208,174697884.596354,46243503.6171875,2715099.73697917,-88.3489583333333,57272.8151041667,3.66546016666667,0.0553923512753172,0.00116845648414596,0.732710413326393,"E1","unpinned"
"E1_MD_BayesMVP_N10000_chunks4_chains48_tpc1_unpinned","HPC","MD_BayesMVP",10000,4,48,1,2,50,0.244999999999997,2.586,0.0487708333333334,984.1947885519,1.18548740365185,147449077.68533,174799024.276042,46133998.6032986,2616162.78211806,265.401909722222,281900.5703125,18.0416365,0.0533558760740831,0.00574927982219432,17.7564846202477,"E1","unpinned"
"E1_MD_BayesMVP_N10000_chunks4_chains96_tpc1_unpinned","HPC","MD_BayesMVP",10000,4,96,1,2,50,0.420999999999999,4.713,0.0894166666666667,1073.62534948742,1.00877628836674,173140595.099392,174660126.889974,45973321.0041233,2435595.89822049,293.988064236111,781276.744791667,50.0017116666667,0.0495135546588407,0.0158826794030926,53.6831051630941,"E1","unpinned"
"E1_MD_BayesMVP_N10000_chunks4_chains180_tpc1_unpinned","HPC","MD_BayesMVP",10000,4,180,1,2,50,0.858000000000001,13.455,0.2624375,685.877589902358,0.233697484610477,747171654.272338,174612136.175694,44729703.9295139,3546355.79675926,297.627893518519,2413739.44675926,154.479324592593,0.0699615116279376,0.0476175742224104,105.953906841311,"E1","unpinned"
"E1_MD_BayesMVP_N10000_chunks25_chains1_tpc1_unpinned","HPC","MD_BayesMVP",10000,25,1,1,2,50,0.0789999999999971,1.698,0.0337291666666667,29.6479308214947,1.69502750936822,123137498.625,208721447.604167,30272288.9791667,534725.8125,-112.541666666667,27076.5416666667,1.73289866666667,0.017342095748101,0.000878139725320966,0.0513768597899937,"E1","unpinned"
"E1_MD_BayesMVP_N10000_chunks25_chains8_tpc1_unpinned","HPC","MD_BayesMVP",10000,25,8,1,2,50,0.0839999999999996,1.805,0.0358541666666667,223.126089482859,1.70089220577494,123134151.479167,209437918.515625,30362465.3645833,542652.6015625,4971.609375,30176.8697916667,1.93131966666667,0.0175387177909941,0.000975326758901862,0.430927804764672,"E1","unpinned"
"E1_MD_BayesMVP_N10000_chunks25_chains48_tpc1_unpinned","HPC","MD_BayesMVP",10000,25,48,1,2,50,0.220000000000002,2.3,0.0433333333333333,1107.69230769231,1.69707785678062,123280215.791233,209216124.398438,29963237.9249132,569822.508680556,10466.0625,41595.9973958333,2.66214383333333,0.0186307087310783,0.00136000754630581,2.94883624615385,"E1","unpinned"
"E1_MD_BayesMVP_N10000_chunks25_chains96_tpc1_unpinned","HPC","MD_BayesMVP",10000,25,96,1,2,50,0.335999999999999,3.69,0.069875,1373.88193202147,1.5895869160492,131679707.317925,209316339.861762,30341429.9498698,650783.472873264,11957.1141493056,73491.177734375,4.703435375,0.0209405546288887,0.00236475891941981,6.46196488014311,"E1","unpinned"
"E1_MD_BayesMVP_N10000_chunks25_chains180_tpc1_unpinned","HPC","MD_BayesMVP",10000,25,180,1,2,50,0.544,5.556,0.104416666666667,1723.86272944932,1.03520397379935,202182777.784491,209300414.996296,35136048.6840278,1270663.49652778,10482.765625,198113.681018519,12.6792755851852,0.0347030666726072,0.00541067898773228,21.8573306177175,"E1","unpinned"
"E1_MD_BayesMVP_N10000_chunks100_chains1_tpc1_unpinned","HPC","MD_BayesMVP",10000,100,1,1,2,50,0.0790000000000006,1.764,0.0351041666666667,28.486646884273,2.2933142917361,128056732.416667,293674334.604167,16526574,198658.833333333,-125.895833333333,24444.1875,1.564428,0.0118605467006707,0.00145939358718188,0.0445653080118695,"E1","unpinned"
"E1_MD_BayesMVP_N10000_chunks100_chains8_tpc1_unpinned","HPC","MD_BayesMVP",10000,100,8,1,2,50,0.0940000000000012,1.943,0.0385208333333333,207.679826933478,2.1619586369792,136549602.333333,295214592.140625,17387425.984375,192282.768229167,41982.2786458333,27822.9973958333,1.78067183333333,0.0108945077987464,0.00157641719486868,0.369809618171985,"E1","unpinned"
"E1_MD_BayesMVP_N10000_chunks100_chains48_tpc1_unpinned","HPC","MD_BayesMVP",10000,100,48,1,2,50,0.229000000000003,2.466,0.0466041666666666,1029.95082700045,2.209701587585,133800143.63151,295658389.801649,17115513.0355903,187480.916232639,10912.6866319444,33810.2526041667,2.16385616666667,0.0108072386360689,0.00194897419738227,2.22866544836835,"E1","unpinned"
"E1_MD_BayesMVP_N10000_chunks100_chains96_tpc1_unpinned","HPC","MD_BayesMVP",10000,100,96,1,2,50,0.344000000000001,3.74,0.07075,1356.89045936396,2.03720775776041,145129504.346788,295658952.1352,18862642.7269965,190195.596571181,9874.33637152778,55917.6859809028,3.57873190277778,0.00994818107416192,0.00292477468151035,4.85594717550059,"E1","unpinned"
"E1_MD_BayesMVP_N10000_chunks100_chains180_tpc1_unpinned","HPC","MD_BayesMVP",10000,100,180,1,2,50,0.545999999999999,5.755,0.108520833333333,1658.66769053561,1.37634463800386,214779313.810764,295610356.917593,28654324.322338,217063.695601852,5230.02418981481,152346.11087963,9.7501510962963,0.00747748677692139,0.00524807258283919,16.172260601267,"E1","unpinned"
"E2_MD_BayesMVP_N50000_chunks1_chains8_tpc1_oneCCD","HPC","MD_BayesMVP",50000,1,8,1,2,20,2.883,28.026,1.39683333333333,5.72724018613531,0.157202224062384,5073420026.73611,797552911.805556,215667899.215278,9352214.59027778,14.6111111111111,27012953.4583333,1728.82902133333,0.0371070913417476,0.107180189431365,9.90141904593724,"E2","oneCCD"
"E2_MD_BayesMVP_N50000_chunks25_chains8_tpc1_oneCCD","HPC","MD_BayesMVP",50000,25,8,1,2,20,0.479000000000006,4.27500000000001,0.210888888888889,37.9346680716543,1.12285821960607,741396933.270833,832483640.513889,221925116.354167,11411169.9236111,1.79166666666667,3069092.20138889,196.421900888889,0.0482695017792663,0.0129823280581552,7.45119961222338,"E2","oneCCD"
"E2_MD_BayesMVP_N50000_chunks500_chains8_tpc1_oneCCD","HPC","MD_BayesMVP",50000,500,8,1,2,20,0.613,3.83,0.178722222222222,44.7622008082064,2.16576388224796,661495518.583333,1432643102.41667,83427117.6666667,464024.104166667,1.97916666666667,1569168.94444444,100.426812444444,0.00542970285898371,0.0183613761168282,4.4953251451663,"E2","oneCCD"
"E2_AD_Stan_N50000_chunks1_chains8_tpc1_oneCCD","HPC","AD_Stan",50000,1,8,1,2,10,2.575,9.739,0.8955,8.93355667225014,0.79845668945343,3203472778.6875,2557834269.625,73160598.828125,666842,13.703125,17946141.921875,1148.553083,0.00726616397059912,0.195547985645755,10.2606640580681,"E2","oneCCD"
"E2_AD_Stan_tape_chunked_N50000_chunks10_chains8_tpc1_oneCCD","HPC","AD_Stan_tape_chunked",50000,10,8,1,2,10,1.952,7.73100000000001,0.722375000000001,11.0745803772279,1.43678267737784,2560180083.67188,3678422395.1875,81263498.046875,3275974.296875,12.953125,20457949.734375,1309.308783,0.031200517383115,0.194842376180772,14.5000453559439,"E2","oneCCD"
"E2_AD_Stan_tape_chunked_N50000_chunks250_chains8_tpc1_oneCCD","HPC","AD_Stan_tape_chunked",50000,250,8,1,2,10,1.223,4.169,0.36825,21.724372029871,3.02407784804507,1282212654.35938,3877510884.53125,76781539.890625,10976492.078125,3.640625,2281072.78125,145.988658,0.121908049450075,0.0253342444413578,3.1715119185336,"E2","oneCCD"
"E3_MD_BayesMVP_WCP_N50000_chunks8_chains1_tpc8_oneCCD","HPC","MD_BayesMVP_WCP",50000,8,1,8,2,20,0.155000000000001,1.29000000000001,0.0630555555555561,15.8590308370043,0.558386643758837,1796746160.05556,1003279058,220781272.333333,17864488.8333333,21.2222222222222,14882218.3333333,952.461973333333,0.0704635731849854,0.0587004918231459,15.1051238061673,"E3","oneCCD"
"E3_MD_BayesMVP_WCP_N50000_chunks200_chains1_tpc8_oneCCD","HPC","MD_BayesMVP_WCP",50000,200,1,8,2,20,0.0969999999999942,0.643000000000001,0.0303333333333337,32.9670329670326,1.63249761310692,848600595.111111,1385338446,134398704.722222,1474293.88888889,-0.277777777777778,172684.611111111,11.0518151111111,0.0108367561320629,0.00126931342012248,0.364345553113549,"E3","oneCCD"
"E3_AD_Stan_WCP_N50000_chunks8_chains1_tpc8_oneCCD","HPC","AD_Stan_WCP",50000,8,1,8,2,10,0.616,1.52600000000001,0.113750000000001,8.79120879120869,1.31382340012855,2801688630.5,3680924082.625,79753572.125,3525530.375,8.75,21727122.625,1390.535848,0.0335744864366511,0.206912692925108,12.2244909714284,"E3","oneCCD"
"E3_AD_Stan_WCP_N50000_chunks250_chains1_tpc8_oneCCD","HPC","AD_Stan_WCP",50000,250,1,8,2,10,0.478000000000009,0.963999999999999,0.0607499999999987,16.4609053497946,2.94130202163631,1321270683.625,3886256132.875,77090566.625,11272709.75,10,2917740.625,186.7354,0.12349455435027,0.0319643711392511,3.07383374485603,"E3","oneCCD"
"E3_MD_BayesMVP_WCP_N10000_chunks8_chains1_tpc8_oneCCD","HPC","MD_BayesMVP_WCP",10000,8,1,8,2,50,0.0180000000000007,0.358000000000001,0.00708333333333334,141.176470588235,1.21155022815697,194496022.3125,235641700.208333,39285457.6666667,2221953.77083333,-0.229166666666667,23466.7083333333,1.50186933333333,0.0535012473199283,0.000565042433738584,0.212028611764706,"E3","oneCCD"
"E3_MD_BayesMVP_WCP_N10000_chunks100_chains1_tpc8_oneCCD","HPC","MD_BayesMVP_WCP",10000,100,1,8,2,50,0.022000000000002,0.411999999999999,0.00812499999999994,123.076923076924,1.69540065147369,222252057,376806282.229167,17193092.2291667,277525.041666667,-1,5136,0.328704,0.0158805776922033,0.000293892927778101,0.0404558769230772,"E3","oneCCD"
"E3_AD_Stan_WCP_N10000_chunks8_chains1_tpc8_oneCCD","HPC","AD_Stan_WCP",10000,8,1,8,2,30,0.111999999999998,0.699000000000002,0.0209642857142859,47.700170357751,1.58386280004382,466303266.392857,738560397.178571,16281019.9285714,652171.892857143,4.32142857142857,3940691.67857143,252.204267428571,0.0312434319105443,0.188785707400709,12.0301865212946,"E3","oneCCD"
"E3_AD_Stan_WCP_N10000_chunks100_chains1_tpc8_oneCCD","HPC","AD_Stan_WCP",10000,100,1,8,2,30,0.0960000000000001,0.471,0.0133928571428571,74.6666666666667,3.10371289325791,265079759,822731465.75,15586158.2857143,2188966.57142857,-0.642857142857143,60821.2142857143,3.89255771428571,0.122727812786535,0.00341003590357956,0.290644309333333,"E3","oneCCD"
"E4_MD_BayesMVP_N50000_chunks1_chains16_tpc1_noSMT_twoCCD","HPC","MD_BayesMVP",50000,1,16,1,2,20,4.093,28.56,1.35927777777778,11.7709567989537,0.157889387191219,5049845431.12847,797317000.53125,215253824.506944,9464835.77083333,271.840277777778,27311531.0902778,1747.93798977778,0.0375543323229522,0.108365991724189,20.5749025649242,"E4","noSMT_twoCCD"
"E4_MD_BayesMVP_N50000_chunks25_chains16_tpc1_noSMT_twoCCD","HPC","MD_BayesMVP",50000,25,16,1,2,20,0.640000000000001,4.51100000000001,0.215055555555556,74.3993800051664,1.12470912620607,740088119.46875,832383862.163194,221661296.375,11628360.4756944,8419.18055555555,3004835.95486111,192.309501111111,0.0492095521716546,0.0127160343882589,14.3077076517695,"E4","noSMT_twoCCD"
"E4_MD_BayesMVP_N50000_chunks500_chains16_tpc1_noSMT_twoCCD","HPC","MD_BayesMVP",50000,500,16,1,2,20,0.672999999999988,4.11699999999999,0.191333333333333,83.6236933797909,2.1537642030177,665178559.590278,1432637770.26042,82807272.3263889,263253.864583333,74901.3784722222,1494100.34375,95.622422,0.00311029457599674,0.0176525127276506,7.99630009756097,"E4","noSMT_twoCCD"
"E4_AD_Stan_N50000_chunks1_chains16_tpc1_noSMT_twoCCD","HPC","AD_Stan",50000,1,16,1,2,10,2.73399999999999,10.562,0.978500000000001,16.3515585079203,0.769408175212522,3322743577.83594,2556546072.92188,72206342.25,628108.9296875,8262.03125,18837298.1015625,1205.5870785,0.0068511000456417,0.20546788587704,19.7132276504854,"E4","noSMT_twoCCD"
"E4_AD_Stan_tape_chunked_N50000_chunks250_chains16_tpc1_noSMT_twoCCD","HPC","AD_Stan_tape_chunked",50000,250,16,1,2,10,1.13199999999999,4.584,0.431500000000001,37.0799536500578,3.01459698135786,1286676698.47656,3878811691.21094,76928960.6015625,10889788.8828125,387.4609375,2326022.765625,148.865457,0.120802813126429,0.0258030799777126,5.51992424565468,"E4","noSMT_twoCCD"
"E1_AD_Stan_N50000_chunks1_chains1_tpc1_unpinned","HPC","AD_Stan",50000,1,1,1,2,10,1.209,3.50399999999999,0.286874999999999,3.48583877995644,2.39112042948138,1074407653.5,2569038089.875,76220002.375,862796.5,-737.5,15986561.5,1023.139936,0.00927054117002266,0.171771763739015,3.56650086623095,"E1","unpinned"
"E1_AD_Stan_N50000_chunks1_chains8_tpc1_unpinned","HPC","AD_Stan",50000,1,8,1,2,10,1.52800000000001,4.095,0.320874999999999,24.93182703545,2.32024763595541,1102383048.21875,2557801661.54688,78101370.328125,665169.46875,7343.890625,13122095.578125,839.814117,0.0072382869638652,0.142792923944971,20.9381003069732,"E1","unpinned"
"E1_AD_Stan_N50000_chunks1_chains48_tpc1_unpinned","HPC","AD_Stan",50000,1,48,1,2,10,7.68700000000001,12.712,0.628124999999999,76.4179104477614,0.754263479533924,3386058487.4349,2553980256.63802,51269311.1484375,4533950.48697917,462.067708333333,35833828.8541667,2293.36504666667,0.0494769923514113,0.391038693790555,175.254164760199,"E1","unpinned"
"E1_AD_Stan_N50000_chunks1_chains96_tpc1_unpinned","HPC","AD_Stan",50000,1,96,1,2,10,7.97799999999999,26.197,2.277375,42.1537954882266,0.357748748443912,7145953380.02344,2556455878.14193,36706594.8385417,5720519.48177083,668.44140625,49123285.4544271,3143.89026908333,0.0624844646079397,0.536567037518889,132.526907440364,"E1","unpinned"
"E1_AD_Stan_N50000_chunks1_chains180_tpc1_unpinned","HPC","AD_Stan",50000,1,180,1,2,10,14.792,50.583,4.473875,40.2335782738677,0.186720858254746,13683777175.6319,2555046618.40069,36906136.2208333,3387013.14375,1474.34583333333,51933882.6104167,3323.76848706667,0.0367241461329502,0.563100116028719,133.727099588612,"E1","unpinned"
"E1_AD_Stan_tape_chunked_N50000_chunks10_chains1_tpc1_unpinned","HPC","AD_Stan_tape_chunked",50000,10,1,1,2,10,1.062,3.90700000000001,0.355625000000001,2.81195079086115,2.76190269886169,1333513235.375,3683033803.75,92453007.875,4379284.875,19382.625,8666613.75,554.66328,0.0415026144881118,0.0821337591982114,1.55968584885764,"E1","unpinned"
"E1_AD_Stan_tape_chunked_N50000_chunks10_chains8_tpc1_unpinned","HPC","AD_Stan_tape_chunked",50000,10,8,1,2,10,1.23399999999999,4.251,0.377125000000001,21.2131256214782,2.79934431035424,1314012371.28125,3678373055.28125,93111967.828125,4223035.25,1009.0625,7653420.75,489.818928,0.0402234313847512,0.0728970577255438,10.3905904514418,"E1","unpinned"
"E1_AD_Stan_tape_chunked_N50000_chunks10_chains48_tpc1_unpinned","HPC","AD_Stan_tape_chunked",50000,10,48,1,2,10,2.697,9.93300000000001,0.904500000000001,53.0679933665008,1.32901265672717,2766659112.31771,3676924977.11979,78966583.203125,4573792.8046875,854.458333333333,21046693.3723958,1346.98837583333,0.0437315574955702,0.20123445040258,71.481970193477,"E1","unpinned"
"E1_AD_Stan_tape_chunked_N50000_chunks10_chains96_tpc1_unpinned","HPC","AD_Stan_tape_chunked",50000,10,96,1,2,10,4.995,19.997,1.87525,51.1931742434342,0.641123768573416,5734797909.53125,3676715247.76562,66900299.8632812,6783648.19010417,3707.83203125,30846693.4648438,1974.18838175,0.0648939629152364,0.295086673964809,101.064969816291,"E1","unpinned"
"E1_AD_Stan_tape_chunked_N50000_chunks10_chains180_tpc1_unpinned","HPC","AD_Stan_tape_chunked",50000,10,180,1,2,10,9.63800000000001,39.08,3.68025,48.9097208070104,0.322125758558437,11413474136.2924,3676574013.94028,66634330.275,8174268.34166667,2140.94513888889,30788106.4861111,1970.43881511111,0.0774086900339564,0.291557224708125,96.3736123143809,"E1","unpinned"
"E1_AD_Stan_tape_chunked_N50000_chunks50_chains1_tpc1_unpinned","HPC","AD_Stan_tape_chunked",50000,50,1,1,2,10,1.00099999999999,3.605,0.325500000000001,3.07219662058371,3.01884888969126,1232613850.5,3721074954,95829077.875,7844723.375,3520,2065508.125,132.19252,0.0741868117333984,0.0195333162277605,0.406121413210444,"E1","unpinned"
"E1_AD_Stan_tape_chunked_N50000_chunks50_chains8_tpc1_unpinned","HPC","AD_Stan_tape_chunked",50000,50,8,1,2,10,1.137,3.843,0.33825,23.6511456023651,3.15688575899754,1177917483.01562,3718550927.40625,95253950.953125,7399934.71875,3202.6875,1413474.828125,90.462389,0.0711049742799779,0.0135818889110689,2.13953913377679,"E1","unpinned"
"E1_AD_Stan_tape_chunked_N50000_chunks50_chains48_tpc1_unpinned","HPC","AD_Stan_tape_chunked",50000,50,48,1,2,10,2.113,7.11,0.624625,76.8461076645988,2.12355547567143,1750418918.89583,3717111679.9401,88860612.3151042,5430020.73697917,1065.93229166667,9668326.890625,618.772921,0.0522318140196323,0.0930004278976426,47.5502905071043,"E1","unpinned"
"E1_AD_Stan_tape_chunked_N50000_chunks50_chains96_tpc1_unpinned","HPC","AD_Stan_tape_chunked",50000,50,96,1,2,10,4.152,15.949,1.474625,65.1012969399,0.864994176991075,4297127264.32682,3716990061.43229,77788800.7460938,5177648.02083333,1736.6328125,21412697.6692708,1370.41265083333,0.0496034126997199,0.205140031773002,89.2156409120963,"E1","unpinned"
"E1_AD_Stan_tape_chunked_N50000_chunks50_chains180_tpc1_unpinned","HPC","AD_Stan_tape_chunked",50000,50,180,1,2,10,8.801,35.14,3.292375,54.6717794904894,0.36845680733033,10087153213.8972,3716680268.24444,78923469.1104167,5044009.53541667,1787.1375,23981497.2819444,1534.81582604444,0.0467250938501153,0.222152179391663,83.9111124000152,"E1","unpinned"
"E1_AD_Stan_tape_chunked_N50000_chunks250_chains1_tpc1_unpinned","HPC","AD_Stan_tape_chunked",50000,250,1,1,2,10,1.01600000000001,3.70399999999999,0.335999999999998,2.9761904761905,3.05507157258499,1268126947.75,3874218588.5,76909726.5,11948404.25,-802.875,1757425.375,112.475224,0.131859369710307,0.019394472886235,0.334747690476193,"E1","unpinned"
"E1_AD_Stan_tape_chunked_N50000_chunks250_chains8_tpc1_unpinned","HPC","AD_Stan_tape_chunked",50000,250,8,1,2,10,1.17,4.004,0.35425,22.5829216654905,3.15310673428847,1229711146.95312,3877410498.6875,77500074.8125,11513006.5625,684.140625,953523.0625,61.025476,0.12796880671248,0.0105985528470383,1.37813354410727,"E1","unpinned"
"E1_AD_Stan_tape_chunked_N50000_chunks250_chains48_tpc1_unpinned","HPC","AD_Stan_tape_chunked",50000,250,48,1,2,10,1.812,5.723,0.488875,98.184607517259,3.12112167020162,1242107474.96354,3876768556.82812,77513706.4479167,11439661.3567708,-1828.72395833333,1187674.67447917,76.0111791666667,0.126911039936931,0.0131760043714664,7.46312779340322,"E1","unpinned"
"E1_AD_Stan_tape_chunked_N50000_chunks250_chains96_tpc1_unpinned","HPC","AD_Stan_tape_chunked",50000,250,96,1,2,10,2.747,8.872,0.765625,125.387755102041,2.79249244140989,1388251544.52604,3876681944.86458,78129286.8242188,11081603.1054688,5205.31380208333,2572699.01692708,164.652737083333,0.120729367835782,0.0280284651046619,20.6454370742857,"E1","unpinned"
"E1_AD_Stan_tape_chunked_N50000_chunks250_chains180_tpc1_unpinned","HPC","AD_Stan_tape_chunked",50000,250,180,1,2,10,5.73,20.272,1.81775,99.0235180855453,0.990567867102821,3913281353.42778,3876370763.63819,84728880.9,10508600.9493056,1752.65694444444,13361774.5111111,855.153568711111,0.0967633822594193,0.123035454569074,84.6803148771833,"E1","unpinned"
"E1_AD_Stan_tape_chunked_N50000_chunks500_chains1_tpc1_unpinned","HPC","AD_Stan_tape_chunked",50000,500,1,1,2,10,1.06400000000001,3.914,0.356249999999999,2.80701754385966,2.99637018909582,1343032152,4024221503.25,75199564.375,12882082.125,3538.5,1680140.375,107.528984,0.143508443501812,0.0187170309691533,0.301835744561405,"E1","unpinned"
"E1_AD_Stan_tape_chunked_N50000_chunks500_chains8_tpc1_unpinned","HPC","AD_Stan_tape_chunked",50000,500,8,1,2,10,1.199,4.194,0.374375,21.3689482470785,3.09414356237267,1303286435.8125,4032555335.29688,75842261.5625,12295425.484375,1373.65625,925709.015625,59.245377,0.138050382022001,0.010393660911584,1.26601139499165,"E1","unpinned"
"E1_AD_Stan_tape_chunked_N50000_chunks500_chains48_tpc1_unpinned","HPC","AD_Stan_tape_chunked",50000,500,48,1,2,10,1.837,5.892,0.506875,94.6979038224414,3.0741139803949,1311684309.8776,4032267074.85938,75372340.5364583,12296822.3411458,-1370.703125,1031092.53125,65.989922,0.138635591438858,0.0116246391898928,6.24910728680641,"E1","unpinned"
"E1_AD_Stan_tape_chunked_N50000_chunks500_chains96_tpc1_unpinned","HPC","AD_Stan_tape_chunked",50000,500,96,1,2,10,2.745,8.857,0.764,125.65445026178,2.8771969756948,1401386144.20573,4032063975.88932,75999295.3398438,13009883.15625,8810.93229166667,1205618.52994792,77.1595859166667,0.144195997595864,0.0133625617200399,9.69544535078534,"E1","unpinned"
"E1_AD_Stan_tape_chunked_N50000_chunks500_chains180_tpc1_unpinned","HPC","AD_Stan_tape_chunked",50000,500,180,1,2,10,4.80300000000001,15.47,1.333375,134.995781381832,1.88282227835322,2141454115.86042,4031977517.41319,86253663.9854167,16558005.5881944,2357.55694444444,2197826.96041667,140.660925466667,0.157677490141734,0.0209293224983218,18.9886315432643,"E1","unpinned"
"E1_AD_Stan_N10000_chunks1_chains1_tpc1_unpinned","HPC","AD_Stan",10000,1,1,1,2,30,0.239000000000001,1.821,0.0565,17.6991150442478,2.50116099619938,204003728.607143,510246169.071429,15376655.7857143,425778.642857143,5086.89285714286,2587565.39285714,165.604185142857,0.0231463243131374,0.140666115525709,2.93104752465234,"E1","unpinned"
"E1_AD_Stan_N10000_chunks1_chains8_tpc1_unpinned","HPC","AD_Stan",10000,1,8,1,2,30,0.295000000000002,2.141,0.0659285714285714,121.343445287107,2.3861027387382,214853619.357143,512662809.575893,15588528.375,409943.589285714,11.3571428571429,2468820.16517857,158.004490571429,0.0221983458268834,0.133686012523107,19.1728092567714,"E1","unpinned"
"E1_AD_Stan_N10000_chunks1_chains48_tpc1_unpinned","HPC","AD_Stan",10000,1,48,1,2,30,0.760000000000002,6.233,0.195464285714286,245.569157683172,0.968602923176324,529066321.721726,512455185.773809,12526180.2790179,877567.446428571,124.105654761905,5027909.68675595,321.786219952381,0.0476116454385249,0.272784791957565,79.0207709877581,"E1","unpinned"
"E1_AD_Stan_N10000_chunks1_chains96_tpc1_unpinned","HPC","AD_Stan",10000,1,96,1,2,30,1.578,12.5,0.390071428571429,246.10877128731,0.47221372667444,1084589412.22768,512158008.259673,10140247.7719494,1543302.26004464,90.2790178571428,6718770.98177083,430.001342833333,0.0838641325579932,0.365102750659957,105.827102136605,"E1","unpinned"
"E1_AD_Stan_N10000_chunks1_chains180_tpc1_unpinned","HPC","AD_Stan",10000,1,180,1,2,30,3.081,24.238,0.755607142857143,238.219029162925,0.221588541999582,2311036003.8631,512099098.604563,9288722.20595238,1988674.42242063,88.0083333333333,7233642.75039683,462.953136025397,0.107431296907727,0.390772674139585,110.284246611902,"E1","unpinned"
"E1_AD_Stan_tape_chunked_N10000_chunks4_chains1_tpc1_unpinned","HPC","AD_Stan_tape_chunked",10000,4,1,1,2,30,0.216999999999999,2.162,0.0694642857142857,14.3958868894601,2.90535560276034,252474107.785714,733527063.607143,18892540.0714286,1014754.03571429,2765.53571428571,1120408.10714286,71.7061188571429,0.0482516151222688,0.0532754725411591,1.03227317634961,"E1","unpinned"
"E1_AD_Stan_tape_chunked_N10000_chunks4_chains8_tpc1_unpinned","HPC","AD_Stan_tape_chunked",10000,4,8,1,2,30,0.292999999999999,2.486,0.0783214285714286,102.143182854537,2.82196974202445,261143602.839286,736939345.535714,18821666.125,951571.3125,755.651785714286,1295588.32142857,82.9176525714286,0.0451632756223675,0.0614909378678847,8.46947294847241,"E1","unpinned"
"E1_AD_Stan_tape_chunked_N10000_chunks4_chains48_tpc1_unpinned","HPC","AD_Stan_tape_chunked",10000,4,48,1,2,30,0.576999999999998,5.807,0.186785714285714,256.97896749522,1.38778863846254,531127172.571429,737092255.673363,16336665.2589286,833450.205357143,1855.43824404762,3794593.41517857,242.853978571429,0.0397513962100701,0.180983081332675,62.4083646653919,"E1","unpinned"
"E1_AD_Stan_tape_chunked_N10000_chunks4_chains96_tpc1_unpinned","HPC","AD_Stan_tape_chunked",10000,4,96,1,2,30,1.129,11.611,0.374357142857143,256.439610761305,0.682972415693005,1079301759.91034,737133330.227679,13842856.906622,1405084.73549107,1845.40959821429,5671496.26041667,362.975760666667,0.0671605424260256,0.271087398215621,93.0813627811486,"E1","unpinned"
"E1_AD_Stan_tape_chunked_N10000_chunks4_chains180_tpc1_unpinned","HPC","AD_Stan_tape_chunked",10000,4,180,1,2,30,2.04,22.163,0.718678571428571,250.459673010982,0.336109455140081,2192115537.02202,736790758.752579,14409481.5047619,1577310.04107143,1086.47678571429,5562203.23670635,355.981007149206,0.0731927653585472,0.258105905484668,89.1588866487104,"E1","unpinned"
"E1_AD_Stan_tape_chunked_N10000_chunks25_chains1_tpc1_unpinned","HPC","AD_Stan_tape_chunked",10000,25,1,1,2,30,0.198999999999998,2.022,0.0651071428571429,15.3592978606692,3.19679896955046,236432289.25,755826498.642857,16928885.6428571,1898509.57142857,-162.678571428571,116207.75,7.437296,0.100219893683213,0.00613445859079964,0.114231644541964,"E1","unpinned"
"E1_AD_Stan_tape_chunked_N10000_chunks25_chains8_tpc1_unpinned","HPC","AD_Stan_tape_chunked",10000,25,8,1,2,30,0.247,2.267,0.0721428571428571,110.891089108911,3.14650928439721,241588266.415179,760159723.276786,17124134.1830357,1896232.13392857,-436.839285714286,147163.026785714,9.41843371428572,0.0989316524395608,0.0076779003780275,1.04442037227723,"E1","unpinned"
"E1_AD_Stan_tape_chunked_N10000_chunks25_chains48_tpc1_unpinned","HPC","AD_Stan_tape_chunked",10000,25,48,1,2,30,0.378999999999998,3.446,0.109535714285714,438.213237691555,3.00010449695251,253342551.325149,760054127.5,16938182.1063988,1766102.30580357,1548.93526785714,449362.722470238,28.7592142380952,0.0921996464747781,0.0234590510496213,12.6026683847408,"E1","unpinned"
"E1_AD_Stan_tape_chunked_N10000_chunks25_chains96_tpc1_unpinned","HPC","AD_Stan_tape_chunked",10000,25,96,1,2,30,0.699999999999999,5.967,0.188107142857143,510.347446364154,2.03713249942613,373009976.834449,759870746.419643,16247128.9043899,1627736.68005952,3021.31101190476,1600249.93563988,102.415995880952,0.0835673706460712,0.0821562118346312,52.2677419646858,"E1","unpinned"
"E1_AD_Stan_tape_chunked_N10000_chunks25_chains180_tpc1_unpinned","HPC","AD_Stan_tape_chunked",10000,25,180,1,2,30,1.489,15.496,0.50025,359.820089955023,0.560653524435347,1355275630.84623,759840059.015278,16786100.1886905,1424453.07916667,1490.0498015873,3538445.07281746,226.460484660317,0.0654906250192702,0.162683476770426,81.4850319617334,"E1","unpinned"
"E1_AD_Stan_tape_chunked_N10000_chunks100_chains1_tpc1_unpinned","HPC","AD_Stan_tape_chunked",10000,100,1,1,2,30,0.209,2.235,0.0723571428571429,13.8203356367226,3.1120717809217,262982496.642857,818420406.678571,15549248.8571429,2109644.67857143,-194.857142857143,96927.75,6.203376,0.118815558947371,0.00545898790954674,0.0857327384007897,"E1","unpinned"
"E1_AD_Stan_tape_chunked_N10000_chunks100_chains8_tpc1_unpinned","HPC","AD_Stan_tape_chunked",10000,100,8,1,2,30,0.244,2.453,0.0788928571428571,101.403349932096,3.10540364231298,265538822.245536,824605225.776786,15519537.0625,2166637.92410714,283.714285714286,117419.285714286,7.51483428571429,0.121694718742567,0.00659515223608102,0.762029370755998,"E1","unpinned"
"E1_AD_Stan_tape_chunked_N10000_chunks100_chains48_tpc1_unpinned","HPC","AD_Stan_tape_chunked",10000,100,48,1,2,30,0.393999999999998,3.547,0.112607142857143,426.260704091341,3.07255890670436,268428236.244048,824761568.082589,15507995.5133929,2129340.44791667,634.111607142857,173535.600446429,11.1062784285714,0.11954859330624,0.00974289336504264,4.73417006279733,"E1","unpinned"
"E1_AD_Stan_tape_chunked_N10000_chunks100_chains96_tpc1_unpinned","HPC","AD_Stan_tape_chunked",10000,100,96,1,2,30,0.646999999999998,5.158,0.161107142857143,595.876745732653,2.90898806469476,283483643.553199,824650535.63244,15594287.8954613,2248509.70238095,4660.86160714286,198791.110491071,12.7226310714286,0.124597063432298,0.0110156467536721,7.58112,"E1","unpinned"
"E1_AD_Stan_tape_chunked_N10000_chunks100_chains180_tpc1_unpinned","HPC","AD_Stan_tape_chunked",10000,100,180,1,2,30,1.094,8.828,0.276214285714286,651.66795965865,1.94925760681559,422985461.994444,824507629.365079,17533688.6065476,3125905.77777778,830.210714285714,251763.05218254,16.1128353396825,0.149477703170524,0.0120390585829494,10.5002185301267,"E1","unpinned"
"E2_MD_BayesMVP_N50000_chunks1_chains8_tpc1_spread8CCD","HPC","MD_BayesMVP",50000,1,8,1,2,20,0.590999999999994,5.31400000000001,0.26238888888889,30.4890959136141,0.86078185302665,926659129.229167,797651362.381944,221064892.736111,14023881.9444444,760.368055555556,16613249.1944444,1063.24794844444,0.05571603820998,0.0660034383187511,32.4174686800761,"E2","spread8CCD"
"E2_MD_BayesMVP_N50000_chunks25_chains8_tpc1_spread8CCD","HPC","MD_BayesMVP",50000,25,8,1,2,20,0.605000000000004,3.99000000000001,0.188055555555556,42.5406203840472,1.21004118066805,688044562.222222,832562254.423611,223834582.430556,11954718.375,14700.25,677694.555555556,43.3724515555555,0.0505524046760019,0.00286573789064,1.84509099675037,"E2","spread8CCD"
"E2_MD_BayesMVP_N50000_chunks500_chains8_tpc1_spread8CCD","HPC","MD_BayesMVP",50000,500,8,1,2,20,0.727000000000004,3.982,0.180833333333333,44.2396313364056,2.17212481331968,659647204.979167,1432836061.97222,83383415.375,657371.666666667,230832.736111111,488005.659722222,31.2323622222222,0.00775571698522192,0.00575752496785238,1.38170819047619,"E2","spread8CCD"
"E2_AD_Stan_N50000_chunks1_chains8_tpc1_spread8CCD","HPC","AD_Stan",50000,1,8,1,2,10,1.749,4.11,0.295125,27.1071579839051,2.33100246258997,1097289058.53125,2557783497.60938,78463756.828125,678277.609375,-4114.78125,12971978.234375,830.206607,0.007363786356385,0.140831534193844,22.5045416552308,"E2","spread8CCD"
"E2_AD_Stan_tape_chunked_N50000_chunks10_chains8_tpc1_spread8CCD","HPC","AD_Stan_tape_chunked",50000,10,8,1,2,10,1.26000000000001,4.23699999999999,0.372124999999998,21.4981525025195,2.79150611288138,1317669513.375,3678282501.34375,93267842.421875,4265480.90625,308.203125,7576589.171875,484.901707,0.0405810289210361,0.0720823257832789,10.424490845818,"E2","spread8CCD"
"E2_AD_Stan_tape_chunked_N50000_chunks250_chains8_tpc1_spread8CCD","HPC","AD_Stan_tape_chunked",50000,250,8,1,2,10,1.18299999999999,4.00800000000001,0.353125000000002,22.654867256637,3.13204239024028,1237996742.34375,3877458276,77893013.234375,11484510.6875,1581.890625,942714.90625,60.333754,0.127151009535793,0.0104372885615923,1.36685318796459,"E2","spread8CCD"
"E3_MD_BayesMVP_WCP_N50000_chunks8_chains1_tpc8_spread8CCD","HPC","MD_BayesMVP_WCP",50000,8,1,8,2,20,0.178000000000004,0.929000000000002,0.0417222222222221,23.9680426098536,0.932510945887276,1197995999.44444,1117144382.61111,231025749.611111,20621502.1111111,907149.833333333,698715.055555556,44.7177635555555,0.0814264495026016,0.00275895935617837,1.07179726231691,"E3","spread8CCD"
"E3_MD_BayesMVP_WCP_N50000_chunks200_chains1_tpc8_spread8CCD","HPC","MD_BayesMVP_WCP",50000,200,1,8,2,20,0.149999999999999,0.945999999999998,0.0442222222222222,22.6130653266332,1.32217115088741,1258426811.66667,1663855625.88889,135335816.888889,943231.055555556,951694.888888889,241937.388888889,15.4839928888889,0.00686122547426033,0.00175989431862244,0.350140542713568,"E3","spread8CCD"
"E3_AD_Stan_WCP_N50000_chunks8_chains1_tpc8_spread8CCD","HPC","AD_Stan_WCP",50000,8,1,8,2,10,0.525999999999996,1.11600000000001,0.0737500000000018,13.559322033898,2.64205675585342,1393329898.75,3681256672.125,90451049.375,3536739.5,74930.625,11774744.375,753.58364,0.033416706811655,0.111253085097604,10.218083254237,"E3","spread8CCD"
"E3_AD_Stan_WCP_N50000_chunks250_chains1_tpc8_spread8CCD","HPC","AD_Stan_WCP",50000,250,1,8,2,10,0.555999999999997,1.158,0.0752500000000004,13.2890365448504,2.88220150906626,1348025302.5,3885280561.125,77992960.75,11712392.125,162722.625,1457776.25,93.29768,0.128248375466151,0.0159623613912804,1.23983627906976,"E3","spread8CCD"
"E3_MD_BayesMVP_WCP_N10000_chunks8_chains1_tpc8_spread8CCD","HPC","MD_BayesMVP_WCP",10000,8,1,8,2,50,0.0340000000000025,0.739000000000001,0.0146875,68.0851063829789,0.99198892357041,334476794.75,331797275.583333,39393670.8125,2039455.10416667,203655.583333333,45925.5416666667,2.93923466666667,0.0489280867033899,0.00110178884544996,0.200118104964539,"E3","spread8CCD"
"E3_MD_BayesMVP_WCP_N10000_chunks100_chains1_tpc8_spread8CCD","HPC","MD_BayesMVP_WCP",10000,100,1,8,2,50,0.0370000000000026,0.721,0.0142499999999999,70.1754385964915,1.35924918985791,325677593.166667,442677004.666667,18264181.9583333,144466.541666667,237440.625,14056.1458333333,0.899593333333333,0.00774198376110579,0.000753270975617952,0.0631293567251464,"E3","spread8CCD"
"E3_AD_Stan_WCP_N10000_chunks8_chains1_tpc8_spread8CCD","HPC","AD_Stan_WCP",10000,8,1,8,2,30,0.128,0.764000000000003,0.0227142857142858,44.0251572327042,2.68081802918352,275760680.464286,739264203.928571,19083301.4642857,1286482.64285714,35045.3214285714,546049.285714286,34.9471542857143,0.0614047105327345,0.0260633118620439,1.53855396226414,"E3","spread8CCD"
"E3_AD_Stan_WCP_N10000_chunks100_chains1_tpc8_spread8CCD","HPC","AD_Stan_WCP",10000,100,1,8,2,30,0.111000000000001,0.651999999999997,0.0193214285714284,51.7560073937157,2.67358717448045,307554333.285714,822273320.928571,15717265.3928571,2139268.71428571,56558.4285714286,65835.8571428571,4.21349485714286,0.118987554071111,0.00366183432651153,0.218073670979669,"E3","spread8CCD"
"E4_MD_BayesMVP_N50000_chunks1_chains16_tpc1_SMT_oneCCD","HPC","MD_BayesMVP",50000,1,16,1,2,20,8.32599999999999,70.347,3.44561111111111,4.64358846197256,0.0631464084231625,12625963095.7257,797284222.378472,227086723.972222,5191898.29861111,33.1111111111111,20581564.3159722,1317.22011622222,0.0205326812766899,0.0813950266299709,6.11662813356766,"E4","SMT_oneCCD"
"E4_MD_BayesMVP_N50000_chunks25_chains16_tpc1_SMT_oneCCD","HPC","MD_BayesMVP",50000,25,16,1,2,20,1.238,10.246,0.500444444444444,31.9715808170515,0.465199266019373,1789079002.98264,832278239.038194,231353186.197917,13610072.0243056,4.58680555555556,8781527.87847222,562.017784222222,0.0536368529475235,0.0346077168901849,17.968597008881,"E4","SMT_oneCCD"
"E4_MD_BayesMVP_N50000_chunks500_chains16_tpc1_SMT_oneCCD","HPC","MD_BayesMVP",50000,500,16,1,2,20,0.864999999999995,6.44799999999999,0.310166666666666,51.5851692638367,1.28814014774911,1112452848.60069,1432995176.76042,146397119.746528,936770.951388889,2.95486111111111,1671971.625,107.006184,0.00628680588943632,0.0112208443733614,5.51993211391725,"E4","SMT_oneCCD"
"E4_AD_Stan_N50000_chunks1_chains16_tpc1_SMT_oneCCD","HPC","AD_Stan",50000,1,16,1,2,10,5.107,21.271,2.0205,7.91883197228409,0.359629302406262,7108806755.02344,2556535214.25,87114633.078125,337493,23.9453125,5456570.2421875,349.2204955,0.00363252231905801,0.0587304423802978,2.76541842514229,"E4","SMT_oneCCD"
"E4_AD_Stan_tape_chunked_N50000_chunks250_chains16_tpc1_SMT_oneCCD","HPC","AD_Stan_tape_chunked",50000,250,16,1,2,10,2.16300000000001,8.83999999999999,0.834624999999997,19.1702860566123,1.40178062917841,2766913618.61719,3878605913.1875,92226181.8359375,7377802.765625,8.3671875,10683956.71875,683.77323,0.066895819412093,0.096873291678945,13.1081284169538,"E4","SMT_oneCCD"
"E5_MD_BayesMVP_N50000_chunks1_chains8_tpc1_unpinned","HPC","MD_BayesMVP",50000,1,8,1,2,20,0.695999999999998,5.34599999999999,0.258333333333333,30.9677419354839,0.858387384565156,929113453.756944,797539267.534722,220771539.145833,13966102.0902778,1916.64583333333,16918099.5208333,1082.75836933333,0.0554964320752817,0.0672266431128536,33.5305817600001,"E5","unpinned"
"E5_MD_BayesMVP_N50000_chunks1_chains48_tpc1_unpinned","HPC","MD_BayesMVP",50000,1,48,1,2,20,5.71599999999999,24.067,1.0195,47.0819028935753,0.243134727297981,3281515681.08796,797850420.24537,177372124.243056,25754910.3993056,858.796296296296,47846576.6122685,3062.18090318518,0.102619642524116,0.190643202085694,144.173303926325,"E5","unpinned"
"E5_MD_BayesMVP_N50000_chunks1_chains96_tpc1_unpinned","HPC","MD_BayesMVP",50000,1,96,1,2,20,11.969,60.901,2.71844444444444,35.3143137415188,0.0858417753254776,9287247950.42014,797233851.951968,122873847.004051,44352383.4091435,714.638310185185,84155785.6597222,5385.97028222222,0.176433692496136,0.334771547041532,190.201844348892,"E5","unpinned"
"E5_MD_BayesMVP_N50000_chunks1_chains180_tpc1_unpinned","HPC","MD_BayesMVP",50000,1,180,1,2,20,15.245,135.759,6.69522222222222,26.8848432547256,0.0335068637582547,23795542013.2923,797313984.29321,125528147.228395,37313897.3537037,1256.04197530864,89571641.4083333,5732.58505013333,0.147827608988825,0.354858712749395,154.119650517218,"E5","unpinned"
"E5_MD_BayesMVP_N50000_chunks25_chains8_tpc1_unpinned","HPC","MD_BayesMVP",50000,25,8,1,2,20,0.439999999999998,3.923,0.1935,41.343669250646,1.21640708633651,684321687.8125,832413750.388889,224564422.6875,11778526.7361111,16624.7361111111,665733.583333333,42.6069493333333,0.0496931186305198,0.00280870253759997,1.76152762101636,"E5","unpinned"
"E5_MD_BayesMVP_N50000_chunks25_chains48_tpc1_unpinned","HPC","MD_BayesMVP",50000,25,48,1,2,20,0.797000000000011,5.03200000000001,0.235277777777778,204.014167650531,1.1651508710743,714278227.24537,832241898.664352,222906351.313657,11772825.6747685,49027.7268518519,1794793.85069444,114.866806444444,0.0497745493932793,0.00758824241860705,23.434455907438,"E5","unpinned"
"E5_MD_BayesMVP_N50000_chunks25_chains96_tpc1_unpinned","HPC","MD_BayesMVP",50000,25,96,1,2,20,1.574,8.76000000000001,0.399222222222223,240.467575841914,1.00707225015807,826536293.736111,832381765.170139,224051117.813079,11393476.4224537,27139.6597222222,2900275.95717593,185.617661259259,0.0477970397174865,0.0121670155777577,44.6350290364597,"E5","unpinned"
"E5_MD_BayesMVP_N50000_chunks25_chains180_tpc1_unpinned","HPC","MD_BayesMVP",50000,25,180,1,2,20,3.105,19.284,0.898833333333333,200.259595772297,0.369861135116157,2249730723.72191,832087959.181481,225766695.521914,15743768.6811728,10776.3145061728,9255758.4058642,592.368537975309,0.0627799548952184,0.036908322715391,118.627483963162,"E5","unpinned"
"E5_MD_BayesMVP_N50000_chunks100_chains8_tpc1_unpinned","HPC","MD_BayesMVP",50000,100,8,1,2,20,0.396000000000001,3.521,0.173611111111111,46.08,1.62900956401652,596176827.805556,971177754.340278,154478224.173611,3958364.02083333,8160.71527777778,519030.027777778,33.2179217777778,0.0249010437930621,0.00326508360110038,1.53068183552,"E5","unpinned"
"E5_MD_BayesMVP_N50000_chunks100_chains48_tpc1_unpinned","HPC","MD_BayesMVP",50000,100,48,1,2,20,0.734000000000009,4.361,0.201499999999999,238.213399503723,1.59799787100275,609536923.550926,974038706.131945,153956705.050926,3534778.90740741,1906.98842592593,1421144.85532407,90.9532707407407,0.0222432698781546,0.00894282482185272,21.6662878191343,"E5","unpinned"
"E5_MD_BayesMVP_N50000_chunks100_chains96_tpc1_unpinned","HPC","MD_BayesMVP",50000,100,96,1,2,20,1.48399999999999,7.38800000000001,0.328000000000001,292.682926829267,1.49910950856164,650046989.456597,974491622.90625,156270367.899884,3809736.97106481,1314.56423611111,1550984.91030093,99.2630342592593,0.0235703786409164,0.00959575474102164,29.0525953929538,"E5","unpinned"
"E5_MD_BayesMVP_N50000_chunks100_chains180_tpc1_unpinned","HPC","MD_BayesMVP",50000,100,180,1,2,20,2.36699999999999,11.476,0.506055555555556,355.692172576572,0.950701222845745,1024992658.78241,974461774.112346,179759468.883333,7444153.80524691,1182.88888888889,1565103.15709877,100.166602054321,0.0394350659760833,0.00829106274188796,35.6284763043144,"E5","unpinned"
"E5_MD_BayesMVP_N50000_chunks500_chains8_tpc1_unpinned","HPC","MD_BayesMVP",50000,500,8,1,2,20,0.439999999999998,3.976,0.196444444444445,40.7239819004525,2.16453533460035,662307115.736111,1433587154.36806,83329496.3194444,648113.944444444,257665.361111111,469991.569444444,30.0794604444444,0.00765140074414348,0.0055485518788998,1.22495540271493,"E5","unpinned"
"E5_MD_BayesMVP_N50000_chunks500_chains48_tpc1_unpinned","HPC","MD_BayesMVP",50000,500,48,1,2,20,0.811000000000007,5.107,0.238666666666666,201.117318435755,2.16809686886927,661131777.923611,1433397737.62616,82819352.2777778,326612.583333333,90851.8263888889,1188811.3912037,76.083929037037,0.00386864262388261,0.0140811672741773,15.3017957839851,"E5","unpinned"
"E5_MD_BayesMVP_N50000_chunks500_chains96_tpc1_unpinned","HPC","MD_BayesMVP",50000,500,96,1,2,20,1.50099999999999,7.589,0.338222222222223,283.837056504599,2.03826654932782,703242010.477431,1433394666.03819,85084231.2575231,284195.368634259,34091.3165509259,1531717.19907407,98.0299007407407,0.00326908459217201,0.0176192635338192,27.8245184756898,"E5","unpinned"
"E5_MD_BayesMVP_N50000_chunks500_chains180_tpc1_unpinned","HPC","MD_BayesMVP",50000,500,180,1,2,20,2.40600000000001,11.627,0.512277777777777,351.371868560894,1.3480645357091,1063390694.85772,1433519283.34074,132448990.487963,657216.138271605,43851.4240740741,1732230.99074074,110.862783407407,0.00487251619871006,0.0128425385056563,38.9540633597224,"E5","unpinned"
"E5_AD_Stan_N50000_chunks1_chains8_tpc1_unpinned","HPC","AD_Stan",50000,1,8,1,2,10,1.541,4.07300000000001,0.316500000000001,25.2764612954185,2.34397264663798,1090923187.03125,2557094109.98438,78086624.953125,678268.828125,137.359375,12983411.96875,830.938366,0.00739270122890721,0.141510978592544,21.0031814470773,"E5","unpinned"
"E5_AD_Stan_N50000_chunks1_chains48_tpc1_unpinned","HPC","AD_Stan",50000,1,48,1,2,10,4.12,12.729,1.076125,44.6044836798699,0.785950687524201,3251633526.22135,2555623605.51042,52936864.9192708,4224498.48958333,375.427083333333,34486281.1927083,2207.12199633333,0.0460948145771497,0.376290520863726,98.4475370649321,"E5","unpinned"
"E5_AD_Stan_N50000_chunks1_chains96_tpc1_unpinned","HPC","AD_Stan",50000,1,96,1,2,10,7.941,25.882,2.242625,42.806978429296,0.368032514344098,6943043668.17969,2555265818.40104,36677216.6184896,5764110.06640625,842.86328125,49291080.1731771,3154.62913108333,0.0628355594499826,0.537330578856652,135.040141166713,"E5","unpinned"
"E5_AD_Stan_N50000_chunks1_chains180_tpc1_unpinned","HPC","AD_Stan",50000,1,180,1,2,10,15.232,51.348,4.5145,39.8715250858345,0.177700283795505,14378434543.4896,2555051898.91319,36425239.9847222,3245210.30208333,329.306944444444,52502186.7875,3360.1399544,0.0352078318566894,0.569605046346649,133.973904483775,"E5","unpinned"
"E5_AD_Stan_tape_chunked_N50000_chunks10_chains8_tpc1_unpinned","HPC","AD_Stan_tape_chunked",50000,10,8,1,2,10,1.246,4.256,0.37625,21.2624584717608,2.83057536724992,1299492319.26562,3678310948.84375,93652493.359375,4398341.46875,191.484375,6987596.0625,447.206148,0.0418735639262995,0.0665240642394707,9.50870215016611,"E5","unpinned"
"E5_AD_Stan_tape_chunked_N50000_chunks10_chains48_tpc1_unpinned","HPC","AD_Stan_tape_chunked",50000,10,48,1,2,10,2.72799999999999,9.958,0.903750000000001,53.1120331950207,1.33381890235657,2756584707.90365,3676784789.34896,79590476.4166667,4440173.53385417,619.299479166667,20485642.3541667,1311.08111066667,0.0424828237431114,0.19600313518401,69.6341834710926,"E5","unpinned"
"E5_AD_Stan_tape_chunked_N50000_chunks10_chains96_tpc1_unpinned","HPC","AD_Stan_tape_chunked",50000,10,96,1,2,10,5.01599999999999,19.788,1.8465,51.9902518277823,0.649513633859412,5660898359.5026,3676830664.38932,66879810.3632812,6796437.18098958,1694.61067708333,30733996.7252604,1966.97579041667,0.0650925292057561,0.294353280428223,102.263566682914,"E5","unpinned"
"E5_AD_Stan_tape_chunked_N50000_chunks10_chains180_tpc1_unpinned","HPC","AD_Stan_tape_chunked",50000,10,180,1,2,10,9.60299999999999,39.02,3.677125,48.9512866709726,0.322841619150704,11387204719.9576,3676263609.39167,66735615.2756944,8146076.71180556,780.452777777778,30716230.0090278,1965.83872057778,0.0771418258260912,0.290876964362073,96.2303347599007,"E5","unpinned"
"E5_AD_Stan_tape_chunked_N50000_chunks250_chains8_tpc1_unpinned","HPC","AD_Stan_tape_chunked",50000,250,8,1,2,10,1.16600000000001,4.04900000000001,0.360375,22.1990981616372,3.10889594729459,1247257362.125,3877593358.34375,78569306.25,11570582.359375,1818.734375,961415.046875,61.530563,0.127005332591824,0.0105530416702154,1.3659230079778,"E5","unpinned"
"E5_AD_Stan_tape_chunked_N50000_chunks250_chains48_tpc1_unpinned","HPC","AD_Stan_tape_chunked",50000,250,48,1,2,10,1.80200000000001,5.73299999999999,0.491374999999997,97.6850674128726,3.11738010019701,1243561955.96354,3876655294.88281,77777508.6875,11442831.4817708,-983.046875,1185593.36979167,75.8779756666667,0.126573062862964,0.0131142527409948,7.41214516815064,"E5","unpinned"
"E5_AD_Stan_tape_chunked_N50000_chunks250_chains96_tpc1_unpinned","HPC","AD_Stan_tape_chunked",50000,250,96,1,2,10,2.746,8.73899999999999,0.749124999999999,128.149507759052,2.84140634182008,1364309150.19792,3876556671.57552,77830956.1888021,11085065.2669271,5803.33203125,2443724.92708333,156.398395333333,0.121326531734599,0.0267466778748699,20.0423773762724,"E5","unpinned"
"E5_AD_Stan_tape_chunked_N50000_chunks250_chains180_tpc1_unpinned","HPC","AD_Stan_tape_chunked",50000,250,180,1,2,10,5.72499999999999,20.274,1.818625,98.9758746305587,0.973962573262037,3980051705.28194,3876421400.59236,84734484.4631944,10393822.74375,2181.56666666667,13612680.675,871.2115632,0.0955813849867768,0.12518193780836,86.2289264559763,"E5","unpinned"
"E1_MD_BayesMVP_N50000_chunks1_chains1_tpc1_unpinned","Laptop","MD_BayesMVP",50000,1,1,1,2,20,1.01400000000001,9.61600000000001,0.477888888888889,2.09253661939084,1.36915932144932,1119600571.22222,1532911558.38889,208176016.722222,18144565.2222222,0,23018061.3333333,1473.15592533333,0.0727707706422711,0.0923164617836228,3.0826327198326,"E1","unpinned"
"E1_MD_BayesMVP_N50000_chunks1_chains4_tpc1_unpinned","Laptop","MD_BayesMVP",50000,1,4,1,2,20,2.73899999999999,26.237,1.30544444444444,3.0640905608988,0.501204478122752,3064367895.56944,1535874911.875,173311127.569444,15748483.6527778,0,60280042.875,3857.922744,0.0631607664244098,0.241758749097709,11.8210246645672,"E1","unpinned"
"E1_MD_BayesMVP_N50000_chunks1_chains8_tpc1_unpinned","Laptop","MD_BayesMVP",50000,1,8,1,2,20,6.61000000000001,65.462,3.26955555555555,2.44681574118127,0.205363547178773,7486391273.29167,1537431867.45139,169639988.118056,16188877.1319444,0,63668456.2916667,4074.78120266667,0.0648859756566199,0.255186933063062,9.97023878855434,"E1","unpinned"
"E1_MD_BayesMVP_N50000_chunks1_chains16_tpc1_unpinned","Laptop","MD_BayesMVP",50000,1,16,1,2,20,16.475,147.443,7.276,2.19901044529961,0.127290304097167,12088174225.6007,1538707373.15625,178028826.569444,12630280.2638889,0,59309721.5520833,3795.82217933333,0.0505274211407463,0.237268470373578,8.34705262085395,"E1","unpinned"
"E1_MD_BayesMVP_N50000_chunks4_chains1_tpc1_unpinned","Laptop","MD_BayesMVP",50000,4,1,1,2,20,0.861999999999995,8.071,0.4005,2.49687890137328,1.63284794467995,941399235.888889,1537161807.44444,222543001.5,21078370.7222222,0,7343079.5,469.957088,0.0839894677416411,0.0292594407279945,1.17342593757803,"E1","unpinned"
"E1_MD_BayesMVP_N50000_chunks4_chains4_tpc1_unpinned","Laptop","MD_BayesMVP",50000,4,4,1,2,20,1.461,13.483,0.667888888888889,5.9890201297621,0.984033120429765,1565426614.02778,1540431635.80556,208483414,18461924.6388889,0,23760064.3888889,1520.64412088889,0.0736399152787438,0.0947728453473191,9.10716825020795,"E1","unpinned"
"E1_MD_BayesMVP_N50000_chunks4_chains8_tpc1_unpinned","Laptop","MD_BayesMVP",50000,4,8,1,2,20,3.378,32.951,1.64294444444444,4.86930646197545,0.403825514873328,3819726448.36806,1542502999.6875,195768218.708333,17094988.5208333,0,38155837.1597222,2441.97357822222,0.0681023567851254,0.152003754347059,11.8907177244108,"E1","unpinned"
"E1_MD_BayesMVP_N50000_chunks4_chains16_tpc1_unpinned","Laptop","MD_BayesMVP",50000,4,16,1,2,20,9.23999999999999,89.385,4.4525,3.59348680516564,0.18857108276281,8177169166.60069,1541977643.68056,194978673.125,16875153.1145833,0,39288785.6979167,2514.48228466667,0.0671935080406941,0.156440141299853,9.03575891177241,"E1","unpinned"
"E1_MD_BayesMVP_N50000_chunks25_chains1_tpc1_unpinned","Laptop","MD_BayesMVP",50000,25,1,1,2,20,0.72399999999999,6.88300000000001,0.342166666666668,2.92255236239648,1.95494673647543,804718687.944444,1573182172.77778,221043856.277778,14776948.7222222,0,2160360.33333333,138.263061333333,0.0620929337055921,0.00907786265483396,0.404081036531903,"E1","unpinned"
"E1_MD_BayesMVP_N50000_chunks25_chains4_tpc1_unpinned","Laptop","MD_BayesMVP",50000,25,4,1,2,20,0.813000000000002,7.46300000000001,0.369444444444445,10.8270676691729,1.82054862009989,862787391.152778,1570746394.40278,221201497.013889,13269113.75,0,3469677.51388889,222.059360888889,0.0557665700333576,0.0145821354550865,2.40425172691729,"E1","unpinned"
"E1_MD_BayesMVP_N50000_chunks25_chains8_tpc1_unpinned","Laptop","MD_BayesMVP",50000,25,8,1,2,20,1.244,11.157,0.550722222222222,14.5263795016645,1.25386080882117,1253735796.41667,1572010179.74306,220843537.611111,9994450.79166667,0,8259982.34722222,528.638870222222,0.0418006508391358,0.0345464343394986,7.67920884817916,"E1","unpinned"
"E1_MD_BayesMVP_N50000_chunks25_chains16_tpc1_unpinned","Laptop","MD_BayesMVP",50000,25,16,1,2,20,3.673,33.25,1.64316666666667,9.73729587179227,0.493543417225201,3184671265.375,1571773539.05208,225041561.381944,13298299.40625,0,13684945.0173611,875.836481111111,0.0527658353460255,0.0542999923107547,8.52827895188829,"E1","unpinned"
"E1_MD_BayesMVP_N50000_chunks100_chains1_tpc1_unpinned","Laptop","MD_BayesMVP",50000,100,1,1,2,20,0.698999999999998,6.44899999999998,0.319444444444443,3.13043478260871,2.26151416092782,751993905.722222,1700644866.72222,152802521.777778,7502213.44444444,0,1919083.33333333,122.821333333333,0.0462460661525805,0.0118298493428455,0.384484173913045,"E1","unpinned"
"E1_MD_BayesMVP_N50000_chunks100_chains4_tpc1_unpinned","Laptop","MD_BayesMVP",50000,100,4,1,2,20,0.731000000000009,6.747,0.334222222222222,11.968085106383,2.21737202029323,765549635.305556,1697508341.47222,151810687.388889,8282642.66666667,0,2144819.51388889,137.268448888889,0.0510523738630375,0.0132201921655351,1.64284047872341,"E1","unpinned"
"E1_MD_BayesMVP_N50000_chunks100_chains8_tpc1_unpinned","Laptop","MD_BayesMVP",50000,100,8,1,2,20,0.855999999999995,7.42999999999999,0.365222222222222,21.9044721630666,2.08377899894909,809993460.604167,1687847362.49306,153939947.423611,6710785.14583333,0,2641765.72222222,169.073006222222,0.0410967142767746,0.0161781205496875,3.70345495832066,"E1","unpinned"
"E1_MD_BayesMVP_N50000_chunks100_chains16_tpc1_unpinned","Laptop","MD_BayesMVP",50000,100,16,1,2,20,1.71299999999999,13.549,0.657555555555556,24.3325447786414,1.2596431554914,1350126401.70139,1700677480.95139,185879272.479167,9391051.58333333,0,2539701.60416667,162.540902666667,0.0474751042151846,0.0128390944574587,3.95503379249746,"E1","unpinned"
"E1_MD_BayesMVP_N50000_chunks500_chains1_tpc1_unpinned","Laptop","MD_BayesMVP",50000,500,1,1,2,20,0.727000000000004,6.73999999999999,0.334055555555555,2.99351405288542,2.76841145046314,786669103.833333,2177823754.77778,84088875.7222222,703619.611111111,0,1887285.66666667,120.786282666667,0.00811745949278657,0.0217730783914494,0.361575434558457,"E1","unpinned"
"E1_MD_BayesMVP_N50000_chunks500_chains4_tpc1_unpinned","Laptop","MD_BayesMVP",50000,500,4,1,2,20,0.772000000000006,7.054,0.349,11.4613180515759,2.71255523517648,805328571.958333,2184498233.90278,84053170.8055556,1493409.84722222,0,2090688.625,133.804072,0.0170408076327511,0.0238561589404764,1.53357102578797,"E1","unpinned"
"E1_MD_BayesMVP_N50000_chunks500_chains8_tpc1_unpinned","Laptop","MD_BayesMVP",50000,500,8,1,2,20,0.86099999999999,7.521,0.370000000000001,21.6216216216216,2.60557389982653,839262359.145833,2186760098.09722,86548305.3333333,1349509.59722222,0,2368396.19444444,151.577356444444,0.0149503294799139,0.0262379041385121,3.27734824744744,"E1","unpinned"
"E1_MD_BayesMVP_N50000_chunks500_chains16_tpc1_unpinned","Laptop","MD_BayesMVP",50000,500,16,1,2,20,1.747,13.78,0.6685,23.9341810022438,1.5334602262626,1425776625.25347,2186371746.36111,148043264.788194,4774681.99305556,0,2169709.48958333,138.861407333333,0.0308068533194155,0.0139992405962438,3.32353405734231,"E1","unpinned"
"E1_MD_BayesMVP_N10000_chunks1_chains1_tpc1_unpinned","Laptop","MD_BayesMVP",10000,1,1,1,2,50,0.172000000000001,3.982,0.079375,12.5984251968504,1.69445627623264,185989123.229167,315150437.166667,45402515.2708333,4126342.54166667,0,881528.770833333,56.4178413333333,0.0818550069011158,0.017487046431911,0.710775953805774,"E1","unpinned"
"E1_MD_BayesMVP_N10000_chunks1_chains4_tpc1_unpinned","Laptop","MD_BayesMVP",10000,1,4,1,2,50,0.276,6.228,0.124,32.258064516129,1.09262840270579,289566742.375,316388847.197917,43113745.453125,3537874.61458333,0,3767867.96354167,241.143549666667,0.0701687929157583,0.0747303891940819,7.7788241827957,"E1","unpinned"
"E1_MD_BayesMVP_N10000_chunks1_chains8_tpc1_unpinned","Laptop","MD_BayesMVP",10000,1,8,1,2,50,0.600000000000001,14.257,0.284520833333333,28.11744892729,0.478677280030104,662008575.236979,316888464.151042,40655999.8932292,3356333.09895833,0,6405427.58854167,409.947365666667,0.0665704517673719,0.12704704680973,11.5266741170096,"E1","unpinned"
"E1_MD_BayesMVP_N10000_chunks1_chains16_tpc1_unpinned","Laptop","MD_BayesMVP",10000,1,16,1,2,50,1.634,39.634,0.791666666666667,20.2105263157895,0.215213110712529,1473739016.83464,317167958.191406,40405451.3606771,3277386.26171875,0,6848588.94401042,438.309692416667,0.0648583759536602,0.13553128042032,8.85846957305263,"E1","unpinned"
"E1_MD_BayesMVP_N10000_chunks4_chains1_tpc1_unpinned","Laptop","MD_BayesMVP",10000,4,1,1,2,50,0.146999999999998,3.626,0.0724791666666667,13.7970681230239,1.88544933662561,169951282.8125,320434533.4375,44954983.9166667,3974406.3125,0,204519.8125,13.089268,0.0808892740091235,0.00416249820799042,0.180593522276516,"E1","unpinned"
"E1_MD_BayesMVP_N10000_chunks4_chains4_tpc1_unpinned","Laptop","MD_BayesMVP",10000,4,4,1,2,50,0.190999999999999,4.402,0.0877291666666667,45.5948705770601,1.69197915980975,189708059.963542,320982083.90625,45373645.1041667,2871823.625,0,849859.822916667,54.3910286666667,0.0584948448191643,0.0173104009684971,2.47995191260983,"E1","unpinned"
"E1_MD_BayesMVP_N10000_chunks4_chains8_tpc1_unpinned","Laptop","MD_BayesMVP",10000,4,8,1,2,50,0.331,7.587,0.151166666666667,52.9217199558986,0.979305881129439,328133754.539062,321343315.617188,44588630.328125,2562681.63802083,0,2201318.90364583,140.884409833333,0.0519259377434614,0.0446038815935392,7.45584528335171,"E1","unpinned"
"E1_MD_BayesMVP_N10000_chunks4_chains16_tpc1_unpinned","Laptop","MD_BayesMVP",10000,4,16,1,2,50,0.805000000000003,18.768,0.374229166666667,42.7545510215443,0.442580492459117,726045217.747396,321333450.018229,45034800.9427083,2913739.84244792,0,3156075.87630208,201.988856083333,0.0570151980935487,0.0617571578162782,8.63594285319824,"E1","unpinned"
"E1_MD_BayesMVP_N10000_chunks25_chains1_tpc1_unpinned","Laptop","MD_BayesMVP",10000,25,1,1,2,50,0.140000000000001,3.419,0.0683125,14.6386093321135,2.23046283635156,160224422.375,357374619.583333,32674062.6458333,1739947.20833333,0,117583.208333333,7.52532533333333,0.0503871108750801,0.00340509075618131,0.110160297651723,"E1","unpinned"
"E1_MD_BayesMVP_N10000_chunks25_chains4_tpc1_unpinned","Laptop","MD_BayesMVP",10000,25,4,1,2,50,0.151,3.464,0.0690208333333333,57.9535164503471,2.27290663878967,156791446.598958,356372319.880208,30106245.0677083,1699305.09375,0,230560.041666667,14.7558426666667,0.0530434276500971,0.00719688002709444,0.855152970721401,"E1","unpinned"
"E1_MD_BayesMVP_N10000_chunks25_chains8_tpc1_unpinned","Laptop","MD_BayesMVP",10000,25,8,1,2,50,0.220000000000002,3.972,0.0781666666666666,102.345415778252,2.18533594830064,163359667.825521,356995754.601562,29621675.046875,1723235.9765625,0,375663.958333333,24.0424933333333,0.054325496229271,0.0118429113768972,2.46063897654584,"E1","unpinned"
"E1_MD_BayesMVP_N10000_chunks25_chains16_tpc1_unpinned","Laptop","MD_BayesMVP",10000,25,16,1,2,50,0.324999999999999,6.727,0.133375,119.962511715089,1.3124930186269,271741783.597656,356659193.841146,36090425.6236979,1948628.078125,0,428146.796875,27.401395,0.0506568726827667,0.0111301782122017,3.28714016869728,"E1","unpinned"
"E1_MD_BayesMVP_N10000_chunks100_chains1_tpc1_unpinned","Laptop","MD_BayesMVP",10000,100,1,1,2,50,0.144000000000002,3.571,0.0713958333333333,14.0064196089875,2.66081799620597,166534135.291667,443117024.166667,17451326.8333333,564509.104166667,0,95791.5,6.130656,0.0311683257683324,0.00528895044526282,0.0858685404143566,"E1","unpinned"
"E1_MD_BayesMVP_N10000_chunks100_chains4_tpc1_unpinned","Laptop","MD_BayesMVP",10000,100,4,1,2,50,0.148000000000003,3.472,0.0692499999999999,57.7617328519856,2.78549183632354,159751662.395833,444986951.442708,17333204.4375,420228.578125,0,146758.333333333,9.39253333333333,0.023476205920528,0.00819870192850613,0.54252900120337,"E1","unpinned"
"E1_MD_BayesMVP_N10000_chunks100_chains8_tpc1_unpinned","Laptop","MD_BayesMVP",10000,100,8,1,2,50,0.238999999999997,3.731,0.0727500000000001,109.965635738832,2.63744063092053,168840135.098958,445305832.440104,17829290.9401042,467940.494791667,0,289630.328125,18.536341,0.0251758742684927,0.0155825298438077,2.03836052233677,"E1","unpinned"
"E1_MD_BayesMVP_N10000_chunks100_chains16_tpc1_unpinned","Laptop","MD_BayesMVP",10000,100,16,1,2,50,0.344000000000001,7.005,0.138770833333333,115.298003302807,1.53413216028038,290632159.39974,445868142.546875,29956377.1966146,1137313.58723958,0,307000.4375,19.648028,0.0362193806251675,0.0097768687745072,2.26537839723765,"E1","unpinned"
"E3_MD_BayesMVP_WCP_N50000_chunks8_chains1_tpc8_unpinned","Laptop","MD_BayesMVP_WCP",50000,8,1,8,2,20,0.376999999999995,3.319,0.163444444444445,6.11828687967368,0.628337070315145,3038006813.38889,1908892300.72222,215447788.777778,14810294.6666667,0,22320531.3333333,1428.51400533333,0.0586363761623167,0.088370630082722,8.74005849626103,"E3","unpinned"
"E3_MD_BayesMVP_WCP_N50000_chunks200_chains1_tpc8_unpinned","Laptop","MD_BayesMVP_WCP",50000,200,1,8,2,20,0.171999999999997,1.416,0.0691111111111113,14.4694533762058,1.85804450050468,1246736976.77778,2316492783.27778,135272552.888889,4745086.61111111,0,1153718.83333333,73.8380053333333,0.0336122473222014,0.00817247100937554,1.0683955755627,"E3","unpinned"
"E3_AD_Stan_WCP_N50000_chunks8_chains1_tpc8_unpinned","Laptop","AD_Stan_WCP",50000,8,1,8,2,10,1.214,3.15799999999999,0.242999999999999,4.11522633744858,1.01776859739197,3870612989.75,3939388353.625,81088646,4537979.125,0,21483915.25,1374.970576,0.0423672507776759,0.200577041015605,5.65831512757205,"E3","unpinned"
"E3_AD_Stan_WCP_N50000_chunks250_chains1_tpc8_unpinned","Laptop","AD_Stan_WCP",50000,250,1,8,2,10,0.97399999999999,2.27699999999999,0.162875,6.13967766692249,1.73528760019194,2402288141.625,4168660824.25,73151201,6588602.875,0,15588448.125,997.66068,0.069114902841185,0.163523906060923,6.1253149961627,"E3","unpinned"
"E3_MD_BayesMVP_WCP_N10000_chunks8_chains1_tpc8_unpinned","Laptop","MD_BayesMVP_WCP",10000,8,1,8,2,50,0.036999999999999,0.885000000000002,0.0176666666666667,56.6037735849055,1.31599700218902,320838328.916667,422222279.041667,39832997.2708333,2253986.16666667,0,633561.4375,40.547932,0.0527611755248397,0.0148303688390164,2.29516596226414,"E3","unpinned"
"E3_MD_BayesMVP_WCP_N10000_chunks100_chains1_tpc8_unpinned","Laptop","MD_BayesMVP_WCP",10000,100,1,8,2,50,0.0300000000000011,0.821999999999999,0.0165,60.6060606060608,1.81495124454798,303019919.041667,549966379.1875,18691974.2708333,840314.166666667,0,12690.0625,0.812164,0.042993864980034,0.000649274825244755,0.0492220606060607,"E3","unpinned"
"E3_AD_Stan_WCP_N10000_chunks8_chains1_tpc8_unpinned","Laptop","AD_Stan_WCP",10000,8,1,8,2,30,0.217000000000002,1.461,0.0444285714285714,22.508038585209,1.28702968617063,616103093.857143,792942971.535714,17624508.5357143,880974.428571429,0,3257390.5,208.472992,0.0404806116259034,0.149676489427997,4.69231814790998,"E3","unpinned"
"E3_AD_Stan_WCP_N10000_chunks100_chains1_tpc8_unpinned","Laptop","AD_Stan_WCP",10000,100,1,8,2,30,0.176000000000002,1.05,0.0312142857142856,32.0366132723113,2.15229578896217,406639769.607143,875209063.75,15366972.7857143,3153385.92857143,0,517693.535714286,33.1323862857143,0.165635953046165,0.0271925682793672,1.06144944622426,"E3","unpinned"
"E1_AD_Stan_N50000_chunks1_chains1_tpc1_unpinned","Laptop","AD_Stan",50000,1,1,1,2,10,2.30199999999999,7.12300000000002,0.602625000000004,1.65940676208255,2.14782519943367,1413318172.75,3035560386.25,85134721.875,512096.5,0,9656710.625,618.02948,0.00537332148529358,0.1013258451846,1.02556229827836,"E1","unpinned"
"E1_AD_Stan_N50000_chunks1_chains4_tpc1_unpinned","Laptop","AD_Stan",50000,1,4,1,2,10,3.16,10.637,0.934625,4.27979136017119,1.37750289300863,2207538705.15625,3040890952.78125,74618159.40625,654993.84375,0,23261577,1488.740928,0.00664733989820812,0.236074904157968,6.37150056118764,"E1","unpinned"
"E1_AD_Stan_N50000_chunks1_chains8_tpc1_unpinned","Laptop","AD_Stan",50000,1,8,1,2,10,5.309,21.235,1.99075,4.0185859600653,0.662324863219894,4589603682.625,3039808631.32812,68765343.9375,998849.0625,0,25276535.65625,1617.698282,0.0105096949131431,0.265954775532834,6.50085960366696,"E1","unpinned"
"E1_AD_Stan_N50000_chunks1_chains16_tpc1_unpinned","Laptop","AD_Stan",50000,1,16,1,2,10,10.232,42.763,4.066375,3.93470843195721,0.454846300064294,6683153397.71094,3039807595.71094,69798799.3515625,849706.0546875,0,25046570.6953125,1602.9805245,0.00887930799893712,0.261733118522527,6.30726098601334,"E1","unpinned"
"E1_AD_Stan_tape_chunked_N50000_chunks10_chains1_tpc1_unpinned","Laptop","AD_Stan_tape_chunked",50000,10,1,1,2,10,2.318,8.51599999999999,0.774749999999999,1.29073894804776,2.13131449068824,1851982665.625,3947157491.75,102944483.625,2573863.875,0,6199787.25,396.786384,0.0230389084167913,0.0554949047786532,0.512147639883834,"E1","unpinned"
"E1_AD_Stan_tape_chunked_N50000_chunks10_chains4_tpc1_unpinned","Laptop","AD_Stan_tape_chunked",50000,10,4,1,2,10,2.577,9.34100000000001,0.845500000000001,4.73092844470727,1.99788737142997,1975850693.40625,3947527148.1875,90061998.3125,3455628.875,0,13454826.53125,861.108898,0.0323039133428263,0.125778422981913,4.07384457953873,"E1","unpinned"
"E1_AD_Stan_tape_chunked_N50000_chunks10_chains8_tpc1_unpinned","Laptop","AD_Stan_tape_chunked",50000,10,8,1,2,10,3.99299999999999,16.478,1.560625,5.12615138165798,1.10000536427473,3591290184.42188,3950438467.53125,83519994.84375,4411270.109375,0,20397181,1305.419584,0.0407212535042163,0.188290165344254,6.69177840416499,"E1","unpinned"
"E1_AD_Stan_tape_chunked_N50000_chunks10_chains16_tpc1_unpinned","Laptop","AD_Stan_tape_chunked",50000,10,16,1,2,10,8.05799999999999,35.634,3.447,4.64171743545112,0.645630676484319,6118063334.00781,3950009369.10938,82643439.828125,5350484.578125,0,21966444.1484375,1405.8524255,0.0486582997897465,0.199766920001844,6.52556971511459,"E1","unpinned"
"E1_AD_Stan_tape_chunked_N50000_chunks50_chains1_tpc1_unpinned","Laptop","AD_Stan_tape_chunked",50000,50,1,1,2,10,2.13100000000001,7.798,0.708374999999999,1.41168166578437,2.37258679138333,1683038385.625,3993154643.125,98317480,4148687.25,0,4795832.625,306.933288,0.0386780710301389,0.0447113854914967,0.433292095288513,"E1","unpinned"
"E1_AD_Stan_tape_chunked_N50000_chunks50_chains4_tpc1_unpinned","Laptop","AD_Stan_tape_chunked",50000,50,4,1,2,10,2.43899999999999,9.06100000000001,0.827750000000003,4.83237692540017,2.07363853361753,1923945192.6875,3989566888.125,90557367.34375,2915204.625,0,12548993.375,803.135576,0.0274963363873013,0.118362649469595,3.88105382543037,"E1","unpinned"
"E1_AD_Stan_tape_chunked_N50000_chunks50_chains8_tpc1_unpinned","Laptop","AD_Stan_tape_chunked",50000,50,8,1,2,10,3.607,14.716,1.388625,5.76109460797552,1.25111886080823,3192544701.04688,3994252889.45312,83446733.0625,3711602.65625,0,19509981.046875,1248.638787,0.0347957366235117,0.182903242860229,7.19352618309479,"E1","unpinned"
"E1_AD_Stan_tape_chunked_N50000_chunks50_chains16_tpc1_unpinned","Laptop","AD_Stan_tape_chunked",50000,50,16,1,2,10,7.18799999999999,31.26,3.009,5.31738118976404,0.724175511457058,5516411662.00781,3994850236.74219,86800468.328125,5773465.8984375,0,20681962.6328125,1323.6456085,0.0509771769818411,0.182612678070904,7.03832826055168,"E1","unpinned"
"E1_AD_Stan_tape_chunked_N50000_chunks250_chains1_tpc1_unpinned","Laptop","AD_Stan_tape_chunked",50000,250,1,1,2,10,2.13199999999999,7.881,0.718625000000001,1.39154635588798,2.42059447621033,1714178750.625,4149331615,80943074.625,11184124.125,0,1309213.625,83.789672,0.119697705002985,0.0140118139355091,0.116597212732649,"E1","unpinned"
"E1_AD_Stan_tape_chunked_N50000_chunks250_chains4_tpc1_unpinned","Laptop","AD_Stan_tape_chunked",50000,250,4,1,2,10,2.309,8.35299999999998,0.755499999999998,5.29450694904039,2.38426462889859,1747972558.78125,4167629144.1875,79040948.90625,9221761.125,0,3641721.40625,233.07017,0.100340766824408,0.0396250904258797,1.23399163467902,"E1","unpinned"
"E1_AD_Stan_tape_chunked_N50000_chunks250_chains8_tpc1_unpinned","Laptop","AD_Stan_tape_chunked",50000,250,8,1,2,10,2.84899999999999,10.79,0.992625000000001,8.05943835788942,1.84973116658214,2255933014.71875,4172869607.04688,73341582.734375,7439077.203125,0,12965922.390625,829.819033,0.0793530496619843,0.138308214215667,6.68787534466691,"E1","unpinned"
"E1_AD_Stan_tape_chunked_N50000_chunks250_chains16_tpc1_unpinned","Laptop","AD_Stan_tape_chunked",50000,250,16,1,2,10,6.51300000000001,28.382,2.733625,5.85303397503315,0.783752073847143,5328338418.36719,4176096285.55469,80427554,6033167.8828125,0,25572093.8515625,1636.6140065,0.0538517919349352,0.228255388244395,9.57915738405963,"E1","unpinned"
"E1_AD_Stan_tape_chunked_N50000_chunks500_chains1_tpc1_unpinned","Laptop","AD_Stan_tape_chunked",50000,500,1,1,2,10,2.15000000000001,8.11200000000002,0.745250000000001,1.34183160013418,2.40772413082808,1778700119.25,4282619198.625,74234649.375,15357962.375,0,1269740.375,81.263384,0.169024486113588,0.0139743286994509,0.109041776585038,"E1","unpinned"
"E1_AD_Stan_tape_chunked_N50000_chunks500_chains4_tpc1_unpinned","Laptop","AD_Stan_tape_chunked",50000,500,4,1,2,10,2.30400000000002,8.322,0.752249999999997,5.31738118976406,2.45207044762779,1751805891.09375,4295551455.53125,73586190.90625,14847973.84375,0,1149750.53125,73.584034,0.16574374760396,0.0128343411609142,0.391274358258559,"E1","unpinned"
"E1_AD_Stan_tape_chunked_N50000_chunks500_chains8_tpc1_unpinned","Laptop","AD_Stan_tape_chunked",50000,500,8,1,2,10,2.50800000000001,9.11599999999999,0.825999999999998,9.6852300242131,2.29691020395491,1871769045.89062,4299285420.95312,73168085.875,14791621.8125,0,3363588.0625,215.269636,0.161969864217258,0.0368316543426982,2.08493594188863,"E1","unpinned"
"E1_AD_Stan_tape_chunked_N50000_chunks500_chains16_tpc1_unpinned","Laptop","AD_Stan_tape_chunked",50000,500,16,1,2,10,4.90199999999999,19.944,1.88025,8.50950671453264,1.1251306306685,3822736795.50781,4301078261.60938,61595219.21875,25162471.734375,0,24155782.296875,1545.970067,0.226865781018854,0.217789431608797,13.155442665603,"E1","unpinned"
"E1_AD_Stan_N10000_chunks1_chains1_tpc1_unpinned","Laptop","AD_Stan",10000,1,1,1,2,30,0.462,3.738,0.117,8.54700854700855,2.22038378888912,273250261.428571,606720450.785714,17488040.8928571,228457.178571429,0,1337889.14285714,85.6249051428571,0.0119897415751133,0.0702142308651145,0.731836796092796,"E1","unpinned"
"E1_AD_Stan_N10000_chunks1_chains4_tpc1_unpinned","Laptop","AD_Stan",10000,1,4,1,2,30,0.551000000000002,5.228,0.167035714285714,23.9469745563395,1.63871080256058,372069113.901786,609713676.25,15509549.0535714,290970.428571429,0,3365020.38392857,215.361304571429,0.0151819583797131,0.175576602978225,5.15725168099209,"E1","unpinned"
"E1_AD_Stan_N10000_chunks1_chains8_tpc1_unpinned","Laptop","AD_Stan",10000,1,8,1,2,30,0.895,10.207,0.332571428571429,24.0549828178694,0.819009588822013,743689122.089286,609088522.09375,14435197.5267857,620404.727678571,0,4090544.32142857,261.794836571429,0.0324036340795453,0.213648438614746,6.29747029553265,"E1","unpinned"
"E1_AD_Stan_N10000_chunks1_chains16_tpc1_unpinned","Laptop","AD_Stan",10000,1,16,1,2,30,1.801,21.575,0.706214285714286,22.6560129462931,0.487970967874668,1246946516.02009,608473698.310268,14561170.6651786,674424.756696429,0,4090770.4375,261.809308,0.0348966154114936,0.211667856609245,5.93155507150804,"E1","unpinned"
"E1_AD_Stan_tape_chunked_N10000_chunks4_chains1_tpc1_unpinned","Laptop","AD_Stan_tape_chunked",10000,4,1,1,2,30,0.430999999999997,4.473,0.144357142857143,6.92726373082632,2.3559190334085,334479056.642857,788005575.821429,19870127.3214286,569221.714285714,0,1121386.67857143,71.7687474285714,0.0264008483675517,0.0520105943244052,0.497161041068778,"E1","unpinned"
"E1_AD_Stan_tape_chunked_N10000_chunks4_chains4_tpc1_unpinned","Laptop","AD_Stan_tape_chunked",10000,4,4,1,2,30,0.497,5.447,0.176785714285714,22.6262626262626,2.0094722961632,394058720.026786,791850080.955357,18411163.0803571,665324.428571429,0,2571048.53571429,164.547106285714,0.0307344183282271,0.118768645559112,3.72308604121212,"E1","unpinned"
"E1_AD_Stan_tape_chunked_N10000_chunks4_chains8_tpc1_unpinned","Laptop","AD_Stan_tape_chunked",10000,4,8,1,2,30,0.803000000000001,9.424,0.307892857142857,25.9830646096741,1.13903481772552,694652805.348214,791233731.522321,16723822.3303571,830698.941964286,0,3916899.88392857,250.681592571429,0.0386885868391847,0.182423876623016,6.51347601623942,"E1","unpinned"
"E1_AD_Stan_tape_chunked_N10000_chunks4_chains16_tpc1_unpinned","Laptop","AD_Stan_tape_chunked",10000,4,16,1,2,30,1.686,20.215,0.66175,24.1783150736683,0.673730126677569,1173927108.73214,790910059.676339,16541416.3303571,1099399.53348214,0,4182852.40401786,267.702553857143,0.0503764775008694,0.191665871780985,6.47259669318366,"E1","unpinned"
"E1_AD_Stan_tape_chunked_N10000_chunks25_chains1_tpc1_unpinned","Laptop","AD_Stan_tape_chunked",10000,25,1,1,2,30,0.407,4.403,0.142714285714286,7.00700700700701,2.43786559029206,333216173.571429,812336243.678571,17761321.7857143,1717626.32142857,0,222577.142857143,14.2449371428571,0.0871824033740013,0.0112974574319896,0.0998143743743744,"E1","unpinned"
"E1_AD_Stan_tape_chunked_N10000_chunks25_chains4_tpc1_unpinned","Laptop","AD_Stan_tape_chunked",10000,25,4,1,2,30,0.449000000000002,5.149,0.167857142857143,23.8297872340426,2.18134167211075,374681669.9375,817308740.410714,16905865.7857143,1046299.20535714,0,1743547.99107143,111.587071428571,0.0531231952001825,0.0885242383787893,2.65909617021277,"E1","unpinned"
"E1_AD_Stan_tape_chunked_N10000_chunks25_chains8_tpc1_unpinned","Laptop","AD_Stan_tape_chunked",10000,25,8,1,2,30,0.673999999999999,7.44,0.241642857142857,33.1067100206917,1.49889093880991,544927983.303571,816787616.477679,15414015.9419643,902211.705357143,0,3629338.95982143,232.277693428571,0.0452336964463093,0.181962188956903,7.68995024061484,"E1","unpinned"
"E1_AD_Stan_tape_chunked_N10000_chunks25_chains16_tpc1_unpinned","Laptop","AD_Stan_tape_chunked",10000,25,16,1,2,30,1.472,17.412,0.569285714285714,28.1053952321205,0.74919666463328,1089964001.85045,816597394.756696,16967213.8325893,1116196.01116071,0,4617540.57366071,295.522596714286,0.0491695717860622,0.203407367918801,8.30577938067754,"E1","unpinned"
"E1_AD_Stan_tape_chunked_N10000_chunks100_chains1_tpc1_unpinned","Laptop","AD_Stan_tape_chunked",10000,100,1,1,2,30,0.424999999999997,4.762,0.154892857142857,6.4560756283145,2.41187963249013,361911148.285714,872886127.321429,14994637.6785714,3253923.60714286,0,136157.392857143,8.71407314285714,0.176990666217564,0.00740600904684188,0.0562587152409499,"E1","unpinned"
"E1_AD_Stan_tape_chunked_N10000_chunks100_chains4_tpc1_unpinned","Laptop","AD_Stan_tape_chunked",10000,100,4,1,2,30,0.439,5.001,0.162928571428571,24.5506356861026,2.41747578993091,363688396.517857,879207893.660714,15005020.9910714,3175389.76785714,0,215295.223214286,13.7788942857143,0.172615814306859,0.0117035586143461,0.338280613765892,"E1","unpinned"
"E1_AD_Stan_tape_chunked_N10000_chunks100_chains8_tpc1_unpinned","Laptop","AD_Stan_tape_chunked",10000,100,8,1,2,30,0.510000000000002,5.211,0.167892857142857,47.649436290151,2.3547048349877,373241896.964286,878874499.401786,14952663.6339286,3196843.49553571,0,333142.5625,21.321124,0.17296456670526,0.0180246105429808,1.01593953967241,"E1","unpinned"
"E1_AD_Stan_tape_chunked_N10000_chunks100_chains16_tpc1_unpinned","Laptop","AD_Stan_tape_chunked",10000,100,16,1,2,30,0.998000000000001,10.431,0.336892857142857,47.4928442701156,1.28092166348966,685651543.801339,878265916.060268,13706786.1316964,5305132.00446429,0,3380816.32366071,216.372244714286,0.236913094020881,0.150978270640721,10.2761333225909,"E1","unpinned"
"E4_MD_BayesMVP_N50000_chunks1_chains8_tpc1_physical_cores_only","Laptop","MD_BayesMVP",50000,1,8,1,2,20,6.67500000000001,65.402,3.26261111111111,2.45202377100822,0.20507134350757,7500476787.45139,1538132851.75,169232050.3125,16127287.1805556,0,64139188.4722222,4104.90806222222,0.0646388074565216,0.257072414452454,10.0653321463722,"E4","physical_cores_only"
"E4_MD_BayesMVP_N50000_chunks25_chains8_tpc1_physical_cores_only","Laptop","MD_BayesMVP",50000,25,8,1,2,20,1.214,11.282,0.559333333333333,14.3027413587604,1.26996860700289,1237682813.28472,1571818318.29861,219319546.479167,10871507.2430556,0,8246230.59722222,527.758758222222,0.045594829156377,0.0345844846403065,7.54839701867302,"E4","physical_cores_only"
"E4_MD_BayesMVP_N50000_chunks500_chains8_tpc1_physical_cores_only","Laptop","MD_BayesMVP",50000,500,8,1,2,20,0.831999999999994,7.47799999999999,0.369222222222222,21.6671682214866,2.61837831598606,835112286.326389,2186639901.93056,83853470.2152778,1649570.71527778,0,2309018.74305556,147.777199555556,0.0187852411321301,0.0262950072192584,3.20191344207042,"E4","physical_cores_only"
"E4_AD_Stan_N50000_chunks1_chains8_tpc1_physical_cores_only","Laptop","AD_Stan",50000,1,8,1,2,10,5.26499999999999,21.256,1.998875,4.00225126633731,0.667937805800029,4550308426.17188,3039323025.89062,68457699.59375,1020555.96875,0,25217265.421875,1613.904987,0.0107772359045196,0.266298396795725,6.45925327796885,"E4","physical_cores_only"
"E4_AD_Stan_tape_chunked_N50000_chunks250_chains8_tpc1_physical_cores_only","Laptop","AD_Stan_tape_chunked",50000,250,8,1,2,10,2.81900000000002,10.684,0.983124999999997,8.13731722822634,1.86679143855288,2237028200.8125,4176065093.07812,73407673.421875,7547120.203125,0,12565429.171875,804.187467,0.0807004087182007,0.134360556423898,6.5439285299428,"E4","physical_cores_only"
