"panel","implementation","device","chains","column","value_unrounded","value_as_printed","value_in_paper","match","chunks","threads_per_chain","placement","source_case_label"
"A","BayesMVP, 1 chunk","HPC",8,"Throughput",30.9677419354839,"31.0","31.0",TRUE,1,1,"unpinned","E5_MD_BayesMVP_N50000_chunks1_chains8_tpc1_unpinned"
"A","BayesMVP, 1 chunk","HPC",8,"IPC",0.858387384565156,"0.86","0.86",TRUE,1,1,"unpinned","E5_MD_BayesMVP_N50000_chunks1_chains8_tpc1_unpinned"
"A","BayesMVP, 1 chunk","HPC",8,"DRAM traffic (GB/s)",112.870117849463,"113","113",TRUE,1,1,"unpinned","E5_MD_BayesMVP_N50000_chunks1_chains8_tpc1_unpinned"
"A","BayesMVP, 1 chunk","HPC",8,"DRAM reads per chain-iteration (GB)",2.25439023333333,"2.25","2.25",TRUE,1,1,"unpinned","E5_MD_BayesMVP_N50000_chunks1_chains8_tpc1_unpinned"
"A","BayesMVP, 1 chunk","HPC",96,"Throughput",35.3143137415188,"35.3","35.3",TRUE,1,1,"unpinned","E5_MD_BayesMVP_N50000_chunks1_chains96_tpc1_unpinned"
"A","BayesMVP, 1 chunk","HPC",96,"IPC",0.0858417753254776,"0.09","0.09",TRUE,1,1,"unpinned","E5_MD_BayesMVP_N50000_chunks1_chains96_tpc1_unpinned"
"A","BayesMVP, 1 chunk","HPC",96,"DRAM traffic (GB/s)",346.251174370964,"346","346",TRUE,1,1,"unpinned","E5_MD_BayesMVP_N50000_chunks1_chains96_tpc1_unpinned"
"A","BayesMVP, 1 chunk","HPC",96,"DRAM reads per chain-iteration (GB)",7.06662018107407,"7.07","7.07",TRUE,1,1,"unpinned","E5_MD_BayesMVP_N50000_chunks1_chains96_tpc1_unpinned"
"A","BayesMVP, 1 chunk","HPC",180,"Throughput",26.8848432547256,"26.9","26.9",TRUE,1,1,"unpinned","E5_MD_BayesMVP_N50000_chunks1_chains180_tpc1_unpinned"
"A","BayesMVP, 1 chunk","HPC",180,"IPC",0.0335068637582547,"0.03","0.03",TRUE,1,1,"unpinned","E5_MD_BayesMVP_N50000_chunks1_chains180_tpc1_unpinned"
"A","BayesMVP, 1 chunk","HPC",180,"DRAM traffic (GB/s)",357.026314566474,"357","357",TRUE,1,1,"unpinned","E5_MD_BayesMVP_N50000_chunks1_chains180_tpc1_unpinned"
"A","BayesMVP, 1 chunk","HPC",180,"DRAM reads per chain-iteration (GB)",9.34772529603951,"9.35","9.35",TRUE,1,1,"unpinned","E5_MD_BayesMVP_N50000_chunks1_chains180_tpc1_unpinned"
"A","BayesMVP, 100 chunks","HPC",8,"Throughput",46.08,"46.1","46.1",TRUE,100,1,"unpinned","E5_MD_BayesMVP_N50000_chunks100_chains8_tpc1_unpinned"
"A","BayesMVP, 100 chunks","HPC",8,"IPC",1.62900956401652,"1.63","1.63",TRUE,100,1,"unpinned","E5_MD_BayesMVP_N50000_chunks100_chains8_tpc1_unpinned"
"A","BayesMVP, 100 chunks","HPC",8,"DRAM traffic (GB/s)",12.03351851008,"12","12",TRUE,100,1,"unpinned","E5_MD_BayesMVP_N50000_chunks100_chains8_tpc1_unpinned"
"A","BayesMVP, 100 chunks","HPC",8,"DRAM reads per chain-iteration (GB)",0.208123799555556,"0.21","0.21",TRUE,100,1,"unpinned","E5_MD_BayesMVP_N50000_chunks100_chains8_tpc1_unpinned"
"A","BayesMVP, 100 chunks","HPC",96,"Throughput",292.682926829267,"292.7","292.7",TRUE,100,1,"unpinned","E5_MD_BayesMVP_N50000_chunks100_chains96_tpc1_unpinned"
"A","BayesMVP, 100 chunks","HPC",96,"IPC",1.49910950856164,"1.50","1.50",TRUE,100,1,"unpinned","E5_MD_BayesMVP_N50000_chunks100_chains96_tpc1_unpinned"
"A","BayesMVP, 100 chunks","HPC",96,"DRAM traffic (GB/s)",110.437518124661,"110","110",TRUE,100,1,"unpinned","E5_MD_BayesMVP_N50000_chunks100_chains96_tpc1_unpinned"
"A","BayesMVP, 100 chunks","HPC",96,"DRAM reads per chain-iteration (GB)",0.248039912666667,"0.25","0.25",TRUE,100,1,"unpinned","E5_MD_BayesMVP_N50000_chunks100_chains96_tpc1_unpinned"
"A","BayesMVP, 100 chunks","HPC",180,"Throughput",355.692172576572,"355.7","355.7",TRUE,100,1,"unpinned","E5_MD_BayesMVP_N50000_chunks100_chains180_tpc1_unpinned"
"A","BayesMVP, 100 chunks","HPC",180,"IPC",0.950701222845745,"0.95","0.95",TRUE,100,1,"unpinned","E5_MD_BayesMVP_N50000_chunks100_chains180_tpc1_unpinned"
"A","BayesMVP, 100 chunks","HPC",180,"DRAM traffic (GB/s)",158.683040031617,"159","159",TRUE,100,1,"unpinned","E5_MD_BayesMVP_N50000_chunks100_chains180_tpc1_unpinned"
"A","BayesMVP, 100 chunks","HPC",180,"DRAM reads per chain-iteration (GB)",0.294668416592593,"0.29","0.29",TRUE,100,1,"unpinned","E5_MD_BayesMVP_N50000_chunks100_chains180_tpc1_unpinned"
"A","BayesMVP, 500 chunks","HPC",8,"Throughput",40.7239819004525,"40.7","40.7",TRUE,500,1,"unpinned","E5_MD_BayesMVP_N50000_chunks500_chains8_tpc1_unpinned"
"A","BayesMVP, 500 chunks","HPC",8,"IPC",2.16453533460035,"2.16","2.16",TRUE,500,1,"unpinned","E5_MD_BayesMVP_N50000_chunks500_chains8_tpc1_unpinned"
"A","BayesMVP, 500 chunks","HPC",8,"DRAM traffic (GB/s)",9.4442450678733,"9","9",TRUE,500,1,"unpinned","E5_MD_BayesMVP_N50000_chunks500_chains8_tpc1_unpinned"
"A","BayesMVP, 500 chunks","HPC",8,"DRAM reads per chain-iteration (GB)",0.175917258666667,"0.18","0.18",TRUE,500,1,"unpinned","E5_MD_BayesMVP_N50000_chunks500_chains8_tpc1_unpinned"
"A","BayesMVP, 500 chunks","HPC",96,"Throughput",283.837056504599,"283.8","283.8",TRUE,500,1,"unpinned","E5_MD_BayesMVP_N50000_chunks500_chains96_tpc1_unpinned"
"A","BayesMVP, 500 chunks","HPC",96,"IPC",2.03826654932782,"2.04","2.04",TRUE,500,1,"unpinned","E5_MD_BayesMVP_N50000_chunks500_chains96_tpc1_unpinned"
"A","BayesMVP, 500 chunks","HPC",96,"DRAM traffic (GB/s)",95.2699968357423,"95","95",TRUE,500,1,"unpinned","E5_MD_BayesMVP_N50000_chunks500_chains96_tpc1_unpinned"
"A","BayesMVP, 500 chunks","HPC",96,"DRAM reads per chain-iteration (GB)",0.216696663333333,"0.22","0.22",TRUE,500,1,"unpinned","E5_MD_BayesMVP_N50000_chunks500_chains96_tpc1_unpinned"
"A","BayesMVP, 500 chunks","HPC",180,"Throughput",351.371868560894,"351.4","351.4",TRUE,500,1,"unpinned","E5_MD_BayesMVP_N50000_chunks500_chains180_tpc1_unpinned"
"A","BayesMVP, 500 chunks","HPC",180,"IPC",1.3480645357091,"1.35","1.35",TRUE,500,1,"unpinned","E5_MD_BayesMVP_N50000_chunks500_chains180_tpc1_unpinned"
"A","BayesMVP, 500 chunks","HPC",180,"DRAM traffic (GB/s)",133.38851966598,"133","133",TRUE,500,1,"unpinned","E5_MD_BayesMVP_N50000_chunks500_chains180_tpc1_unpinned"
"A","BayesMVP, 500 chunks","HPC",180,"DRAM reads per chain-iteration (GB)",0.246168916839506,"0.25","0.25",TRUE,500,1,"unpinned","E5_MD_BayesMVP_N50000_chunks500_chains180_tpc1_unpinned"
"A","Stan model, 1 chunk","HPC",8,"Throughput",25.2764612954185,"25.3","25.3",TRUE,1,1,"unpinned","E5_AD_Stan_N50000_chunks1_chains8_tpc1_unpinned"
"A","Stan model, 1 chunk","HPC",8,"IPC",2.34397264663798,"2.34","2.34",TRUE,1,1,"unpinned","E5_AD_Stan_N50000_chunks1_chains8_tpc1_unpinned"
"A","Stan model, 1 chunk","HPC",8,"DRAM traffic (GB/s)",149.721678432859,"150","150",TRUE,1,1,"unpinned","E5_AD_Stan_N50000_chunks1_chains8_tpc1_unpinned"
"A","Stan model, 1 chunk","HPC",8,"DRAM reads per chain-iteration (GB)",3.435940699,"3.44","3.44",TRUE,1,1,"unpinned","E5_AD_Stan_N50000_chunks1_chains8_tpc1_unpinned"
"A","Stan model, 1 chunk","HPC",96,"Throughput",42.806978429296,"42.8","42.8",TRUE,1,1,"unpinned","E5_AD_Stan_N50000_chunks1_chains96_tpc1_unpinned"
"A","Stan model, 1 chunk","HPC",96,"IPC",0.368032514344098,"0.37","0.37",TRUE,1,1,"unpinned","E5_AD_Stan_N50000_chunks1_chains96_tpc1_unpinned"
"A","Stan model, 1 chunk","HPC",96,"DRAM traffic (GB/s)",320.658548074689,"321","321",TRUE,1,1,"unpinned","E5_AD_Stan_N50000_chunks1_chains96_tpc1_unpinned"
"A","Stan model, 1 chunk","HPC",96,"DRAM reads per chain-iteration (GB)",4.76470153641667,"4.76","4.76",TRUE,1,1,"unpinned","E5_AD_Stan_N50000_chunks1_chains96_tpc1_unpinned"
"A","Stan model, 1 chunk","HPC",180,"Throughput",39.8715250858345,"39.9","39.9",TRUE,1,1,"unpinned","E5_AD_Stan_N50000_chunks1_chains180_tpc1_unpinned"
"A","Stan model, 1 chunk","HPC",180,"IPC",0.177700283795505,"0.18","0.18",TRUE,1,1,"unpinned","E5_AD_Stan_N50000_chunks1_chains180_tpc1_unpinned"
"A","Stan model, 1 chunk","HPC",180,"DRAM traffic (GB/s)",325.020910456529,"325","325",TRUE,1,1,"unpinned","E5_AD_Stan_N50000_chunks1_chains180_tpc1_unpinned"
"A","Stan model, 1 chunk","HPC",180,"DRAM reads per chain-iteration (GB)",5.40539664302222,"5.41","5.41",TRUE,1,1,"unpinned","E5_AD_Stan_N50000_chunks1_chains180_tpc1_unpinned"
"A","Stan model + tape chunking, 250 chunks","HPC",8,"Throughput",22.1990981616372,"22.2","22.2",TRUE,250,1,"unpinned","E5_AD_Stan_tape_chunked_N50000_chunks250_chains8_tpc1_unpinned"
"A","Stan model + tape chunking, 250 chunks","HPC",8,"IPC",3.10889594729459,"3.11","3.11",TRUE,250,1,"unpinned","E5_AD_Stan_tape_chunked_N50000_chunks250_chains8_tpc1_unpinned"
"A","Stan model + tape chunking, 250 chunks","HPC",8,"DRAM traffic (GB/s)",17.1406088213666,"17","17",TRUE,250,1,"unpinned","E5_AD_Stan_tape_chunked_N50000_chunks250_chains8_tpc1_unpinned"
"A","Stan model + tape chunking, 250 chunks","HPC",8,"DRAM reads per chain-iteration (GB)",0.59638232,"0.60","0.60",TRUE,250,1,"unpinned","E5_AD_Stan_tape_chunked_N50000_chunks250_chains8_tpc1_unpinned"
"A","Stan model + tape chunking, 250 chunks","HPC",96,"Throughput",128.149507759052,"128.1","128.1",TRUE,250,1,"unpinned","E5_AD_Stan_tape_chunked_N50000_chunks250_chains96_tpc1_unpinned"
"A","Stan model + tape chunking, 250 chunks","HPC",96,"IPC",2.84140634182008,"2.84","2.84",TRUE,250,1,"unpinned","E5_AD_Stan_tape_chunked_N50000_chunks250_chains96_tpc1_unpinned"
"A","Stan model + tape chunking, 250 chunks","HPC",96,"DRAM traffic (GB/s)",104.721098636409,"105","105",TRUE,250,1,"unpinned","E5_AD_Stan_tape_chunked_N50000_chunks250_chains96_tpc1_unpinned"
"A","Stan model + tape chunking, 250 chunks","HPC",96,"DRAM reads per chain-iteration (GB)",0.520974220583333,"0.52","0.52",TRUE,250,1,"unpinned","E5_AD_Stan_tape_chunked_N50000_chunks250_chains96_tpc1_unpinned"
"A","Stan model + tape chunking, 250 chunks","HPC",180,"Throughput",98.9758746305587,"99.0","99.0",TRUE,250,1,"unpinned","E5_AD_Stan_tape_chunked_N50000_chunks250_chains180_tpc1_unpinned"
"A","Stan model + tape chunking, 250 chunks","HPC",180,"IPC",0.973962573262037,"0.97","0.97",TRUE,250,1,"unpinned","E5_AD_Stan_tape_chunked_N50000_chunks250_chains180_tpc1_unpinned"
"A","Stan model + tape chunking, 250 chunks","HPC",180,"DRAM traffic (GB/s)",259.84889099402,"260","260",TRUE,250,1,"unpinned","E5_AD_Stan_tape_chunked_N50000_chunks250_chains180_tpc1_unpinned"
"A","Stan model + tape chunking, 250 chunks","HPC",180,"DRAM reads per chain-iteration (GB)",1.56740990191111,"1.57","1.57",TRUE,250,1,"unpinned","E5_AD_Stan_tape_chunked_N50000_chunks250_chains180_tpc1_unpinned"
"B","BayesMVP, 1 chunk","HPC",8,"One CCD",5.72724018613531,"5.7","5.7",TRUE,1,1,"oneCCD","E2_MD_BayesMVP_N50000_chunks1_chains8_tpc1_oneCCD"
"B","BayesMVP, 1 chunk","HPC",8,"Eight CCDs",30.4890959136141,"30.5","30.5",TRUE,1,1,"spread8CCD","E2_MD_BayesMVP_N50000_chunks1_chains8_tpc1_spread8CCD"
"B","BayesMVP, 500 chunks","HPC",8,"One CCD",44.7622008082064,"44.8","44.8",TRUE,500,1,"oneCCD","E2_MD_BayesMVP_N50000_chunks500_chains8_tpc1_oneCCD"
"B","BayesMVP, 500 chunks","HPC",8,"Eight CCDs",44.2396313364056,"44.2","44.2",TRUE,500,1,"spread8CCD","E2_MD_BayesMVP_N50000_chunks500_chains8_tpc1_spread8CCD"
"B","Stan model, 1 chunk","HPC",8,"One CCD",8.93355667225014,"8.9","8.9",TRUE,1,1,"oneCCD","E2_AD_Stan_N50000_chunks1_chains8_tpc1_oneCCD"
"B","Stan model, 1 chunk","HPC",8,"Eight CCDs",27.1071579839051,"27.1","27.1",TRUE,1,1,"spread8CCD","E2_AD_Stan_N50000_chunks1_chains8_tpc1_spread8CCD"
"B","Stan model + tape chunking, 250 chunks","HPC",8,"One CCD",21.724372029871,"21.7","21.7",TRUE,250,1,"oneCCD","E2_AD_Stan_tape_chunked_N50000_chunks250_chains8_tpc1_oneCCD"
"B","Stan model + tape chunking, 250 chunks","HPC",8,"Eight CCDs",22.654867256637,"22.7","22.7",TRUE,250,1,"spread8CCD","E2_AD_Stan_tape_chunked_N50000_chunks250_chains8_tpc1_spread8CCD"
"C","BayesMVP, local-HPC, one CCD","HPC",8,"8 chains x 1 thread (chunked)",44.7622008082064,"44.8","44.8",TRUE,500,1,"oneCCD","E2_MD_BayesMVP_N50000_chunks500_chains8_tpc1_oneCCD"
"C","BayesMVP, local-HPC, one CCD","HPC",1,"1 chain x 8 threads (chunking + WCP)",32.9670329670326,"33.0","33.0",TRUE,200,8,"oneCCD","E3_MD_BayesMVP_WCP_N50000_chunks200_chains1_tpc8_oneCCD"
"C","BayesMVP, local-HPC, one CCD","HPC",1,"1 chain x 8 threads (WCP-only)",15.8590308370043,"15.9","15.9",TRUE,8,8,"oneCCD","E3_MD_BayesMVP_WCP_N50000_chunks8_chains1_tpc8_oneCCD"
"C","BayesMVP, local-HPC, eight CCDs","HPC",8,"8 chains x 1 thread (chunked)",44.2396313364056,"44.2","44.2",TRUE,500,1,"spread8CCD","E2_MD_BayesMVP_N50000_chunks500_chains8_tpc1_spread8CCD"
"C","BayesMVP, local-HPC, eight CCDs","HPC",1,"1 chain x 8 threads (chunking + WCP)",22.6130653266332,"22.6","22.6",TRUE,200,8,"spread8CCD","E3_MD_BayesMVP_WCP_N50000_chunks200_chains1_tpc8_spread8CCD"
"C","BayesMVP, local-HPC, eight CCDs","HPC",1,"1 chain x 8 threads (WCP-only)",23.9680426098536,"24.0","24.0",TRUE,8,8,"spread8CCD","E3_MD_BayesMVP_WCP_N50000_chunks8_chains1_tpc8_spread8CCD"
"C","Stan model, local-HPC, one CCD","HPC",8,"8 chains x 1 thread (chunked)",21.724372029871,"21.7","21.7",TRUE,250,1,"oneCCD","E2_AD_Stan_tape_chunked_N50000_chunks250_chains8_tpc1_oneCCD"
"C","Stan model, local-HPC, one CCD","HPC",1,"1 chain x 8 threads (chunking + WCP)",16.4609053497946,"16.5","16.5",TRUE,250,8,"oneCCD","E3_AD_Stan_WCP_N50000_chunks250_chains1_tpc8_oneCCD"
"C","Stan model, local-HPC, one CCD","HPC",1,"1 chain x 8 threads (WCP-only)",8.79120879120869,"8.8","8.8",TRUE,8,8,"oneCCD","E3_AD_Stan_WCP_N50000_chunks8_chains1_tpc8_oneCCD"
"C","Stan model, local-HPC, eight CCDs","HPC",8,"8 chains x 1 thread (chunked)",22.654867256637,"22.7","22.7",TRUE,250,1,"spread8CCD","E2_AD_Stan_tape_chunked_N50000_chunks250_chains8_tpc1_spread8CCD"
"C","Stan model, local-HPC, eight CCDs","HPC",1,"1 chain x 8 threads (chunking + WCP)",13.2890365448504,"13.3","13.3",TRUE,250,8,"spread8CCD","E3_AD_Stan_WCP_N50000_chunks250_chains1_tpc8_spread8CCD"
"C","Stan model, local-HPC, eight CCDs","HPC",1,"1 chain x 8 threads (WCP-only)",13.559322033898,"13.6","13.6",TRUE,8,8,"spread8CCD","E3_AD_Stan_WCP_N50000_chunks8_chains1_tpc8_spread8CCD"
"C","BayesMVP, laptop","Laptop",8,"8 chains x 1 thread (chunked)",21.9044721630666,"21.9","21.9",TRUE,100,1,"unpinned","E1_MD_BayesMVP_N50000_chunks100_chains8_tpc1_unpinned"
"C","BayesMVP, laptop","Laptop",1,"1 chain x 8 threads (chunking + WCP)",14.4694533762058,"14.5","14.5",TRUE,200,8,"unpinned","E3_MD_BayesMVP_WCP_N50000_chunks200_chains1_tpc8_unpinned"
"C","BayesMVP, laptop","Laptop",1,"1 chain x 8 threads (WCP-only)",6.11828687967368,"6.1","6.1",TRUE,8,8,"unpinned","E3_MD_BayesMVP_WCP_N50000_chunks8_chains1_tpc8_unpinned"
"C","Stan model, laptop","Laptop",8,"8 chains x 1 thread (chunked)",9.6852300242131,"9.7","9.7",TRUE,500,1,"unpinned","E1_AD_Stan_tape_chunked_N50000_chunks500_chains8_tpc1_unpinned"
"C","Stan model, laptop","Laptop",1,"1 chain x 8 threads (chunking + WCP)",6.13967766692249,"6.1","6.1",TRUE,250,8,"unpinned","E3_AD_Stan_WCP_N50000_chunks250_chains1_tpc8_unpinned"
"C","Stan model, laptop","Laptop",1,"1 chain x 8 threads (WCP-only)",4.11522633744858,"4.1","4.1",TRUE,8,8,"unpinned","E3_AD_Stan_WCP_N50000_chunks8_chains1_tpc8_unpinned"
